0,train/bochum/bochum_000000_031687_leftImg8bit.png,3,757,318,1267,439
1,train/bochum/bochum_000000_031687_leftImg8bit.png,1,1656,349,1819,471
2,train/bochum/bochum_000000_031687_leftImg8bit.png,1,1778,307,2034,447
3,train/bochum/bochum_000000_031477_leftImg8bit.png,1,0,284,82,343
4,train/bochum/bochum_000000_031477_leftImg8bit.png,1,375,356,724,589
5,train/bochum/bochum_000000_006484_leftImg8bit.png,0,906,390,973,561
6,train/bochum/bochum_000000_006484_leftImg8bit.png,4,1071,415,1304,606
7,train/bochum/bochum_000000_006484_leftImg8bit.png,1,1544,402,1746,560
8,train/bochum/bochum_000000_007651_leftImg8bit.png,1,1233,388,1291,441
9,train/bochum/bochum_000000_007651_leftImg8bit.png,1,1249,388,1326,455
10,train/bochum/bochum_000000_007651_leftImg8bit.png,1,1299,376,1413,476
11,train/bochum/bochum_000000_007651_leftImg8bit.png,1,1350,381,1494,492
12,train/bochum/bochum_000000_007651_leftImg8bit.png,1,1350,381,1494,492
13,train/bochum/bochum_000000_007651_leftImg8bit.png,1,1423,377,1633,517
14,train/bochum/bochum_000000_007651_leftImg8bit.png,1,432,401,527,471
15,train/bochum/bochum_000000_007651_leftImg8bit.png,1,486,386,620,475
16,train/bochum/bochum_000000_007651_leftImg8bit.png,1,0,400,222,529
17,train/bochum/bochum_000000_000600_leftImg8bit.png,1,1037,368,1210,509
18,train/bochum/bochum_000000_000600_leftImg8bit.png,1,708,401,761,461
19,train/bochum/bochum_000000_000600_leftImg8bit.png,1,580,385,751,493
20,train/bochum/bochum_000000_000600_leftImg8bit.png,1,109,405,295,463
21,train/bochum/bochum_000000_000600_leftImg8bit.png,1,424,398,554,454
22,train/bochum/bochum_000000_035958_leftImg8bit.png,1,1185,390,1272,444
23,train/bochum/bochum_000000_035958_leftImg8bit.png,1,1240,384,1316,463
24,train/bochum/bochum_000000_035958_leftImg8bit.png,1,1252,370,1357,476
25,train/bochum/bochum_000000_035958_leftImg8bit.png,1,1337,379,1520,501
26,train/bochum/bochum_000000_035958_leftImg8bit.png,1,1612,360,2047,559
27,train/bochum/bochum_000000_035958_leftImg8bit.png,1,988,370,1165,515
28,train/bochum/bochum_000000_035958_leftImg8bit.png,1,668,405,736,457
29,train/bochum/bochum_000000_035958_leftImg8bit.png,1,624,403,703,458
30,train/bochum/bochum_000000_035958_leftImg8bit.png,1,588,400,662,469
31,train/bochum/bochum_000000_035958_leftImg8bit.png,1,468,356,619,482
32,train/bochum/bochum_000000_035958_leftImg8bit.png,5,496,397,572,510
33,train/bochum/bochum_000000_026634_leftImg8bit.png,1,734,417,1051,517
34,train/bochum/bochum_000000_021070_leftImg8bit.png,1,0,331,54,387
35,train/bochum/bochum_000000_021070_leftImg8bit.png,1,351,345,570,428
36,train/bochum/bochum_000000_021070_leftImg8bit.png,1,851,349,1071,482
37,train/bochum/bochum_000000_021070_leftImg8bit.png,1,1120,336,1407,449
38,train/bochum/bochum_000000_021070_leftImg8bit.png,1,1545,370,1648,442
39,train/bochum/bochum_000000_021070_leftImg8bit.png,1,1892,390,1950,446
40,train/bochum/bochum_000000_021070_leftImg8bit.png,1,1932,369,1998,450
41,train/bochum/bochum_000000_021070_leftImg8bit.png,1,1957,364,2047,454
42,train/bochum/bochum_000000_033331_leftImg8bit.png,1,784,354,1007,523
43,train/bochum/bochum_000000_033331_leftImg8bit.png,1,1209,368,1272,435
44,train/bochum/bochum_000000_033331_leftImg8bit.png,1,898,321,1308,656
45,train/bochum/bochum_000000_033331_leftImg8bit.png,1,243,104,670,626
46,train/bochum/bochum_000000_014332_leftImg8bit.png,1,877,358,959,427
47,train/bochum/bochum_000000_014332_leftImg8bit.png,1,344,362,448,429
48,train/bochum/bochum_000000_014332_leftImg8bit.png,1,114,399,228,455
49,train/bochum/bochum_000000_014332_leftImg8bit.png,1,0,404,155,498
50,train/bochum/bochum_000000_014332_leftImg8bit.png,1,726,382,863,451
51,train/bochum/bochum_000000_017216_leftImg8bit.png,1,839,377,917,453
52,train/bochum/bochum_000000_017216_leftImg8bit.png,1,839,392,910,459
53,train/bochum/bochum_000000_017216_leftImg8bit.png,1,767,375,870,468
54,train/bochum/bochum_000000_017216_leftImg8bit.png,1,763,386,840,481
55,train/bochum/bochum_000000_017216_leftImg8bit.png,1,571,379,726,511
56,train/bochum/bochum_000000_017216_leftImg8bit.png,1,220,379,620,588
57,train/bochum/bochum_000000_024717_leftImg8bit.png,1,1540,335,1892,605
58,train/bochum/bochum_000000_024717_leftImg8bit.png,1,1594,297,2047,705
59,train/bochum/bochum_000000_037223_leftImg8bit.png,1,695,404,797,472
60,train/bochum/bochum_000000_037223_leftImg8bit.png,1,412,398,511,488
61,train/bochum/bochum_000000_037223_leftImg8bit.png,1,333,413,468,499
62,train/bochum/bochum_000000_037223_leftImg8bit.png,1,211,412,365,515
63,train/bochum/bochum_000000_037223_leftImg8bit.png,1,485,404,651,509
64,train/bochum/bochum_000000_037223_leftImg8bit.png,1,951,398,1029,458
65,train/bochum/bochum_000000_037223_leftImg8bit.png,1,1073,389,1139,456
66,train/bochum/bochum_000000_037223_leftImg8bit.png,1,1094,390,1181,460
67,train/bochum/bochum_000000_037223_leftImg8bit.png,1,1270,389,1362,452
68,train/bochum/bochum_000000_037223_leftImg8bit.png,1,0,395,144,560
69,train/bochum/bochum_000000_024855_leftImg8bit.png,1,1032,431,1090,484
70,train/bochum/bochum_000000_024855_leftImg8bit.png,1,1578,385,1845,491
71,train/bochum/bochum_000000_024855_leftImg8bit.png,1,0,382,469,739
72,train/bochum/bochum_000000_021479_leftImg8bit.png,1,733,393,789,445
73,train/bochum/bochum_000000_021479_leftImg8bit.png,1,687,399,751,453
74,train/bochum/bochum_000000_021479_leftImg8bit.png,1,613,383,710,459
75,train/bochum/bochum_000000_021479_leftImg8bit.png,1,551,396,666,470
76,train/bochum/bochum_000000_021479_leftImg8bit.png,1,1184,385,1245,438
77,train/bochum/bochum_000000_021479_leftImg8bit.png,1,1220,370,1326,454
78,train/bochum/bochum_000000_021479_leftImg8bit.png,1,1670,353,1914,469
79,train/bochum/bochum_000000_021479_leftImg8bit.png,1,1346,354,1679,491
80,train/bochum/bochum_000000_009554_leftImg8bit.png,1,125,449,203,513
81,train/bochum/bochum_000000_009554_leftImg8bit.png,1,216,449,324,509
82,train/bochum/bochum_000000_009554_leftImg8bit.png,1,353,440,493,510
83,train/bochum/bochum_000000_009554_leftImg8bit.png,0,1724,373,1778,513
84,train/bochum/bochum_000000_014803_leftImg8bit.png,5,371,393,550,523
85,train/bochum/bochum_000000_014803_leftImg8bit.png,1,0,343,444,913
86,train/bochum/bochum_000000_016591_leftImg8bit.png,0,358,399,458,527
87,train/bochum/bochum_000000_016591_leftImg8bit.png,0,256,406,320,480
88,train/bochum/bochum_000000_016591_leftImg8bit.png,0,322,405,383,473
89,train/bochum/bochum_000000_016591_leftImg8bit.png,0,470,403,535,483
90,train/bochum/bochum_000000_016591_leftImg8bit.png,0,475,405,548,529
91,train/bochum/bochum_000000_016591_leftImg8bit.png,0,440,407,531,522
92,train/bochum/bochum_000000_016591_leftImg8bit.png,0,574,399,626,493
93,train/bochum/bochum_000000_016591_leftImg8bit.png,0,1571,341,1636,496
94,train/bochum/bochum_000000_016591_leftImg8bit.png,1,1282,389,1346,451
95,train/bochum/bochum_000000_016591_leftImg8bit.png,1,1321,378,1440,474
96,train/bochum/bochum_000000_023648_leftImg8bit.png,1,182,345,366,445
97,train/bochum/bochum_000000_023648_leftImg8bit.png,1,0,348,336,452
98,train/bochum/bochum_000000_023648_leftImg8bit.png,1,814,278,1206,444
99,train/bochum/bochum_000000_023648_leftImg8bit.png,1,1606,344,1837,432
100,train/bochum/bochum_000000_023648_leftImg8bit.png,1,1900,341,2047,432
101,train/bochum/bochum_000000_023648_leftImg8bit.png,0,503,294,652,630
102,train/bochum/bochum_000000_023648_leftImg8bit.png,1,1466,352,1594,403
103,train/bochum/bochum_000000_023648_leftImg8bit.png,1,1237,345,1686,504
104,train/bochum/bochum_000000_003005_leftImg8bit.png,1,72,361,317,519
105,train/bochum/bochum_000000_003005_leftImg8bit.png,1,902,332,1038,439
106,train/bochum/bochum_000000_020673_leftImg8bit.png,1,703,342,867,449
107,train/bochum/bochum_000000_020673_leftImg8bit.png,1,1628,361,1805,466
108,train/bochum/bochum_000000_020673_leftImg8bit.png,1,1442,352,1552,404
109,train/bochum/bochum_000000_020673_leftImg8bit.png,1,1389,367,1764,598
110,train/bochum/bochum_000000_020673_leftImg8bit.png,1,1314,382,1410,455
111,train/bochum/bochum_000000_020673_leftImg8bit.png,1,1062,371,1171,424
112,train/bochum/bochum_000000_020673_leftImg8bit.png,1,1070,381,1194,478
113,train/bochum/bochum_000000_020673_leftImg8bit.png,1,227,309,509,471
114,train/bochum/bochum_000000_020673_leftImg8bit.png,1,0,377,113,492
115,train/bochum/bochum_000000_020673_leftImg8bit.png,1,386,377,576,483
116,train/bochum/bochum_000000_005537_leftImg8bit.png,1,1159,379,1255,449
117,train/bochum/bochum_000000_005537_leftImg8bit.png,1,1942,520,2047,899
118,train/bochum/bochum_000000_005537_leftImg8bit.png,1,504,404,626,488
119,train/bochum/bochum_000000_015645_leftImg8bit.png,1,1684,392,1771,460
120,train/bochum/bochum_000000_015645_leftImg8bit.png,1,1159,395,1275,466
121,train/bochum/bochum_000000_015645_leftImg8bit.png,4,961,423,1039,487
122,train/bochum/bochum_000000_017453_leftImg8bit.png,1,606,325,740,382
123,train/bochum/bochum_000000_017453_leftImg8bit.png,1,0,387,375,777
124,train/bochum/bochum_000000_017453_leftImg8bit.png,0,1308,369,1369,450
125,train/bochum/bochum_000000_017453_leftImg8bit.png,1,1010,346,2047,810
126,train/bochum/bochum_000000_000885_leftImg8bit.png,1,976,365,1301,629
127,train/bochum/bochum_000000_036606_leftImg8bit.png,1,1160,363,1242,427
128,train/bochum/bochum_000000_036606_leftImg8bit.png,1,1174,368,1270,435
129,train/bochum/bochum_000000_036606_leftImg8bit.png,1,1242,369,1320,440
130,train/bochum/bochum_000000_036606_leftImg8bit.png,1,1299,362,1400,456
131,train/bochum/bochum_000000_036606_leftImg8bit.png,1,1330,366,1483,468
132,train/bochum/bochum_000000_036606_leftImg8bit.png,1,458,388,558,458
133,train/bochum/bochum_000000_036606_leftImg8bit.png,1,185,330,403,498
134,train/bochum/bochum_000000_036606_leftImg8bit.png,1,16,399,228,522
135,train/bochum/bochum_000000_034936_leftImg8bit.png,1,1329,379,1430,476
136,train/bochum/bochum_000000_034936_leftImg8bit.png,1,1368,373,1560,490
137,train/bochum/bochum_000000_034936_leftImg8bit.png,1,1479,363,1673,534
138,train/bochum/bochum_000000_034936_leftImg8bit.png,1,1583,337,1895,569
139,train/bochum/bochum_000000_034936_leftImg8bit.png,1,741,400,826,458
140,train/bochum/bochum_000000_034936_leftImg8bit.png,1,84,425,307,552
141,train/bochum/bochum_000000_034936_leftImg8bit.png,1,0,425,106,569
142,train/bochum/bochum_000000_034936_leftImg8bit.png,1,1022,371,1250,548
143,train/bochum/bochum_000000_022210_leftImg8bit.png,1,1764,431,2047,521
144,train/bochum/bochum_000000_022210_leftImg8bit.png,1,1364,437,1528,511
145,train/bochum/bochum_000000_022210_leftImg8bit.png,1,1187,436,1352,511
146,train/bochum/bochum_000000_022210_leftImg8bit.png,1,1048,449,1188,508
147,train/bochum/bochum_000000_022210_leftImg8bit.png,1,252,448,306,540
148,train/bochum/bochum_000000_022210_leftImg8bit.png,1,190,448,303,561
149,train/bochum/bochum_000000_038022_leftImg8bit.png,1,205,394,341,478
150,train/bochum/bochum_000000_038022_leftImg8bit.png,1,0,382,64,504
151,train/bochum/bochum_000000_038022_leftImg8bit.png,4,159,412,221,477
152,train/bochum/bochum_000000_038022_leftImg8bit.png,1,454,406,512,461
153,train/bochum/bochum_000000_038022_leftImg8bit.png,1,391,403,486,462
154,train/bochum/bochum_000000_038022_leftImg8bit.png,1,1075,369,1181,467
155,train/bochum/bochum_000000_038022_leftImg8bit.png,1,1158,401,1272,476
156,train/bochum/bochum_000000_016125_leftImg8bit.png,0,1776,306,1873,538
157,train/bochum/bochum_000000_016125_leftImg8bit.png,0,1707,314,1793,532
158,train/bochum/bochum_000000_027057_leftImg8bit.png,1,752,386,928,509
159,train/bochum/bochum_000000_027057_leftImg8bit.png,1,979,316,1348,647
160,train/bochum/bochum_000000_008162_leftImg8bit.png,1,1163,395,1305,499
161,train/bochum/bochum_000000_008162_leftImg8bit.png,1,1230,380,1425,532
162,train/bochum/bochum_000000_008162_leftImg8bit.png,1,746,398,907,493
163,train/bochum/bochum_000000_008162_leftImg8bit.png,1,87,417,259,481
164,train/bochum/bochum_000000_001519_leftImg8bit.png,1,1426,307,1545,481
165,train/bochum/bochum_000000_001519_leftImg8bit.png,1,726,355,797,406
166,train/bochum/bochum_000000_001519_leftImg8bit.png,1,629,363,726,434
167,train/bochum/bochum_000000_001519_leftImg8bit.png,1,441,369,540,438
168,train/bochum/bochum_000000_001519_leftImg8bit.png,1,370,376,539,478
169,train/bochum/bochum_000000_016758_leftImg8bit.png,0,651,332,722,499
170,train/bochum/bochum_000000_016758_leftImg8bit.png,0,487,277,675,605
171,train/bochum/bochum_000000_016758_leftImg8bit.png,0,544,277,744,623
172,train/bochum/bochum_000000_016758_leftImg8bit.png,1,1899,430,2047,832
173,train/bochum/bochum_000000_016758_leftImg8bit.png,1,1122,376,1193,431
174,train/bochum/bochum_000000_016758_leftImg8bit.png,1,1127,382,1210,442
175,train/bochum/bochum_000000_016758_leftImg8bit.png,1,1202,365,1381,505
176,train/bochum/bochum_000000_016758_leftImg8bit.png,0,1353,330,1447,517
177,train/bochum/bochum_000000_033531_leftImg8bit.png,1,1015,400,1131,493
178,train/bochum/bochum_000000_021393_leftImg8bit.png,1,35,421,96,492
179,train/bochum/bochum_000000_021393_leftImg8bit.png,1,0,408,74,519
180,train/bochum/bochum_000000_021393_leftImg8bit.png,1,735,396,823,500
181,train/bochum/bochum_000000_021393_leftImg8bit.png,1,773,387,936,515
182,train/bochum/bochum_000000_016260_leftImg8bit.png,1,897,390,982,472
183,train/bochum/bochum_000000_016260_leftImg8bit.png,1,894,391,967,475
184,train/bochum/bochum_000000_016260_leftImg8bit.png,1,829,390,959,487
185,train/bochum/bochum_000000_016260_leftImg8bit.png,1,655,374,855,564
186,train/bochum/bochum_000000_016260_leftImg8bit.png,1,282,318,757,660
187,train/bochum/bochum_000000_016260_leftImg8bit.png,1,1017,394,1125,477
188,train/bochum/bochum_000000_016260_leftImg8bit.png,1,1484,342,2023,676
189,train/bochum/bochum_000000_025746_leftImg8bit.png,1,1159,399,1245,473
190,train/bochum/bochum_000000_025746_leftImg8bit.png,1,1205,393,1372,519
191,train/bochum/bochum_000000_025746_leftImg8bit.png,1,647,395,780,492
192,train/bochum/bochum_000000_025746_leftImg8bit.png,1,717,390,903,504
193,train/bochum/bochum_000000_015321_leftImg8bit.png,1,1134,411,1210,487
194,train/bochum/bochum_000000_015321_leftImg8bit.png,1,1163,404,1255,489
195,train/bochum/bochum_000000_015321_leftImg8bit.png,1,1200,399,1292,504
196,train/bochum/bochum_000000_015321_leftImg8bit.png,1,1241,389,1409,521
197,train/bochum/bochum_000000_015321_leftImg8bit.png,1,1320,392,1556,543
198,train/bochum/bochum_000000_015321_leftImg8bit.png,1,1441,383,1776,585
199,train/bochum/bochum_000000_015321_leftImg8bit.png,1,1638,351,2047,672
200,train/bochum/bochum_000000_015321_leftImg8bit.png,1,632,416,741,497
201,train/bochum/bochum_000000_015321_leftImg8bit.png,1,511,411,690,516
202,train/bochum/bochum_000000_015321_leftImg8bit.png,1,0,390,188,605
203,train/bochum/bochum_000000_004032_leftImg8bit.png,1,1282,366,1614,619
204,train/bochum/bochum_000000_004032_leftImg8bit.png,1,1430,352,2047,805
205,train/bochum/bochum_000000_004032_leftImg8bit.png,1,773,389,909,444
206,train/bochum/bochum_000000_006746_leftImg8bit.png,1,122,413,327,521
207,train/bochum/bochum_000000_006746_leftImg8bit.png,1,836,395,939,481
208,train/bochum/bochum_000000_006746_leftImg8bit.png,1,1409,329,1709,537
209,train/bochum/bochum_000000_006746_leftImg8bit.png,0,1583,325,1658,534
210,train/bochum/bochum_000000_011255_leftImg8bit.png,1,795,415,877,483
211,train/bochum/bochum_000000_011255_leftImg8bit.png,1,777,422,854,488
212,train/bochum/bochum_000000_011255_leftImg8bit.png,1,681,402,824,479
213,train/bochum/bochum_000000_011255_leftImg8bit.png,1,704,417,797,487
214,train/bochum/bochum_000000_011255_leftImg8bit.png,1,685,416,755,474
215,train/bochum/bochum_000000_011255_leftImg8bit.png,1,631,410,758,514
216,train/bochum/bochum_000000_011255_leftImg8bit.png,1,410,379,686,501
217,train/bochum/bochum_000000_011255_leftImg8bit.png,1,586,429,676,513
218,train/bochum/bochum_000000_011255_leftImg8bit.png,1,298,388,665,569
219,train/bochum/bochum_000000_011255_leftImg8bit.png,1,153,394,520,594
220,train/bochum/bochum_000000_011255_leftImg8bit.png,1,0,314,301,632
221,train/bochum/bochum_000000_011255_leftImg8bit.png,4,1284,423,1434,483
222,train/bochum/bochum_000000_011255_leftImg8bit.png,0,1747,354,1806,488
223,train/bochum/bochum_000000_001097_leftImg8bit.png,1,1358,353,1594,516
224,train/bochum/bochum_000000_010700_leftImg8bit.png,1,1300,354,1410,422
225,train/bochum/bochum_000000_010700_leftImg8bit.png,1,1480,342,1581,429
226,train/bochum/bochum_000000_010700_leftImg8bit.png,1,1355,339,1540,473
227,train/bochum/bochum_000000_010700_leftImg8bit.png,1,1621,326,1714,383
228,train/bochum/bochum_000000_010700_leftImg8bit.png,1,1860,329,2047,493
229,train/bochum/bochum_000000_014658_leftImg8bit.png,1,1366,385,1458,491
230,train/bochum/bochum_000000_014658_leftImg8bit.png,1,1404,378,1495,514
231,train/bochum/bochum_000000_014658_leftImg8bit.png,1,1439,366,1545,527
232,train/bochum/bochum_000000_014658_leftImg8bit.png,1,1473,355,1621,566
233,train/bochum/bochum_000000_014658_leftImg8bit.png,1,1516,240,2047,704
234,train/bochum/bochum_000000_019188_leftImg8bit.png,1,1366,310,1602,405
235,train/bochum/bochum_000000_019188_leftImg8bit.png,1,943,331,1153,424
236,train/bochum/bochum_000000_019188_leftImg8bit.png,1,97,344,338,462
237,train/bochum/bochum_000000_019188_leftImg8bit.png,1,0,333,141,486
238,train/bochum/bochum_000000_019188_leftImg8bit.png,1,224,334,600,525
239,train/bochum/bochum_000000_023435_leftImg8bit.png,1,995,372,1125,425
240,train/bochum/bochum_000000_023435_leftImg8bit.png,1,944,394,995,449
241,train/bochum/bochum_000000_023435_leftImg8bit.png,1,926,398,995,458
242,train/bochum/bochum_000000_023435_leftImg8bit.png,1,834,373,952,487
243,train/bochum/bochum_000000_023435_leftImg8bit.png,1,835,387,939,516
244,train/bochum/bochum_000000_023435_leftImg8bit.png,1,813,381,908,549
245,train/bochum/bochum_000000_023435_leftImg8bit.png,1,610,353,887,599
246,train/bochum/bochum_000000_023435_leftImg8bit.png,1,147,335,754,764
247,train/bochum/bochum_000000_023435_leftImg8bit.png,1,0,252,403,1023
248,train/bochum/bochum_000000_023435_leftImg8bit.png,1,1134,387,1231,461
249,train/bochum/bochum_000000_023435_leftImg8bit.png,1,1147,396,1248,473
250,train/bochum/bochum_000000_023435_leftImg8bit.png,1,1238,349,1406,528
251,train/bochum/bochum_000000_023435_leftImg8bit.png,1,1298,345,1524,559
252,train/bochum/bochum_000000_023435_leftImg8bit.png,1,1406,299,1876,670
253,train/bochum/bochum_000000_023435_leftImg8bit.png,1,1688,316,2047,869
254,train/bochum/bochum_000000_028764_leftImg8bit.png,1,1224,370,1339,439
255,train/bochum/bochum_000000_028764_leftImg8bit.png,1,1239,379,1333,439
256,train/bochum/bochum_000000_028764_leftImg8bit.png,1,1268,377,1328,439
257,train/bochum/bochum_000000_028764_leftImg8bit.png,1,1282,366,1399,436
258,train/bochum/bochum_000000_028764_leftImg8bit.png,1,1311,371,1412,432
259,train/bochum/bochum_000000_028764_leftImg8bit.png,1,1276,381,1461,478
260,train/bochum/bochum_000000_028764_leftImg8bit.png,1,1401,364,1597,487
261,train/bochum/bochum_000000_028764_leftImg8bit.png,1,1490,349,1838,505
262,train/bochum/bochum_000000_028764_leftImg8bit.png,1,1568,345,2025,558
263,train/bochum/bochum_000000_028764_leftImg8bit.png,1,1644,349,2047,571
264,train/bochum/bochum_000000_028764_leftImg8bit.png,1,1809,434,2017,617
265,train/bochum/bochum_000000_028764_leftImg8bit.png,1,1922,346,2047,630
266,train/bochum/bochum_000000_023040_leftImg8bit.png,1,1445,399,1557,495
267,train/bochum/bochum_000000_023040_leftImg8bit.png,1,1231,402,1288,463
268,train/bochum/bochum_000000_023040_leftImg8bit.png,1,1184,398,1264,469
269,train/bochum/bochum_000000_023040_leftImg8bit.png,1,1090,391,1203,480
270,train/bochum/bochum_000000_023040_leftImg8bit.png,1,983,385,1143,492
271,train/bochum/bochum_000000_023040_leftImg8bit.png,0,550,330,620,488
272,train/bochum/bochum_000000_023040_leftImg8bit.png,0,529,322,595,494
273,train/bochum/bochum_000000_023040_leftImg8bit.png,0,456,323,571,500
274,train/bochum/bochum_000000_030913_leftImg8bit.png,1,857,388,984,474
275,train/bochum/bochum_000000_030913_leftImg8bit.png,1,373,244,790,607
276,train/bochum/bochum_000000_030913_leftImg8bit.png,1,0,341,608,833
277,train/bochum/bochum_000000_001828_leftImg8bit.png,1,1289,373,1363,429
278,train/bochum/bochum_000000_001828_leftImg8bit.png,1,1348,369,1442,439
279,train/bochum/bochum_000000_001828_leftImg8bit.png,0,1583,351,1637,474
280,train/bochum/bochum_000000_001828_leftImg8bit.png,1,330,390,441,458
281,train/bochum/bochum_000000_001828_leftImg8bit.png,1,211,392,318,470
282,train/bochum/bochum_000000_001828_leftImg8bit.png,1,99,400,243,480
283,train/bochum/bochum_000000_009951_leftImg8bit.png,1,678,359,755,419
284,train/bochum/bochum_000000_009951_leftImg8bit.png,1,582,361,648,437
285,train/bochum/bochum_000000_009951_leftImg8bit.png,1,258,363,426,451
286,train/bochum/bochum_000000_009951_leftImg8bit.png,1,970,343,1144,423
287,train/bochum/bochum_000000_009951_leftImg8bit.png,1,1339,329,1401,382
288,train/bochum/bochum_000000_009951_leftImg8bit.png,1,1959,352,2047,500
289,train/bochum/bochum_000000_008448_leftImg8bit.png,1,351,427,449,493
290,train/bochum/bochum_000000_008448_leftImg8bit.png,1,150,424,215,493
291,train/bochum/bochum_000000_008448_leftImg8bit.png,1,25,403,159,502
292,train/bochum/bochum_000000_008448_leftImg8bit.png,1,0,418,100,533
293,train/bochum/bochum_000000_008448_leftImg8bit.png,1,164,402,325,508
294,train/bochum/bochum_000000_011711_leftImg8bit.png,1,0,400,96,481
295,train/bochum/bochum_000000_011711_leftImg8bit.png,1,553,377,658,459
296,train/bochum/bochum_000000_011711_leftImg8bit.png,1,710,344,789,427
297,train/bochum/bochum_000000_011711_leftImg8bit.png,1,1301,369,1569,468
298,train/bochum/bochum_000000_010562_leftImg8bit.png,1,1291,391,1393,467
299,train/bochum/bochum_000000_010562_leftImg8bit.png,1,1393,378,1564,500
300,train/bochum/bochum_000000_010562_leftImg8bit.png,1,1825,380,2047,734
301,train/bochum/bochum_000000_010562_leftImg8bit.png,1,642,407,726,465
302,train/bochum/bochum_000000_010562_leftImg8bit.png,1,437,415,536,472
303,train/bochum/bochum_000000_010562_leftImg8bit.png,1,397,417,471,474
304,train/bochum/bochum_000000_010562_leftImg8bit.png,1,332,414,437,487
305,train/bochum/bochum_000000_006026_leftImg8bit.png,1,0,338,409,584
306,train/bochum/bochum_000000_006026_leftImg8bit.png,1,522,387,728,466
307,train/bochum/bochum_000000_006026_leftImg8bit.png,0,687,346,749,503
308,train/bochum/bochum_000000_006026_leftImg8bit.png,0,686,340,791,505
309,train/bochum/bochum_000000_006026_leftImg8bit.png,1,815,312,1221,671
310,train/bochum/bochum_000000_032169_leftImg8bit.png,1,1150,375,1266,460
311,train/bochum/bochum_000000_032169_leftImg8bit.png,1,356,384,600,539
312,train/bochum/bochum_000000_032169_leftImg8bit.png,1,1064,373,1116,425
313,train/bochum/bochum_000000_032169_leftImg8bit.png,1,875,387,953,452
314,train/bochum/bochum_000000_032169_leftImg8bit.png,1,559,386,822,564
315,train/bochum/bochum_000000_018195_leftImg8bit.png,1,694,399,796,480
316,train/bochum/bochum_000000_018195_leftImg8bit.png,1,656,395,766,500
317,train/bochum/bochum_000000_018195_leftImg8bit.png,1,661,404,766,500
318,train/bochum/bochum_000000_018195_leftImg8bit.png,1,1289,365,1490,454
319,train/bochum/bochum_000000_018195_leftImg8bit.png,1,1297,378,1486,471
320,train/bochum/bochum_000000_018195_leftImg8bit.png,1,1317,375,1535,523
321,train/bochum/bochum_000000_018195_leftImg8bit.png,1,1400,374,1635,535
322,train/bochum/bochum_000000_018195_leftImg8bit.png,1,1480,374,1663,547
323,train/bochum/bochum_000000_018195_leftImg8bit.png,1,1593,346,2047,559
324,train/bochum/bochum_000000_018195_leftImg8bit.png,1,1630,334,2047,631
325,train/bochum/bochum_000000_018195_leftImg8bit.png,1,0,364,210,638
326,train/bochum/bochum_000000_018195_leftImg8bit.png,1,109,301,699,714
327,train/bochum/bochum_000000_038150_leftImg8bit.png,1,900,356,982,420
328,train/bochum/bochum_000000_038150_leftImg8bit.png,1,1375,370,1488,454
329,train/bochum/bochum_000000_005936_leftImg8bit.png,1,1023,390,1090,447
330,train/bochum/bochum_000000_005936_leftImg8bit.png,1,824,397,894,449
331,train/bochum/bochum_000000_005936_leftImg8bit.png,1,271,412,412,491
332,train/bochum/bochum_000000_005936_leftImg8bit.png,1,95,394,279,508
333,train/bochum/bochum_000000_005936_leftImg8bit.png,1,1254,365,1426,497
334,train/bochum/bochum_000000_005936_leftImg8bit.png,1,1405,331,1704,551
335,train/bochum/bochum_000000_005936_leftImg8bit.png,1,1574,279,2047,632
336,train/bochum/bochum_000000_000313_leftImg8bit.png,1,126,402,269,481
337,train/bochum/bochum_000000_000313_leftImg8bit.png,1,427,402,526,456
338,train/bochum/bochum_000000_000313_leftImg8bit.png,2,1260,0,1900,573
339,train/bochum/bochum_000000_037039_leftImg8bit.png,1,1311,391,1398,460
340,train/bochum/bochum_000000_037039_leftImg8bit.png,1,557,397,739,516
341,train/bochum/bochum_000000_037039_leftImg8bit.png,1,154,415,265,480
342,train/bochum/bochum_000000_037039_leftImg8bit.png,1,0,377,364,791
343,train/bochum/bochum_000000_027951_leftImg8bit.png,1,704,391,856,460
344,train/bochum/bochum_000000_027951_leftImg8bit.png,1,729,407,829,463
345,train/bochum/bochum_000000_027951_leftImg8bit.png,1,604,406,754,484
346,train/bochum/bochum_000000_027951_leftImg8bit.png,1,485,403,657,493
347,train/bochum/bochum_000000_027951_leftImg8bit.png,1,326,409,643,505
348,train/bochum/bochum_000000_027951_leftImg8bit.png,1,1172,397,1261,449
349,train/bochum/bochum_000000_027951_leftImg8bit.png,1,1180,395,1277,449
350,train/bochum/bochum_000000_027951_leftImg8bit.png,1,1294,382,1455,483
351,train/bochum/bochum_000000_027951_leftImg8bit.png,1,1388,373,1612,489
352,train/bochum/bochum_000000_033056_leftImg8bit.png,1,1373,318,1512,382
353,train/bochum/bochum_000000_033056_leftImg8bit.png,1,854,301,932,376
354,train/bochum/bochum_000000_033056_leftImg8bit.png,1,504,321,676,382
355,train/bochum/bochum_000000_033056_leftImg8bit.png,1,954,329,1127,460
356,train/bochum/bochum_000000_033056_leftImg8bit.png,1,1158,338,1236,420
357,train/bochum/bochum_000000_033056_leftImg8bit.png,1,1199,332,1346,444
358,train/bochum/bochum_000000_020899_leftImg8bit.png,1,1015,402,1079,453
359,train/bochum/bochum_000000_020899_leftImg8bit.png,1,1104,398,1168,458
360,train/bochum/bochum_000000_020899_leftImg8bit.png,1,1226,391,1308,456
361,train/bochum/bochum_000000_020899_leftImg8bit.png,1,1138,389,1245,474
362,train/bochum/bochum_000000_020899_leftImg8bit.png,1,1298,374,1422,467
363,train/bochum/bochum_000000_020899_leftImg8bit.png,1,1453,360,1680,501
364,train/bochum/bochum_000000_003674_leftImg8bit.png,1,1261,369,1318,474
365,train/bochum/bochum_000000_003674_leftImg8bit.png,1,1146,329,1288,487
366,train/bochum/bochum_000000_003674_leftImg8bit.png,1,1191,395,1259,502
367,train/bochum/bochum_000000_003674_leftImg8bit.png,1,1077,389,1246,528
368,train/bochum/bochum_000000_003674_leftImg8bit.png,1,1605,373,1815,573
369,train/bochum/bochum_000000_003674_leftImg8bit.png,1,1608,322,2047,954
370,train/bochum/bochum_000000_003674_leftImg8bit.png,0,849,352,913,525
371,train/bochum/bochum_000000_021606_leftImg8bit.png,1,1216,387,1276,446
372,train/bochum/bochum_000000_021606_leftImg8bit.png,1,1224,391,1317,452
373,train/bochum/bochum_000000_021606_leftImg8bit.png,1,1333,381,1508,498
374,train/bochum/bochum_000000_021606_leftImg8bit.png,1,1489,364,1784,553
375,train/bochum/bochum_000000_021606_leftImg8bit.png,1,1800,344,2047,698
376,train/bochum/bochum_000000_021606_leftImg8bit.png,1,698,403,773,457
377,train/bochum/bochum_000000_021606_leftImg8bit.png,1,633,400,713,467
378,train/bochum/bochum_000000_021606_leftImg8bit.png,4,177,427,301,504
379,train/bochum/bochum_000000_021606_leftImg8bit.png,1,0,432,113,513
380,train/bochum/bochum_000000_007950_leftImg8bit.png,1,737,401,805,453
381,train/bochum/bochum_000000_007950_leftImg8bit.png,1,694,402,773,460
382,train/bochum/bochum_000000_007950_leftImg8bit.png,1,541,402,741,464
383,train/bochum/bochum_000000_007950_leftImg8bit.png,2,1259,290,1317,416
384,train/bochum/bochum_000000_003245_leftImg8bit.png,1,717,410,785,468
385,train/bochum/bochum_000000_003245_leftImg8bit.png,1,670,413,752,477
386,train/bochum/bochum_000000_003245_leftImg8bit.png,1,629,429,746,497
387,train/bochum/bochum_000000_003245_leftImg8bit.png,1,278,385,531,566
388,train/bochum/bochum_000000_003245_leftImg8bit.png,1,136,389,497,601
389,train/bochum/bochum_000000_003245_leftImg8bit.png,1,181,475,422,650
390,train/bochum/bochum_000000_003245_leftImg8bit.png,1,0,373,281,709
391,train/bochum/bochum_000000_003245_leftImg8bit.png,0,1121,395,1193,524
392,train/bochum/bochum_000000_008804_leftImg8bit.png,1,261,438,353,505
393,train/bochum/bochum_000000_008804_leftImg8bit.png,1,991,406,1092,490
394,train/bochum/bochum_000000_008804_leftImg8bit.png,1,1143,404,1216,474
395,train/bochum/bochum_000000_008804_leftImg8bit.png,1,1158,409,1275,485
396,train/bochum/bochum_000000_008804_leftImg8bit.png,1,1317,404,1447,483
397,train/bochum/bochum_000000_008804_leftImg8bit.png,1,1433,395,1619,504
398,train/bochum/bochum_000000_008804_leftImg8bit.png,1,1608,379,1915,551
399,train/bochum/bochum_000000_013209_leftImg8bit.png,1,202,413,332,496
400,train/bochum/bochum_000000_013209_leftImg8bit.png,1,888,385,1057,466
401,train/bochum/bochum_000000_013209_leftImg8bit.png,1,572,394,801,475
402,train/bochum/bochum_000000_013209_leftImg8bit.png,1,0,391,269,537
403,train/bochum/bochum_000000_024196_leftImg8bit.png,1,68,375,583,566
404,train/bochum/bochum_000000_024196_leftImg8bit.png,1,1126,403,1188,454
405,train/bochum/bochum_000000_024196_leftImg8bit.png,1,817,337,1187,649
406,train/bochum/bochum_000000_024196_leftImg8bit.png,1,1191,400,1293,467
407,train/bochum/bochum_000000_028297_leftImg8bit.png,1,1074,392,1149,478
408,train/bochum/bochum_000000_028297_leftImg8bit.png,1,1087,389,1216,489
409,train/bochum/bochum_000000_028297_leftImg8bit.png,1,1488,276,1970,570
410,train/bochum/bochum_000000_028297_leftImg8bit.png,1,1553,325,1886,646
411,train/bochum/bochum_000000_028297_leftImg8bit.png,1,1724,282,2047,704
412,train/bochum/bochum_000000_028297_leftImg8bit.png,1,487,366,679,509
413,train/bochum/bochum_000000_028297_leftImg8bit.png,1,619,388,830,536
414,train/bochum/bochum_000000_028297_leftImg8bit.png,1,132,382,490,578
415,train/bochum/bochum_000000_023174_leftImg8bit.png,1,558,408,643,475
416,train/bochum/bochum_000000_023174_leftImg8bit.png,1,842,381,949,512
417,train/bochum/bochum_000000_023174_leftImg8bit.png,1,782,381,910,534
418,train/bochum/bochum_000000_023174_leftImg8bit.png,1,613,339,870,566
419,train/bochum/bochum_000000_024524_leftImg8bit.png,1,316,387,746,655
420,train/bochum/bochum_000000_024524_leftImg8bit.png,1,910,404,961,458
421,train/bochum/bochum_000000_024524_leftImg8bit.png,1,843,403,937,475
422,train/bochum/bochum_000000_022414_leftImg8bit.png,1,267,395,371,462
423,train/bochum/bochum_000000_022414_leftImg8bit.png,1,207,403,308,467
424,train/bochum/bochum_000000_022414_leftImg8bit.png,1,103,402,223,477
425,train/bochum/bochum_000000_022414_leftImg8bit.png,1,0,407,120,486
426,train/bochum/bochum_000000_022414_leftImg8bit.png,0,337,400,421,465
427,train/bochum/bochum_000000_022414_leftImg8bit.png,1,1267,374,1350,452
428,train/bochum/bochum_000000_022414_leftImg8bit.png,1,982,273,1326,613
429,train/bochum/bochum_000000_022414_leftImg8bit.png,1,1848,333,2047,643
430,train/bochum/bochum_000000_029721_leftImg8bit.png,1,728,330,865,426
431,train/bochum/bochum_000000_029721_leftImg8bit.png,1,736,379,862,498
432,train/bochum/bochum_000000_029721_leftImg8bit.png,1,607,368,816,527
433,train/bochum/bochum_000000_029721_leftImg8bit.png,1,970,388,1037,439
434,train/bochum/bochum_000000_029721_leftImg8bit.png,1,1000,387,1086,446
435,train/bochum/bochum_000000_029721_leftImg8bit.png,1,1070,383,1193,470
436,train/bochum/bochum_000000_029721_leftImg8bit.png,1,1143,376,1234,497
437,train/bochum/bochum_000000_029721_leftImg8bit.png,1,1173,362,1342,526
438,train/bochum/bochum_000000_029721_leftImg8bit.png,1,1253,345,1533,563
439,train/bochum/bochum_000000_002293_leftImg8bit.png,1,865,387,928,439
440,train/bochum/bochum_000000_002293_leftImg8bit.png,1,541,400,650,464
441,train/bochum/bochum_000000_002293_leftImg8bit.png,1,185,405,313,493
442,train/bochum/bochum_000000_002293_leftImg8bit.png,1,0,389,229,529
443,train/bochum/bochum_000000_002293_leftImg8bit.png,1,619,363,891,548
444,train/bochum/bochum_000000_002293_leftImg8bit.png,1,968,326,1269,599
445,train/bochum/bochum_000000_026056_leftImg8bit.png,1,800,374,852,469
446,train/bochum/bochum_000000_026056_leftImg8bit.png,1,316,362,609,557
447,train/bochum/bochum_000000_026056_leftImg8bit.png,1,1644,341,2047,700
448,train/bochum/bochum_000000_015038_leftImg8bit.png,3,1069,382,1144,448
449,train/bochum/bochum_000000_015038_leftImg8bit.png,1,1390,392,1602,551
450,train/bochum/bochum_000000_015038_leftImg8bit.png,1,1512,242,2019,637
451,train/bochum/bochum_000000_015038_leftImg8bit.png,1,1858,351,2047,731
452,train/bochum/bochum_000000_015038_leftImg8bit.png,1,125,377,271,441
453,train/bochum/bochum_000000_015038_leftImg8bit.png,1,590,379,763,510
454,train/bochum/bochum_000000_015038_leftImg8bit.png,0,500,355,562,503
455,train/bochum/bochum_000000_015038_leftImg8bit.png,1,113,345,537,619
456,train/bochum/bochum_000000_021325_leftImg8bit.png,1,680,391,852,511
457,train/bochum/bochum_000000_021325_leftImg8bit.png,1,1355,370,1422,431
458,train/bochum/bochum_000000_021325_leftImg8bit.png,1,1468,374,1603,467
459,train/bochum/bochum_000000_021325_leftImg8bit.png,1,1662,364,1960,520
460,train/bochum/bochum_000000_015880_leftImg8bit.png,1,1532,336,1781,525
461,train/bochum/bochum_000000_015880_leftImg8bit.png,1,1221,380,1300,458
462,train/bochum/bochum_000000_015880_leftImg8bit.png,1,1172,358,1637,559
463,train/bochum/bochum_000000_015880_leftImg8bit.png,1,498,371,618,508
464,train/bochum/bochum_000000_015880_leftImg8bit.png,1,241,350,543,544
465,train/bochum/bochum_000000_004748_leftImg8bit.png,1,216,370,314,446
466,train/bochum/bochum_000000_004748_leftImg8bit.png,1,804,351,899,404
467,train/bochum/bochum_000000_004748_leftImg8bit.png,1,916,358,1017,422
468,train/bochum/bochum_000000_004748_leftImg8bit.png,1,1149,370,1241,439
469,train/bochum/bochum_000000_004748_leftImg8bit.png,1,1224,373,1343,519
470,train/bochum/bochum_000000_004748_leftImg8bit.png,1,1224,373,1343,519
471,train/bochum/bochum_000000_004748_leftImg8bit.png,1,1243,361,1482,578
472,train/bochum/bochum_000000_004748_leftImg8bit.png,1,0,367,196,888
473,train/bochum/bochum_000000_004748_leftImg8bit.png,1,707,354,805,420
474,train/bochum/bochum_000000_004748_leftImg8bit.png,1,609,376,834,569
475,train/bochum/bochum_000000_004748_leftImg8bit.png,1,307,367,720,667
476,train/bochum/bochum_000000_004748_leftImg8bit.png,1,1362,341,1924,707
477,train/bochum/bochum_000000_025833_leftImg8bit.png,1,759,356,889,484
478,train/bochum/bochum_000000_025833_leftImg8bit.png,1,381,387,683,566
479,train/bochum/bochum_000000_025833_leftImg8bit.png,1,1191,395,1246,453
480,train/bochum/bochum_000000_025833_leftImg8bit.png,1,1213,403,1293,461
481,train/bochum/bochum_000000_025833_leftImg8bit.png,0,1569,353,1669,624
482,train/bochum/bochum_000000_025833_leftImg8bit.png,0,1972,333,2047,521
483,train/bochum/bochum_000000_025833_leftImg8bit.png,1,1922,483,2047,733
484,train/bochum/bochum_000000_029203_leftImg8bit.png,1,1313,368,1488,477
485,train/bochum/bochum_000000_029203_leftImg8bit.png,1,1356,401,1427,467
486,train/bochum/bochum_000000_029203_leftImg8bit.png,1,1388,382,1497,468
487,train/bochum/bochum_000000_029203_leftImg8bit.png,1,1421,395,1499,466
488,train/bochum/bochum_000000_029203_leftImg8bit.png,1,1428,368,1623,472
489,train/bochum/bochum_000000_029203_leftImg8bit.png,1,1489,405,1546,456
490,train/bochum/bochum_000000_029203_leftImg8bit.png,1,1499,359,2014,528
491,train/bochum/bochum_000000_029203_leftImg8bit.png,1,1328,370,1964,576
492,train/bochum/bochum_000000_027699_leftImg8bit.png,1,1291,369,1402,453
493,train/bochum/bochum_000000_020776_leftImg8bit.png,1,1587,381,1681,452
494,train/bochum/bochum_000000_020776_leftImg8bit.png,1,1443,385,1522,446
495,train/bochum/bochum_000000_020776_leftImg8bit.png,0,693,305,814,632
496,train/bochum/bochum_000000_020776_leftImg8bit.png,1,1017,402,1087,460
497,train/bochum/bochum_000000_020776_leftImg8bit.png,1,918,393,1034,463
498,train/bochum/bochum_000000_033714_leftImg8bit.png,1,1473,367,1563,431
499,train/bochum/bochum_000000_033714_leftImg8bit.png,1,1163,398,1261,472
500,train/bochum/bochum_000000_033714_leftImg8bit.png,1,1201,393,1326,482
501,train/bochum/bochum_000000_033714_leftImg8bit.png,1,1958,357,2047,422
502,train/bochum/bochum_000000_033714_leftImg8bit.png,1,1542,348,1950,583
503,train/bochum/bochum_000000_033714_leftImg8bit.png,1,943,403,1049,477
504,train/bochum/bochum_000000_007150_leftImg8bit.png,1,414,382,735,489
505,train/bochum/bochum_000000_007150_leftImg8bit.png,1,1100,371,1172,432
506,train/bochum/bochum_000000_007150_leftImg8bit.png,4,989,403,1142,498
507,train/bochum/bochum_000000_007150_leftImg8bit.png,1,1119,375,1181,438
508,train/bochum/bochum_000000_007150_leftImg8bit.png,1,1144,377,1238,446
509,train/bochum/bochum_000000_007150_leftImg8bit.png,1,1716,353,2035,495
510,train/bochum/bochum_000000_004229_leftImg8bit.png,1,0,348,247,612
511,train/bochum/bochum_000000_004229_leftImg8bit.png,1,1136,315,1693,590
512,train/bochum/bochum_000000_024343_leftImg8bit.png,0,323,328,390,438
513,train/bochum/bochum_000000_024343_leftImg8bit.png,1,0,280,354,646
514,train/bochum/bochum_000000_024343_leftImg8bit.png,1,738,372,801,454
515,train/bochum/bochum_000000_024343_leftImg8bit.png,1,647,369,775,465
516,train/bochum/bochum_000000_024343_leftImg8bit.png,1,1032,336,1302,505
517,train/bochum/bochum_000000_024343_leftImg8bit.png,1,1279,326,1511,519
518,train/bochum/bochum_000000_024343_leftImg8bit.png,1,1419,301,1980,629
519,train/bochum/bochum_000000_037829_leftImg8bit.png,1,776,394,905,463
520,train/bochum/bochum_000000_037829_leftImg8bit.png,1,0,361,94,487
521,train/bochum/bochum_000000_013705_leftImg8bit.png,1,143,279,638,660
522,train/bochum/bochum_000000_002562_leftImg8bit.png,1,0,343,219,428
523,train/bochum/bochum_000000_002562_leftImg8bit.png,1,181,336,490,440
524,train/bochum/bochum_000000_002562_leftImg8bit.png,0,294,319,362,443
525,train/bochum/bochum_000000_002562_leftImg8bit.png,1,477,341,1023,572
