0,train/darmstadt/darmstadt_000047_000019_leftImg8bit.png,1,613,431,675,487
1,train/darmstadt/darmstadt_000047_000019_leftImg8bit.png,1,1202,431,1256,486
2,train/darmstadt/darmstadt_000047_000019_leftImg8bit.png,1,1234,432,1327,503
3,train/darmstadt/darmstadt_000047_000019_leftImg8bit.png,1,1302,425,1453,532
4,train/darmstadt/darmstadt_000047_000019_leftImg8bit.png,1,1650,429,2047,715
5,train/darmstadt/darmstadt_000082_000019_leftImg8bit.png,1,230,386,392,462
6,train/darmstadt/darmstadt_000082_000019_leftImg8bit.png,1,870,320,1169,598
7,train/darmstadt/darmstadt_000082_000019_leftImg8bit.png,0,1345,322,1425,551
8,train/darmstadt/darmstadt_000082_000019_leftImg8bit.png,0,1460,345,1522,529
9,train/darmstadt/darmstadt_000076_000019_leftImg8bit.png,1,745,442,901,501
10,train/darmstadt/darmstadt_000076_000019_leftImg8bit.png,4,1329,473,1382,635
11,train/darmstadt/darmstadt_000013_000019_leftImg8bit.png,1,1022,420,1085,473
12,train/darmstadt/darmstadt_000013_000019_leftImg8bit.png,2,1142,300,1285,499
13,train/darmstadt/darmstadt_000013_000019_leftImg8bit.png,1,1168,392,1328,531
14,train/darmstadt/darmstadt_000013_000019_leftImg8bit.png,1,667,411,768,472
15,train/darmstadt/darmstadt_000013_000019_leftImg8bit.png,1,314,379,711,643
16,train/darmstadt/darmstadt_000081_000019_leftImg8bit.png,3,0,353,283,426
17,train/darmstadt/darmstadt_000081_000019_leftImg8bit.png,1,674,391,748,450
18,train/darmstadt/darmstadt_000081_000019_leftImg8bit.png,1,722,401,795,462
19,train/darmstadt/darmstadt_000081_000019_leftImg8bit.png,1,571,401,654,453
20,train/darmstadt/darmstadt_000081_000019_leftImg8bit.png,4,1038,444,1116,608
21,train/darmstadt/darmstadt_000081_000019_leftImg8bit.png,1,767,397,881,489
22,train/darmstadt/darmstadt_000063_000019_leftImg8bit.png,1,1121,351,1176,402
23,train/darmstadt/darmstadt_000063_000019_leftImg8bit.png,1,1104,406,1238,473
24,train/darmstadt/darmstadt_000063_000019_leftImg8bit.png,1,1283,394,1423,525
25,train/darmstadt/darmstadt_000063_000019_leftImg8bit.png,0,1149,302,1340,718
26,train/darmstadt/darmstadt_000063_000019_leftImg8bit.png,1,1390,366,1506,436
27,train/darmstadt/darmstadt_000063_000019_leftImg8bit.png,1,1363,390,1507,523
28,train/darmstadt/darmstadt_000063_000019_leftImg8bit.png,1,1363,387,1634,591
29,train/darmstadt/darmstadt_000063_000019_leftImg8bit.png,1,1495,161,2047,635
30,train/darmstadt/darmstadt_000063_000019_leftImg8bit.png,0,1427,284,1637,708
31,train/darmstadt/darmstadt_000063_000019_leftImg8bit.png,1,1762,244,2047,727
32,train/darmstadt/darmstadt_000063_000019_leftImg8bit.png,4,176,410,307,565
33,train/darmstadt/darmstadt_000063_000019_leftImg8bit.png,4,20,411,179,572
34,train/darmstadt/darmstadt_000063_000019_leftImg8bit.png,4,0,440,119,583
35,train/darmstadt/darmstadt_000063_000019_leftImg8bit.png,4,16,522,86,584
36,train/darmstadt/darmstadt_000003_000019_leftImg8bit.png,1,166,432,246,487
37,train/darmstadt/darmstadt_000003_000019_leftImg8bit.png,1,1793,382,2047,512
38,train/darmstadt/darmstadt_000003_000019_leftImg8bit.png,1,1968,428,2047,514
39,train/darmstadt/darmstadt_000003_000019_leftImg8bit.png,4,1569,446,1905,791
40,train/darmstadt/darmstadt_000057_000019_leftImg8bit.png,1,1104,434,1181,507
41,train/darmstadt/darmstadt_000057_000019_leftImg8bit.png,1,904,432,963,486
42,train/darmstadt/darmstadt_000057_000019_leftImg8bit.png,1,853,431,923,503
43,train/darmstadt/darmstadt_000057_000019_leftImg8bit.png,1,848,437,910,511
44,train/darmstadt/darmstadt_000057_000019_leftImg8bit.png,1,775,442,894,532
45,train/darmstadt/darmstadt_000057_000019_leftImg8bit.png,1,623,447,793,583
46,train/darmstadt/darmstadt_000057_000019_leftImg8bit.png,1,410,438,672,660
47,train/darmstadt/darmstadt_000057_000019_leftImg8bit.png,1,68,441,495,743
48,train/darmstadt/darmstadt_000057_000019_leftImg8bit.png,1,0,427,138,860
49,train/darmstadt/darmstadt_000057_000019_leftImg8bit.png,1,1157,424,1288,544
50,train/darmstadt/darmstadt_000057_000019_leftImg8bit.png,1,1185,432,1312,563
51,train/darmstadt/darmstadt_000057_000019_leftImg8bit.png,1,1229,436,1317,575
52,train/darmstadt/darmstadt_000057_000019_leftImg8bit.png,1,1258,419,1471,627
53,train/darmstadt/darmstadt_000057_000019_leftImg8bit.png,1,1350,406,1853,744
54,train/darmstadt/darmstadt_000025_000019_leftImg8bit.png,1,1210,391,1297,471
55,train/darmstadt/darmstadt_000025_000019_leftImg8bit.png,1,1227,401,1332,478
56,train/darmstadt/darmstadt_000025_000019_leftImg8bit.png,1,1495,375,1937,644
57,train/darmstadt/darmstadt_000025_000019_leftImg8bit.png,1,1793,324,2047,746
58,train/darmstadt/darmstadt_000025_000019_leftImg8bit.png,1,964,410,1172,568
59,train/darmstadt/darmstadt_000025_000019_leftImg8bit.png,0,1339,369,1400,501
60,train/darmstadt/darmstadt_000073_000019_leftImg8bit.png,1,1169,390,1289,499
61,train/darmstadt/darmstadt_000073_000019_leftImg8bit.png,1,1255,368,1482,539
62,train/darmstadt/darmstadt_000073_000019_leftImg8bit.png,1,1392,355,2044,656
63,train/darmstadt/darmstadt_000004_000019_leftImg8bit.png,1,364,460,576,524
64,train/darmstadt/darmstadt_000004_000019_leftImg8bit.png,1,612,464,670,522
65,train/darmstadt/darmstadt_000004_000019_leftImg8bit.png,1,548,459,651,525
66,train/darmstadt/darmstadt_000004_000019_leftImg8bit.png,1,545,464,612,527
67,train/darmstadt/darmstadt_000004_000019_leftImg8bit.png,1,914,458,992,509
68,train/darmstadt/darmstadt_000004_000019_leftImg8bit.png,1,801,447,877,511
69,train/darmstadt/darmstadt_000004_000019_leftImg8bit.png,1,766,460,852,515
70,train/darmstadt/darmstadt_000004_000019_leftImg8bit.png,1,1141,447,1197,516
71,train/darmstadt/darmstadt_000004_000019_leftImg8bit.png,1,1141,447,1197,516
72,train/darmstadt/darmstadt_000004_000019_leftImg8bit.png,1,1326,429,1524,593
73,train/darmstadt/darmstadt_000004_000019_leftImg8bit.png,1,1439,418,1689,637
74,train/darmstadt/darmstadt_000004_000019_leftImg8bit.png,1,1553,371,2047,733
75,train/darmstadt/darmstadt_000004_000019_leftImg8bit.png,1,1184,438,1299,538
76,train/darmstadt/darmstadt_000004_000019_leftImg8bit.png,1,0,442,287,690
77,train/darmstadt/darmstadt_000031_000019_leftImg8bit.png,2,1875,349,2047,467
78,train/darmstadt/darmstadt_000031_000019_leftImg8bit.png,2,0,326,191,528
79,train/darmstadt/darmstadt_000031_000019_leftImg8bit.png,2,188,381,404,496
80,train/darmstadt/darmstadt_000031_000019_leftImg8bit.png,1,281,417,570,602
81,train/darmstadt/darmstadt_000031_000019_leftImg8bit.png,1,710,381,913,550
82,train/darmstadt/darmstadt_000031_000019_leftImg8bit.png,2,1651,336,1905,476
83,train/darmstadt/darmstadt_000031_000019_leftImg8bit.png,1,982,334,1183,546
84,train/darmstadt/darmstadt_000027_000019_leftImg8bit.png,2,1508,327,1567,411
85,train/darmstadt/darmstadt_000027_000019_leftImg8bit.png,1,1253,378,1332,443
86,train/darmstadt/darmstadt_000027_000019_leftImg8bit.png,2,1047,341,1124,420
87,train/darmstadt/darmstadt_000027_000019_leftImg8bit.png,2,0,137,998,556
88,train/darmstadt/darmstadt_000027_000019_leftImg8bit.png,2,1977,341,2047,402
89,train/darmstadt/darmstadt_000027_000019_leftImg8bit.png,2,1849,338,1934,406
90,train/darmstadt/darmstadt_000027_000019_leftImg8bit.png,0,1304,325,1428,646
91,train/darmstadt/darmstadt_000027_000019_leftImg8bit.png,0,1395,306,1546,741
92,train/darmstadt/darmstadt_000027_000019_leftImg8bit.png,0,684,558,776,641
93,train/darmstadt/darmstadt_000027_000019_leftImg8bit.png,0,1111,321,1271,637
94,train/darmstadt/darmstadt_000027_000019_leftImg8bit.png,0,836,309,898,523
95,train/darmstadt/darmstadt_000027_000019_leftImg8bit.png,0,822,327,909,608
96,train/darmstadt/darmstadt_000027_000019_leftImg8bit.png,0,778,359,883,625
97,train/darmstadt/darmstadt_000027_000019_leftImg8bit.png,0,791,339,989,688
98,train/darmstadt/darmstadt_000027_000019_leftImg8bit.png,0,705,309,845,670
99,train/darmstadt/darmstadt_000027_000019_leftImg8bit.png,0,646,291,809,675
100,train/darmstadt/darmstadt_000027_000019_leftImg8bit.png,0,660,315,790,692
101,train/darmstadt/darmstadt_000027_000019_leftImg8bit.png,0,576,288,691,715
102,train/darmstadt/darmstadt_000027_000019_leftImg8bit.png,0,200,292,309,658
103,train/darmstadt/darmstadt_000027_000019_leftImg8bit.png,0,92,231,290,794
104,train/darmstadt/darmstadt_000027_000019_leftImg8bit.png,0,0,493,71,633
105,train/darmstadt/darmstadt_000027_000019_leftImg8bit.png,0,342,272,531,645
106,train/darmstadt/darmstadt_000027_000019_leftImg8bit.png,0,358,558,467,731
107,train/darmstadt/darmstadt_000027_000019_leftImg8bit.png,0,322,285,519,828
108,train/darmstadt/darmstadt_000027_000019_leftImg8bit.png,0,907,277,1102,732
109,train/darmstadt/darmstadt_000027_000019_leftImg8bit.png,0,473,269,692,875
110,train/darmstadt/darmstadt_000027_000019_leftImg8bit.png,0,956,261,1177,768
111,train/darmstadt/darmstadt_000027_000019_leftImg8bit.png,0,840,256,1024,801
112,train/darmstadt/darmstadt_000027_000019_leftImg8bit.png,0,1789,237,2047,791
113,train/darmstadt/darmstadt_000027_000019_leftImg8bit.png,0,1668,318,1754,625
114,train/darmstadt/darmstadt_000027_000019_leftImg8bit.png,0,1638,316,1808,694
115,train/darmstadt/darmstadt_000068_000019_leftImg8bit.png,2,1234,370,1409,530
116,train/darmstadt/darmstadt_000068_000019_leftImg8bit.png,4,1090,459,1159,575
117,train/darmstadt/darmstadt_000068_000019_leftImg8bit.png,1,823,429,1053,557
118,train/darmstadt/darmstadt_000068_000019_leftImg8bit.png,0,899,402,973,575
119,train/darmstadt/darmstadt_000068_000019_leftImg8bit.png,0,743,410,807,542
120,train/darmstadt/darmstadt_000068_000019_leftImg8bit.png,1,194,343,635,604
121,train/darmstadt/darmstadt_000068_000019_leftImg8bit.png,1,1431,416,1788,551
122,train/darmstadt/darmstadt_000068_000019_leftImg8bit.png,4,1642,454,1700,553
123,train/darmstadt/darmstadt_000068_000019_leftImg8bit.png,4,1536,459,1684,557
124,train/darmstadt/darmstadt_000035_000019_leftImg8bit.png,2,1007,362,1107,476
125,train/darmstadt/darmstadt_000035_000019_leftImg8bit.png,1,1119,412,1188,473
126,train/darmstadt/darmstadt_000035_000019_leftImg8bit.png,1,1179,425,1233,490
127,train/darmstadt/darmstadt_000035_000019_leftImg8bit.png,1,1248,397,1416,537
128,train/darmstadt/darmstadt_000035_000019_leftImg8bit.png,1,739,368,874,499
129,train/darmstadt/darmstadt_000035_000019_leftImg8bit.png,4,688,443,766,574
130,train/darmstadt/darmstadt_000035_000019_leftImg8bit.png,0,1949,412,2047,620
131,train/darmstadt/darmstadt_000035_000019_leftImg8bit.png,0,1817,270,1971,613
132,train/darmstadt/darmstadt_000034_000019_leftImg8bit.png,4,1124,451,1193,643
133,train/darmstadt/darmstadt_000034_000019_leftImg8bit.png,1,875,394,1066,515
134,train/darmstadt/darmstadt_000034_000019_leftImg8bit.png,1,845,402,999,517
135,train/darmstadt/darmstadt_000034_000019_leftImg8bit.png,1,623,375,891,548
136,train/darmstadt/darmstadt_000034_000019_leftImg8bit.png,1,570,382,821,573
137,train/darmstadt/darmstadt_000034_000019_leftImg8bit.png,1,317,366,658,608
138,train/darmstadt/darmstadt_000034_000019_leftImg8bit.png,1,0,345,435,678
139,train/darmstadt/darmstadt_000028_000019_leftImg8bit.png,2,854,206,1306,487
140,train/darmstadt/darmstadt_000028_000019_leftImg8bit.png,2,1937,340,2047,405
141,train/darmstadt/darmstadt_000028_000019_leftImg8bit.png,2,303,287,719,499
142,train/darmstadt/darmstadt_000028_000019_leftImg8bit.png,0,1867,309,1968,617
143,train/darmstadt/darmstadt_000028_000019_leftImg8bit.png,0,1573,316,1750,702
144,train/darmstadt/darmstadt_000028_000019_leftImg8bit.png,0,1697,249,1921,813
145,train/darmstadt/darmstadt_000028_000019_leftImg8bit.png,0,1598,282,1764,719
146,train/darmstadt/darmstadt_000028_000019_leftImg8bit.png,0,1612,258,1905,843
147,train/darmstadt/darmstadt_000028_000019_leftImg8bit.png,0,1216,324,1322,613
148,train/darmstadt/darmstadt_000028_000019_leftImg8bit.png,0,1308,329,1489,658
149,train/darmstadt/darmstadt_000028_000019_leftImg8bit.png,0,1205,316,1388,688
150,train/darmstadt/darmstadt_000028_000019_leftImg8bit.png,0,1100,322,1219,634
151,train/darmstadt/darmstadt_000028_000019_leftImg8bit.png,0,1159,289,1302,727
152,train/darmstadt/darmstadt_000028_000019_leftImg8bit.png,0,1241,280,1484,849
153,train/darmstadt/darmstadt_000028_000019_leftImg8bit.png,0,1403,272,1606,895
154,train/darmstadt/darmstadt_000028_000019_leftImg8bit.png,0,926,303,1020,635
155,train/darmstadt/darmstadt_000028_000019_leftImg8bit.png,0,978,305,1149,657
156,train/darmstadt/darmstadt_000028_000019_leftImg8bit.png,0,886,272,1023,721
157,train/darmstadt/darmstadt_000028_000019_leftImg8bit.png,0,858,349,921,575
158,train/darmstadt/darmstadt_000028_000019_leftImg8bit.png,0,247,337,387,638
159,train/darmstadt/darmstadt_000028_000019_leftImg8bit.png,0,675,296,833,649
160,train/darmstadt/darmstadt_000028_000019_leftImg8bit.png,0,747,222,1020,819
161,train/darmstadt/darmstadt_000028_000019_leftImg8bit.png,1,59,395,247,532
162,train/darmstadt/darmstadt_000028_000019_leftImg8bit.png,1,0,435,101,578
163,train/darmstadt/darmstadt_000028_000019_leftImg8bit.png,0,371,356,534,654
164,train/darmstadt/darmstadt_000028_000019_leftImg8bit.png,0,256,309,344,645
165,train/darmstadt/darmstadt_000028_000019_leftImg8bit.png,0,160,289,313,684
166,train/darmstadt/darmstadt_000028_000019_leftImg8bit.png,0,0,273,158,715
167,train/darmstadt/darmstadt_000028_000019_leftImg8bit.png,0,267,345,461,698
168,train/darmstadt/darmstadt_000028_000019_leftImg8bit.png,0,401,260,620,710
169,train/darmstadt/darmstadt_000038_000019_leftImg8bit.png,1,1209,395,1287,483
170,train/darmstadt/darmstadt_000038_000019_leftImg8bit.png,1,765,449,825,519
171,train/darmstadt/darmstadt_000038_000019_leftImg8bit.png,1,1238,416,1346,522
172,train/darmstadt/darmstadt_000038_000019_leftImg8bit.png,1,805,304,1032,584
173,train/darmstadt/darmstadt_000038_000019_leftImg8bit.png,1,0,459,281,756
174,train/darmstadt/darmstadt_000038_000019_leftImg8bit.png,1,680,446,766,547
175,train/darmstadt/darmstadt_000038_000019_leftImg8bit.png,1,559,438,712,571
176,train/darmstadt/darmstadt_000038_000019_leftImg8bit.png,1,355,444,623,623
177,train/darmstadt/darmstadt_000038_000019_leftImg8bit.png,1,1087,381,1257,536
178,train/darmstadt/darmstadt_000038_000019_leftImg8bit.png,1,1268,419,1453,546
179,train/darmstadt/darmstadt_000038_000019_leftImg8bit.png,1,1476,339,1971,683
180,train/darmstadt/darmstadt_000038_000019_leftImg8bit.png,1,1935,520,2047,862
181,train/darmstadt/darmstadt_000015_000019_leftImg8bit.png,1,583,383,646,443
182,train/darmstadt/darmstadt_000015_000019_leftImg8bit.png,1,600,375,697,452
183,train/darmstadt/darmstadt_000015_000019_leftImg8bit.png,1,639,388,737,461
184,train/darmstadt/darmstadt_000015_000019_leftImg8bit.png,1,440,353,545,447
185,train/darmstadt/darmstadt_000015_000019_leftImg8bit.png,1,475,390,534,455
186,train/darmstadt/darmstadt_000015_000019_leftImg8bit.png,1,495,385,601,464
187,train/darmstadt/darmstadt_000015_000019_leftImg8bit.png,4,1095,397,1200,464
188,train/darmstadt/darmstadt_000015_000019_leftImg8bit.png,1,1368,352,2047,810
189,train/darmstadt/darmstadt_000016_000019_leftImg8bit.png,2,137,352,359,480
190,train/darmstadt/darmstadt_000016_000019_leftImg8bit.png,2,1100,340,1243,475
191,train/darmstadt/darmstadt_000016_000019_leftImg8bit.png,1,1114,359,1216,489
192,train/darmstadt/darmstadt_000016_000019_leftImg8bit.png,1,1130,414,1241,500
193,train/darmstadt/darmstadt_000016_000019_leftImg8bit.png,3,1235,333,1379,484
194,train/darmstadt/darmstadt_000016_000019_leftImg8bit.png,1,1265,412,1365,491
195,train/darmstadt/darmstadt_000016_000019_leftImg8bit.png,1,1548,407,1669,466
196,train/darmstadt/darmstadt_000016_000019_leftImg8bit.png,1,1902,398,2047,643
197,train/darmstadt/darmstadt_000037_000019_leftImg8bit.png,1,644,350,952,473
198,train/darmstadt/darmstadt_000037_000019_leftImg8bit.png,1,766,377,939,510
199,train/darmstadt/darmstadt_000037_000019_leftImg8bit.png,1,742,400,915,535
200,train/darmstadt/darmstadt_000037_000019_leftImg8bit.png,1,0,353,538,812
201,train/darmstadt/darmstadt_000037_000019_leftImg8bit.png,1,0,447,210,975
202,train/darmstadt/darmstadt_000037_000019_leftImg8bit.png,1,1124,395,1187,448
203,train/darmstadt/darmstadt_000037_000019_leftImg8bit.png,2,987,265,1144,486
204,train/darmstadt/darmstadt_000037_000019_leftImg8bit.png,1,1178,379,1285,487
205,train/darmstadt/darmstadt_000037_000019_leftImg8bit.png,1,1187,398,1261,513
206,train/darmstadt/darmstadt_000037_000019_leftImg8bit.png,1,1228,361,1440,540
207,train/darmstadt/darmstadt_000037_000019_leftImg8bit.png,1,1279,379,1552,582
208,train/darmstadt/darmstadt_000037_000019_leftImg8bit.png,0,1525,369,1630,587
209,train/darmstadt/darmstadt_000037_000019_leftImg8bit.png,4,1709,415,1814,516
210,train/darmstadt/darmstadt_000037_000019_leftImg8bit.png,4,1641,409,1712,501
211,train/darmstadt/darmstadt_000037_000019_leftImg8bit.png,4,1764,414,1856,522
212,train/darmstadt/darmstadt_000037_000019_leftImg8bit.png,4,1804,386,1934,521
213,train/darmstadt/darmstadt_000037_000019_leftImg8bit.png,0,1826,317,1906,527
214,train/darmstadt/darmstadt_000043_000019_leftImg8bit.png,1,928,387,1138,453
215,train/darmstadt/darmstadt_000043_000019_leftImg8bit.png,1,707,399,770,450
216,train/darmstadt/darmstadt_000043_000019_leftImg8bit.png,1,747,366,964,540
217,train/darmstadt/darmstadt_000043_000019_leftImg8bit.png,1,1141,387,1288,561
218,train/darmstadt/darmstadt_000043_000019_leftImg8bit.png,1,87,407,214,460
219,train/darmstadt/darmstadt_000043_000019_leftImg8bit.png,0,0,365,63,529
220,train/darmstadt/darmstadt_000043_000019_leftImg8bit.png,1,208,404,332,456
221,train/darmstadt/darmstadt_000043_000019_leftImg8bit.png,1,1233,313,1624,633
222,train/darmstadt/darmstadt_000010_000019_leftImg8bit.png,1,507,333,789,543
223,train/darmstadt/darmstadt_000010_000019_leftImg8bit.png,1,0,336,164,526
224,train/darmstadt/darmstadt_000010_000019_leftImg8bit.png,2,1132,277,1258,428
225,train/darmstadt/darmstadt_000010_000019_leftImg8bit.png,2,979,223,1144,438
226,train/darmstadt/darmstadt_000010_000019_leftImg8bit.png,1,970,350,1136,495
227,train/darmstadt/darmstadt_000010_000019_leftImg8bit.png,1,1719,380,2047,554
228,train/darmstadt/darmstadt_000010_000019_leftImg8bit.png,1,48,354,426,560
229,train/darmstadt/darmstadt_000066_000019_leftImg8bit.png,1,1112,402,1277,538
230,train/darmstadt/darmstadt_000066_000019_leftImg8bit.png,0,1438,348,1553,610
231,train/darmstadt/darmstadt_000066_000019_leftImg8bit.png,0,1386,333,1472,626
232,train/darmstadt/darmstadt_000066_000019_leftImg8bit.png,0,1343,351,1440,638
233,train/darmstadt/darmstadt_000066_000019_leftImg8bit.png,2,0,72,1153,622
234,train/darmstadt/darmstadt_000066_000019_leftImg8bit.png,0,731,330,947,702
235,train/darmstadt/darmstadt_000042_000019_leftImg8bit.png,1,1023,404,1131,486
236,train/darmstadt/darmstadt_000042_000019_leftImg8bit.png,1,205,446,294,498
237,train/darmstadt/darmstadt_000042_000019_leftImg8bit.png,1,113,451,218,504
238,train/darmstadt/darmstadt_000001_000019_leftImg8bit.png,4,84,451,168,513
239,train/darmstadt/darmstadt_000001_000019_leftImg8bit.png,1,965,434,1033,485
240,train/darmstadt/darmstadt_000001_000019_leftImg8bit.png,1,874,426,951,488
241,train/darmstadt/darmstadt_000001_000019_leftImg8bit.png,2,684,297,865,524
242,train/darmstadt/darmstadt_000001_000019_leftImg8bit.png,1,0,447,107,707
243,train/darmstadt/darmstadt_000001_000019_leftImg8bit.png,1,331,414,451,510
244,train/darmstadt/darmstadt_000001_000019_leftImg8bit.png,1,1975,406,2047,468
245,train/darmstadt/darmstadt_000008_000019_leftImg8bit.png,1,0,456,138,598
246,train/darmstadt/darmstadt_000008_000019_leftImg8bit.png,1,1751,349,2047,534
247,train/darmstadt/darmstadt_000008_000019_leftImg8bit.png,0,1602,331,1827,684
248,train/darmstadt/darmstadt_000008_000019_leftImg8bit.png,1,646,393,1020,557
249,train/darmstadt/darmstadt_000045_000019_leftImg8bit.png,0,795,296,996,758
250,train/darmstadt/darmstadt_000045_000019_leftImg8bit.png,1,1584,387,1937,503
251,train/darmstadt/darmstadt_000045_000019_leftImg8bit.png,1,285,367,663,508
252,train/darmstadt/darmstadt_000029_000019_leftImg8bit.png,2,1438,341,1510,403
253,train/darmstadt/darmstadt_000029_000019_leftImg8bit.png,2,1275,280,1446,447
254,train/darmstadt/darmstadt_000029_000019_leftImg8bit.png,2,1852,336,1950,407
255,train/darmstadt/darmstadt_000029_000019_leftImg8bit.png,0,1941,305,2047,610
256,train/darmstadt/darmstadt_000029_000019_leftImg8bit.png,0,1324,348,1451,624
257,train/darmstadt/darmstadt_000029_000019_leftImg8bit.png,0,1251,305,1442,654
258,train/darmstadt/darmstadt_000029_000019_leftImg8bit.png,2,1045,344,1106,401
259,train/darmstadt/darmstadt_000029_000019_leftImg8bit.png,1,855,373,922,443
260,train/darmstadt/darmstadt_000029_000019_leftImg8bit.png,2,275,284,711,451
261,train/darmstadt/darmstadt_000029_000019_leftImg8bit.png,0,123,383,183,492
262,train/darmstadt/darmstadt_000029_000019_leftImg8bit.png,1,131,404,413,539
263,train/darmstadt/darmstadt_000029_000019_leftImg8bit.png,2,971,342,1106,413
264,train/darmstadt/darmstadt_000029_000019_leftImg8bit.png,1,448,386,885,544
265,train/darmstadt/darmstadt_000029_000019_leftImg8bit.png,1,955,387,1110,479
266,train/darmstadt/darmstadt_000029_000019_leftImg8bit.png,0,879,356,1021,651
267,train/darmstadt/darmstadt_000029_000019_leftImg8bit.png,0,741,327,902,632
268,train/darmstadt/darmstadt_000029_000019_leftImg8bit.png,0,605,277,827,696
269,train/darmstadt/darmstadt_000029_000019_leftImg8bit.png,0,331,270,532,739
270,train/darmstadt/darmstadt_000029_000019_leftImg8bit.png,0,1585,307,1825,704
271,train/darmstadt/darmstadt_000029_000019_leftImg8bit.png,0,1669,198,1966,874
272,train/darmstadt/darmstadt_000029_000019_leftImg8bit.png,0,1468,319,1642,635
273,train/darmstadt/darmstadt_000029_000019_leftImg8bit.png,0,1516,309,1724,659
274,train/darmstadt/darmstadt_000029_000019_leftImg8bit.png,1,1075,376,1269,501
275,train/darmstadt/darmstadt_000029_000019_leftImg8bit.png,0,951,336,1087,685
276,train/darmstadt/darmstadt_000029_000019_leftImg8bit.png,0,1057,265,1281,708
277,train/darmstadt/darmstadt_000029_000019_leftImg8bit.png,0,1945,351,2047,670
278,train/darmstadt/darmstadt_000029_000019_leftImg8bit.png,0,1952,321,2047,735
279,train/darmstadt/darmstadt_000014_000019_leftImg8bit.png,1,1082,370,1902,789
280,train/darmstadt/darmstadt_000056_000019_leftImg8bit.png,1,943,389,1022,470
281,train/darmstadt/darmstadt_000056_000019_leftImg8bit.png,1,944,424,998,478
282,train/darmstadt/darmstadt_000056_000019_leftImg8bit.png,1,895,423,952,499
283,train/darmstadt/darmstadt_000056_000019_leftImg8bit.png,1,805,420,942,523
284,train/darmstadt/darmstadt_000056_000019_leftImg8bit.png,4,1589,403,1698,495
285,train/darmstadt/darmstadt_000056_000019_leftImg8bit.png,1,1646,381,2047,584
286,train/darmstadt/darmstadt_000056_000019_leftImg8bit.png,0,1643,259,1771,620
287,train/darmstadt/darmstadt_000056_000019_leftImg8bit.png,0,1788,217,1971,775
288,train/darmstadt/darmstadt_000056_000019_leftImg8bit.png,0,504,342,593,612
289,train/darmstadt/darmstadt_000056_000019_leftImg8bit.png,1,0,183,559,955
290,train/darmstadt/darmstadt_000021_000019_leftImg8bit.png,1,936,361,1022,435
291,train/darmstadt/darmstadt_000021_000019_leftImg8bit.png,1,936,361,1022,435
292,train/darmstadt/darmstadt_000021_000019_leftImg8bit.png,1,1580,366,1671,423
293,train/darmstadt/darmstadt_000021_000019_leftImg8bit.png,1,1238,333,1403,436
294,train/darmstadt/darmstadt_000021_000019_leftImg8bit.png,1,1011,280,1296,588
295,train/darmstadt/darmstadt_000021_000019_leftImg8bit.png,1,697,334,997,515
296,train/darmstadt/darmstadt_000021_000019_leftImg8bit.png,3,0,218,386,477
297,train/darmstadt/darmstadt_000054_000019_leftImg8bit.png,1,325,420,383,473
298,train/darmstadt/darmstadt_000054_000019_leftImg8bit.png,1,275,414,351,485
299,train/darmstadt/darmstadt_000054_000019_leftImg8bit.png,1,187,416,317,505
300,train/darmstadt/darmstadt_000054_000019_leftImg8bit.png,0,95,411,148,522
301,train/darmstadt/darmstadt_000054_000019_leftImg8bit.png,0,42,409,99,519
302,train/darmstadt/darmstadt_000054_000019_leftImg8bit.png,0,727,387,784,547
303,train/darmstadt/darmstadt_000054_000019_leftImg8bit.png,0,760,367,815,557
304,train/darmstadt/darmstadt_000054_000019_leftImg8bit.png,0,864,366,919,510
305,train/darmstadt/darmstadt_000054_000019_leftImg8bit.png,0,888,357,967,511
306,train/darmstadt/darmstadt_000054_000019_leftImg8bit.png,0,1122,308,1267,534
307,train/darmstadt/darmstadt_000054_000019_leftImg8bit.png,0,1231,320,1295,619
308,train/darmstadt/darmstadt_000054_000019_leftImg8bit.png,0,1126,350,1271,720
309,train/darmstadt/darmstadt_000054_000019_leftImg8bit.png,0,1233,324,1366,739
310,train/darmstadt/darmstadt_000054_000019_leftImg8bit.png,1,403,406,463,458
311,train/darmstadt/darmstadt_000049_000019_leftImg8bit.png,1,606,442,724,516
312,train/darmstadt/darmstadt_000049_000019_leftImg8bit.png,4,820,444,888,496
313,train/darmstadt/darmstadt_000053_000019_leftImg8bit.png,1,1356,391,1489,475
314,train/darmstadt/darmstadt_000053_000019_leftImg8bit.png,1,1704,403,2029,588
315,train/darmstadt/darmstadt_000053_000019_leftImg8bit.png,1,800,390,861,444
316,train/darmstadt/darmstadt_000053_000019_leftImg8bit.png,1,851,402,990,464
317,train/darmstadt/darmstadt_000053_000019_leftImg8bit.png,1,0,406,236,589
318,train/darmstadt/darmstadt_000053_000019_leftImg8bit.png,1,573,409,682,491
319,train/darmstadt/darmstadt_000053_000019_leftImg8bit.png,1,402,386,587,511
320,train/darmstadt/darmstadt_000053_000019_leftImg8bit.png,1,1094,401,1229,503
321,train/darmstadt/darmstadt_000051_000019_leftImg8bit.png,1,814,436,913,529
322,train/darmstadt/darmstadt_000051_000019_leftImg8bit.png,1,0,502,156,593
323,train/darmstadt/darmstadt_000051_000019_leftImg8bit.png,1,914,431,1031,523
324,train/darmstadt/darmstadt_000051_000019_leftImg8bit.png,1,979,463,1059,523
325,train/darmstadt/darmstadt_000051_000019_leftImg8bit.png,5,1714,477,1825,629
326,train/darmstadt/darmstadt_000051_000019_leftImg8bit.png,1,1001,409,1410,712
327,train/darmstadt/darmstadt_000033_000019_leftImg8bit.png,1,838,367,1016,520
328,train/darmstadt/darmstadt_000033_000019_leftImg8bit.png,1,1142,404,1195,460
329,train/darmstadt/darmstadt_000033_000019_leftImg8bit.png,3,1261,374,1398,463
330,train/darmstadt/darmstadt_000033_000019_leftImg8bit.png,1,1187,418,1263,473
331,train/darmstadt/darmstadt_000067_000019_leftImg8bit.png,2,1094,407,1174,474
332,train/darmstadt/darmstadt_000067_000019_leftImg8bit.png,4,1356,416,1415,498
333,train/darmstadt/darmstadt_000067_000019_leftImg8bit.png,4,1384,427,1447,515
334,train/darmstadt/darmstadt_000067_000019_leftImg8bit.png,0,1814,352,1875,415
335,train/darmstadt/darmstadt_000067_000019_leftImg8bit.png,4,1573,407,1669,584
336,train/darmstadt/darmstadt_000067_000019_leftImg8bit.png,4,1650,398,1736,578
337,train/darmstadt/darmstadt_000067_000019_leftImg8bit.png,4,1737,387,1839,550
338,train/darmstadt/darmstadt_000067_000019_leftImg8bit.png,0,1990,309,2047,524
339,train/darmstadt/darmstadt_000067_000019_leftImg8bit.png,4,1960,408,2047,633
340,train/darmstadt/darmstadt_000067_000019_leftImg8bit.png,4,1817,448,1974,649
341,train/darmstadt/darmstadt_000067_000019_leftImg8bit.png,0,1803,381,1992,681
342,train/darmstadt/darmstadt_000067_000019_leftImg8bit.png,0,1082,365,1136,519
343,train/darmstadt/darmstadt_000067_000019_leftImg8bit.png,0,1032,375,1091,520
344,train/darmstadt/darmstadt_000067_000019_leftImg8bit.png,1,832,419,923,479
345,train/darmstadt/darmstadt_000067_000019_leftImg8bit.png,4,378,427,435,495
346,train/darmstadt/darmstadt_000067_000019_leftImg8bit.png,0,462,352,555,557
347,train/darmstadt/darmstadt_000067_000019_leftImg8bit.png,4,299,435,382,495
348,train/darmstadt/darmstadt_000070_000019_leftImg8bit.png,2,1010,407,1098,513
349,train/darmstadt/darmstadt_000070_000019_leftImg8bit.png,1,736,427,801,478
350,train/darmstadt/darmstadt_000070_000019_leftImg8bit.png,1,148,327,685,711
351,train/darmstadt/darmstadt_000070_000019_leftImg8bit.png,0,605,350,754,710
352,train/darmstadt/darmstadt_000070_000019_leftImg8bit.png,0,1312,355,1417,680
353,train/darmstadt/darmstadt_000070_000019_leftImg8bit.png,0,1400,365,1507,667
354,train/darmstadt/darmstadt_000070_000019_leftImg8bit.png,0,1553,365,1699,696
355,train/darmstadt/darmstadt_000069_000019_leftImg8bit.png,4,1096,421,1167,504
356,train/darmstadt/darmstadt_000069_000019_leftImg8bit.png,0,1154,407,1230,500
357,train/darmstadt/darmstadt_000069_000019_leftImg8bit.png,4,969,428,1071,483
358,train/darmstadt/darmstadt_000069_000019_leftImg8bit.png,4,1035,414,1113,509
359,train/darmstadt/darmstadt_000069_000019_leftImg8bit.png,4,1157,419,1226,500
360,train/darmstadt/darmstadt_000069_000019_leftImg8bit.png,4,1109,424,1335,563
361,train/darmstadt/darmstadt_000069_000019_leftImg8bit.png,4,981,415,1036,509
362,train/darmstadt/darmstadt_000069_000019_leftImg8bit.png,0,777,309,853,567
363,train/darmstadt/darmstadt_000069_000019_leftImg8bit.png,0,637,330,730,566
364,train/darmstadt/darmstadt_000069_000019_leftImg8bit.png,0,399,378,454,457
365,train/darmstadt/darmstadt_000069_000019_leftImg8bit.png,2,0,0,389,719
366,train/darmstadt/darmstadt_000069_000019_leftImg8bit.png,0,452,240,654,718
367,train/darmstadt/darmstadt_000061_000019_leftImg8bit.png,1,852,400,924,471
368,train/darmstadt/darmstadt_000061_000019_leftImg8bit.png,1,807,417,906,478
369,train/darmstadt/darmstadt_000061_000019_leftImg8bit.png,1,672,415,738,473
370,train/darmstadt/darmstadt_000061_000019_leftImg8bit.png,1,578,403,656,482
371,train/darmstadt/darmstadt_000061_000019_leftImg8bit.png,1,537,414,628,486
372,train/darmstadt/darmstadt_000061_000019_leftImg8bit.png,1,203,383,597,572
373,train/darmstadt/darmstadt_000061_000019_leftImg8bit.png,1,63,421,549,655
374,train/darmstadt/darmstadt_000061_000019_leftImg8bit.png,1,0,428,374,721
375,train/darmstadt/darmstadt_000061_000019_leftImg8bit.png,5,990,461,1044,537
376,train/darmstadt/darmstadt_000061_000019_leftImg8bit.png,3,1067,267,2047,525
377,train/darmstadt/darmstadt_000061_000019_leftImg8bit.png,0,1013,386,1108,549
378,train/darmstadt/darmstadt_000061_000019_leftImg8bit.png,1,1671,364,2047,613
379,train/darmstadt/darmstadt_000061_000019_leftImg8bit.png,1,1809,360,2047,597
380,train/darmstadt/darmstadt_000061_000019_leftImg8bit.png,1,1833,291,2047,786
381,train/darmstadt/darmstadt_000023_000019_leftImg8bit.png,3,1008,353,1106,411
382,train/darmstadt/darmstadt_000023_000019_leftImg8bit.png,1,899,405,978,470
383,train/darmstadt/darmstadt_000023_000019_leftImg8bit.png,1,772,411,860,478
384,train/darmstadt/darmstadt_000023_000019_leftImg8bit.png,1,680,414,793,495
385,train/darmstadt/darmstadt_000023_000019_leftImg8bit.png,1,925,402,1002,481
386,train/darmstadt/darmstadt_000023_000019_leftImg8bit.png,0,1473,357,1553,544
387,train/darmstadt/darmstadt_000023_000019_leftImg8bit.png,1,914,392,1215,629
388,train/darmstadt/darmstadt_000023_000019_leftImg8bit.png,1,118,414,344,548
389,train/darmstadt/darmstadt_000023_000019_leftImg8bit.png,1,545,410,693,515
390,train/darmstadt/darmstadt_000023_000019_leftImg8bit.png,1,283,400,565,573
391,train/darmstadt/darmstadt_000048_000019_leftImg8bit.png,1,684,434,778,514
392,train/darmstadt/darmstadt_000048_000019_leftImg8bit.png,1,313,402,537,569
393,train/darmstadt/darmstadt_000048_000019_leftImg8bit.png,1,0,472,77,602
394,train/darmstadt/darmstadt_000005_000019_leftImg8bit.png,1,915,436,974,488
395,train/darmstadt/darmstadt_000005_000019_leftImg8bit.png,1,881,439,952,492
396,train/darmstadt/darmstadt_000005_000019_leftImg8bit.png,1,824,434,897,507
397,train/darmstadt/darmstadt_000005_000019_leftImg8bit.png,1,766,430,853,513
398,train/darmstadt/darmstadt_000005_000019_leftImg8bit.png,1,709,436,837,525
399,train/darmstadt/darmstadt_000005_000019_leftImg8bit.png,1,590,435,710,551
400,train/darmstadt/darmstadt_000005_000019_leftImg8bit.png,1,417,429,636,577
401,train/darmstadt/darmstadt_000005_000019_leftImg8bit.png,1,0,420,158,661
402,train/darmstadt/darmstadt_000005_000019_leftImg8bit.png,1,1431,404,1535,510
403,train/darmstadt/darmstadt_000005_000019_leftImg8bit.png,1,1436,410,1524,537
404,train/darmstadt/darmstadt_000005_000019_leftImg8bit.png,1,1482,385,1648,561
405,train/darmstadt/darmstadt_000005_000019_leftImg8bit.png,1,1572,365,1842,598
406,train/darmstadt/darmstadt_000005_000019_leftImg8bit.png,1,1672,399,2015,669
407,train/darmstadt/darmstadt_000005_000019_leftImg8bit.png,1,1879,370,2047,719
408,train/darmstadt/darmstadt_000040_000019_leftImg8bit.png,2,0,171,124,666
409,train/darmstadt/darmstadt_000040_000019_leftImg8bit.png,1,593,442,708,514
410,train/darmstadt/darmstadt_000040_000019_leftImg8bit.png,1,1081,420,1266,501
411,train/darmstadt/darmstadt_000046_000019_leftImg8bit.png,1,0,417,182,545
412,train/darmstadt/darmstadt_000046_000019_leftImg8bit.png,1,1229,422,1311,483
413,train/darmstadt/darmstadt_000046_000019_leftImg8bit.png,1,1295,428,1434,517
414,train/darmstadt/darmstadt_000046_000019_leftImg8bit.png,1,1471,337,1880,636
415,train/darmstadt/darmstadt_000026_000019_leftImg8bit.png,2,1125,346,1249,404
416,train/darmstadt/darmstadt_000026_000019_leftImg8bit.png,2,1747,356,1825,410
417,train/darmstadt/darmstadt_000026_000019_leftImg8bit.png,2,1827,362,1934,414
418,train/darmstadt/darmstadt_000026_000019_leftImg8bit.png,2,1360,331,1478,424
419,train/darmstadt/darmstadt_000026_000019_leftImg8bit.png,2,1087,355,1159,415
420,train/darmstadt/darmstadt_000026_000019_leftImg8bit.png,2,748,329,947,442
421,train/darmstadt/darmstadt_000026_000019_leftImg8bit.png,1,968,388,1039,441
422,train/darmstadt/darmstadt_000026_000019_leftImg8bit.png,1,1048,385,1138,449
423,train/darmstadt/darmstadt_000026_000019_leftImg8bit.png,1,1153,382,1224,434
424,train/darmstadt/darmstadt_000026_000019_leftImg8bit.png,1,1053,401,1192,505
425,train/darmstadt/darmstadt_000026_000019_leftImg8bit.png,3,42,309,739,452
426,train/darmstadt/darmstadt_000026_000019_leftImg8bit.png,4,1840,414,1893,472
427,train/darmstadt/darmstadt_000026_000019_leftImg8bit.png,4,1761,417,1816,483
428,train/darmstadt/darmstadt_000019_000019_leftImg8bit.png,1,914,349,982,414
429,train/darmstadt/darmstadt_000019_000019_leftImg8bit.png,1,761,369,866,443
430,train/darmstadt/darmstadt_000019_000019_leftImg8bit.png,1,491,378,632,485
431,train/darmstadt/darmstadt_000019_000019_leftImg8bit.png,1,588,394,749,492
432,train/darmstadt/darmstadt_000019_000019_leftImg8bit.png,1,175,390,337,471
433,train/darmstadt/darmstadt_000019_000019_leftImg8bit.png,1,223,402,449,514
434,train/darmstadt/darmstadt_000019_000019_leftImg8bit.png,1,0,383,265,618
435,train/darmstadt/darmstadt_000078_000019_leftImg8bit.png,1,1150,425,1206,478
436,train/darmstadt/darmstadt_000078_000019_leftImg8bit.png,1,1178,419,1235,487
437,train/darmstadt/darmstadt_000078_000019_leftImg8bit.png,1,1196,420,1267,502
438,train/darmstadt/darmstadt_000078_000019_leftImg8bit.png,1,881,423,971,487
439,train/darmstadt/darmstadt_000078_000019_leftImg8bit.png,1,813,419,874,476
440,train/darmstadt/darmstadt_000078_000019_leftImg8bit.png,1,766,417,841,484
441,train/darmstadt/darmstadt_000078_000019_leftImg8bit.png,1,746,419,807,490
442,train/darmstadt/darmstadt_000078_000019_leftImg8bit.png,1,706,414,771,493
443,train/darmstadt/darmstadt_000078_000019_leftImg8bit.png,1,638,410,741,503
444,train/darmstadt/darmstadt_000078_000019_leftImg8bit.png,1,586,417,692,514
445,train/darmstadt/darmstadt_000078_000019_leftImg8bit.png,1,514,406,621,527
446,train/darmstadt/darmstadt_000078_000019_leftImg8bit.png,1,316,406,562,559
447,train/darmstadt/darmstadt_000078_000019_leftImg8bit.png,1,1207,422,1267,502
448,train/darmstadt/darmstadt_000078_000019_leftImg8bit.png,1,1234,414,1357,514
449,train/darmstadt/darmstadt_000078_000019_leftImg8bit.png,1,1319,405,1453,565
450,train/darmstadt/darmstadt_000078_000019_leftImg8bit.png,1,1389,379,1650,614
451,train/darmstadt/darmstadt_000078_000019_leftImg8bit.png,1,1538,375,1851,675
452,train/darmstadt/darmstadt_000078_000019_leftImg8bit.png,1,1630,362,2047,795
453,train/darmstadt/darmstadt_000083_000019_leftImg8bit.png,1,466,400,578,481
454,train/darmstadt/darmstadt_000083_000019_leftImg8bit.png,1,348,392,470,498
455,train/darmstadt/darmstadt_000083_000019_leftImg8bit.png,1,225,385,395,480
456,train/darmstadt/darmstadt_000083_000019_leftImg8bit.png,1,660,415,735,474
457,train/darmstadt/darmstadt_000083_000019_leftImg8bit.png,1,660,415,735,474
458,train/darmstadt/darmstadt_000084_000019_leftImg8bit.png,5,589,442,709,521
459,train/darmstadt/darmstadt_000084_000019_leftImg8bit.png,1,749,428,820,497
460,train/darmstadt/darmstadt_000084_000019_leftImg8bit.png,1,697,436,789,500
461,train/darmstadt/darmstadt_000084_000019_leftImg8bit.png,0,504,417,571,525
462,train/darmstadt/darmstadt_000084_000019_leftImg8bit.png,5,521,459,656,525
463,train/darmstadt/darmstadt_000084_000019_leftImg8bit.png,4,1256,436,1366,512
464,train/darmstadt/darmstadt_000071_000019_leftImg8bit.png,2,478,289,660,531
465,train/darmstadt/darmstadt_000071_000019_leftImg8bit.png,4,529,497,588,558
466,train/darmstadt/darmstadt_000071_000019_leftImg8bit.png,1,0,383,149,484
467,train/darmstadt/darmstadt_000071_000019_leftImg8bit.png,0,150,373,276,678
468,train/darmstadt/darmstadt_000071_000019_leftImg8bit.png,0,246,329,395,676
469,train/darmstadt/darmstadt_000071_000019_leftImg8bit.png,0,401,300,574,729
470,train/darmstadt/darmstadt_000071_000019_leftImg8bit.png,1,883,429,1062,512
471,train/darmstadt/darmstadt_000071_000019_leftImg8bit.png,1,890,452,1104,524
472,train/darmstadt/darmstadt_000071_000019_leftImg8bit.png,4,1243,545,1305,620
473,train/darmstadt/darmstadt_000071_000019_leftImg8bit.png,4,1275,531,1351,626
474,train/darmstadt/darmstadt_000071_000019_leftImg8bit.png,4,1338,513,1392,581
475,train/darmstadt/darmstadt_000071_000019_leftImg8bit.png,4,1328,503,1476,637
476,train/darmstadt/darmstadt_000074_000019_leftImg8bit.png,1,1064,407,1141,462
477,train/darmstadt/darmstadt_000074_000019_leftImg8bit.png,2,843,350,975,437
478,train/darmstadt/darmstadt_000074_000019_leftImg8bit.png,2,196,235,597,568
479,train/darmstadt/darmstadt_000074_000019_leftImg8bit.png,1,461,422,752,608
480,train/darmstadt/darmstadt_000074_000019_leftImg8bit.png,1,840,399,914,466
481,train/darmstadt/darmstadt_000074_000019_leftImg8bit.png,1,1275,403,1440,517
482,train/darmstadt/darmstadt_000060_000019_leftImg8bit.png,1,1122,466,1267,571
483,train/darmstadt/darmstadt_000060_000019_leftImg8bit.png,1,105,375,192,625
484,train/darmstadt/darmstadt_000036_000019_leftImg8bit.png,2,1024,346,1078,448
485,train/darmstadt/darmstadt_000036_000019_leftImg8bit.png,1,951,415,1026,477
486,train/darmstadt/darmstadt_000036_000019_leftImg8bit.png,2,1053,356,1184,489
487,train/darmstadt/darmstadt_000036_000019_leftImg8bit.png,1,1228,432,1307,493
488,train/darmstadt/darmstadt_000036_000019_leftImg8bit.png,1,1299,435,1353,507
489,train/darmstadt/darmstadt_000036_000019_leftImg8bit.png,1,1342,392,1525,534
490,train/darmstadt/darmstadt_000036_000019_leftImg8bit.png,1,1417,435,1590,554
491,train/darmstadt/darmstadt_000036_000019_leftImg8bit.png,4,1922,467,1999,571
492,train/darmstadt/darmstadt_000036_000019_leftImg8bit.png,1,1516,434,1663,583
493,train/darmstadt/darmstadt_000036_000019_leftImg8bit.png,1,1595,397,1938,625
494,train/darmstadt/darmstadt_000036_000019_leftImg8bit.png,1,679,240,836,510
495,train/darmstadt/darmstadt_000036_000019_leftImg8bit.png,5,155,377,222,465
496,train/darmstadt/darmstadt_000036_000019_leftImg8bit.png,5,452,374,525,490
497,train/darmstadt/darmstadt_000036_000019_leftImg8bit.png,5,313,388,483,548
498,train/darmstadt/darmstadt_000036_000019_leftImg8bit.png,5,346,447,459,557
499,train/darmstadt/darmstadt_000036_000019_leftImg8bit.png,5,259,412,407,563
500,train/darmstadt/darmstadt_000036_000019_leftImg8bit.png,5,95,403,346,578
501,train/darmstadt/darmstadt_000036_000019_leftImg8bit.png,5,0,371,259,607
502,train/darmstadt/darmstadt_000064_000019_leftImg8bit.png,2,920,332,1067,407
503,train/darmstadt/darmstadt_000064_000019_leftImg8bit.png,1,1128,356,1259,505
504,train/darmstadt/darmstadt_000064_000019_leftImg8bit.png,1,1136,370,1434,596
505,train/darmstadt/darmstadt_000064_000019_leftImg8bit.png,0,1888,218,2047,750
506,train/darmstadt/darmstadt_000064_000019_leftImg8bit.png,0,664,381,715,517
507,train/darmstadt/darmstadt_000009_000019_leftImg8bit.png,2,647,386,727,509
508,train/darmstadt/darmstadt_000009_000019_leftImg8bit.png,2,0,227,679,536
509,train/darmstadt/darmstadt_000009_000019_leftImg8bit.png,1,705,450,794,514
510,train/darmstadt/darmstadt_000009_000019_leftImg8bit.png,1,775,423,907,513
511,train/darmstadt/darmstadt_000009_000019_leftImg8bit.png,1,825,397,1116,520
512,train/darmstadt/darmstadt_000009_000019_leftImg8bit.png,1,1366,382,1732,545
513,train/darmstadt/darmstadt_000059_000019_leftImg8bit.png,5,998,495,1050,580
514,train/darmstadt/darmstadt_000059_000019_leftImg8bit.png,1,865,446,929,508
515,train/darmstadt/darmstadt_000059_000019_leftImg8bit.png,1,813,447,901,517
516,train/darmstadt/darmstadt_000059_000019_leftImg8bit.png,1,696,439,837,576
517,train/darmstadt/darmstadt_000059_000019_leftImg8bit.png,1,565,441,752,609
518,train/darmstadt/darmstadt_000059_000019_leftImg8bit.png,1,304,431,637,654
519,train/darmstadt/darmstadt_000059_000019_leftImg8bit.png,1,1095,448,1153,516
520,train/darmstadt/darmstadt_000059_000019_leftImg8bit.png,1,1125,434,1179,527
521,train/darmstadt/darmstadt_000059_000019_leftImg8bit.png,1,1136,431,1212,541
522,train/darmstadt/darmstadt_000059_000019_leftImg8bit.png,1,1168,437,1264,564
523,train/darmstadt/darmstadt_000059_000019_leftImg8bit.png,1,1195,437,1273,573
524,train/darmstadt/darmstadt_000059_000019_leftImg8bit.png,1,1220,416,1513,621
525,train/darmstadt/darmstadt_000059_000019_leftImg8bit.png,1,1385,416,1887,758
526,train/darmstadt/darmstadt_000059_000019_leftImg8bit.png,1,1650,399,2047,963
527,train/darmstadt/darmstadt_000079_000019_leftImg8bit.png,1,1419,400,1487,451
528,train/darmstadt/darmstadt_000079_000019_leftImg8bit.png,1,1062,412,1119,467
529,train/darmstadt/darmstadt_000079_000019_leftImg8bit.png,1,1022,409,1083,473
530,train/darmstadt/darmstadt_000079_000019_leftImg8bit.png,1,975,407,1049,480
531,train/darmstadt/darmstadt_000079_000019_leftImg8bit.png,1,826,412,943,509
532,train/darmstadt/darmstadt_000079_000019_leftImg8bit.png,1,721,410,867,520
533,train/darmstadt/darmstadt_000079_000019_leftImg8bit.png,1,586,409,748,539
534,train/darmstadt/darmstadt_000079_000019_leftImg8bit.png,1,350,390,624,566
535,train/darmstadt/darmstadt_000079_000019_leftImg8bit.png,1,47,357,390,610
536,train/darmstadt/darmstadt_000079_000019_leftImg8bit.png,1,0,345,100,645
537,train/darmstadt/darmstadt_000079_000019_leftImg8bit.png,1,1539,412,1709,586
538,train/darmstadt/darmstadt_000079_000019_leftImg8bit.png,1,1610,405,2012,667
539,train/darmstadt/darmstadt_000079_000019_leftImg8bit.png,1,1963,551,2047,871
540,train/darmstadt/darmstadt_000006_000019_leftImg8bit.png,2,614,373,743,481
541,train/darmstadt/darmstadt_000006_000019_leftImg8bit.png,0,1511,327,1564,462
542,train/darmstadt/darmstadt_000006_000019_leftImg8bit.png,1,1507,254,2047,720
543,train/darmstadt/darmstadt_000011_000019_leftImg8bit.png,2,979,264,1147,470
544,train/darmstadt/darmstadt_000011_000019_leftImg8bit.png,1,955,399,1146,561
545,train/darmstadt/darmstadt_000011_000019_leftImg8bit.png,1,795,389,893,477
546,train/darmstadt/darmstadt_000011_000019_leftImg8bit.png,1,547,397,716,536
547,train/darmstadt/darmstadt_000041_000019_leftImg8bit.png,1,1050,420,1214,476
548,train/darmstadt/darmstadt_000041_000019_leftImg8bit.png,1,671,413,808,477
549,train/darmstadt/darmstadt_000041_000019_leftImg8bit.png,1,789,415,897,505
550,train/darmstadt/darmstadt_000041_000019_leftImg8bit.png,1,451,427,585,484
551,train/darmstadt/darmstadt_000030_000019_leftImg8bit.png,2,1941,341,2047,404
552,train/darmstadt/darmstadt_000030_000019_leftImg8bit.png,2,1419,344,1490,401
553,train/darmstadt/darmstadt_000030_000019_leftImg8bit.png,1,1351,370,1413,429
554,train/darmstadt/darmstadt_000030_000019_leftImg8bit.png,1,1399,379,1480,440
555,train/darmstadt/darmstadt_000030_000019_leftImg8bit.png,1,1069,292,1324,496
556,train/darmstadt/darmstadt_000030_000019_leftImg8bit.png,2,952,351,1064,437
557,train/darmstadt/darmstadt_000030_000019_leftImg8bit.png,2,279,283,705,501
558,train/darmstadt/darmstadt_000030_000019_leftImg8bit.png,1,780,388,1000,496
559,train/darmstadt/darmstadt_000030_000019_leftImg8bit.png,1,0,382,453,558
560,train/darmstadt/darmstadt_000030_000019_leftImg8bit.png,1,0,476,137,939
561,train/darmstadt/darmstadt_000030_000019_leftImg8bit.png,2,1854,337,1951,407
562,train/darmstadt/darmstadt_000052_000019_leftImg8bit.png,1,946,357,1039,414
563,train/darmstadt/darmstadt_000052_000019_leftImg8bit.png,1,746,389,830,458
564,train/darmstadt/darmstadt_000052_000019_leftImg8bit.png,1,681,412,741,473
565,train/darmstadt/darmstadt_000052_000019_leftImg8bit.png,1,602,413,711,481
566,train/darmstadt/darmstadt_000052_000019_leftImg8bit.png,1,399,423,548,513
567,train/darmstadt/darmstadt_000052_000019_leftImg8bit.png,1,276,411,456,534
568,train/darmstadt/darmstadt_000052_000019_leftImg8bit.png,1,0,398,134,460
569,train/darmstadt/darmstadt_000052_000019_leftImg8bit.png,1,85,420,320,562
570,train/darmstadt/darmstadt_000052_000019_leftImg8bit.png,1,0,418,119,577
571,train/darmstadt/darmstadt_000052_000019_leftImg8bit.png,1,1072,399,1150,458
572,train/darmstadt/darmstadt_000032_000019_leftImg8bit.png,1,0,58,576,983
573,train/darmstadt/darmstadt_000032_000019_leftImg8bit.png,1,1012,406,1126,499
574,train/darmstadt/darmstadt_000032_000019_leftImg8bit.png,1,904,407,1000,472
575,train/darmstadt/darmstadt_000032_000019_leftImg8bit.png,1,1165,383,1261,480
576,train/darmstadt/darmstadt_000032_000019_leftImg8bit.png,1,1233,411,1401,545
577,train/darmstadt/darmstadt_000055_000019_leftImg8bit.png,1,954,429,1014,483
578,train/darmstadt/darmstadt_000055_000019_leftImg8bit.png,1,776,437,871,521
579,train/darmstadt/darmstadt_000055_000019_leftImg8bit.png,1,667,439,818,550
580,train/darmstadt/darmstadt_000055_000019_leftImg8bit.png,0,519,437,580,558
581,train/darmstadt/darmstadt_000055_000019_leftImg8bit.png,0,120,415,195,642
582,train/darmstadt/darmstadt_000055_000019_leftImg8bit.png,0,170,423,264,648
583,train/darmstadt/darmstadt_000055_000019_leftImg8bit.png,0,57,400,164,650
584,train/darmstadt/darmstadt_000055_000019_leftImg8bit.png,0,258,420,353,649
585,train/darmstadt/darmstadt_000055_000019_leftImg8bit.png,0,1317,386,1369,590
586,train/darmstadt/darmstadt_000055_000019_leftImg8bit.png,0,1326,366,1380,612
587,train/darmstadt/darmstadt_000055_000019_leftImg8bit.png,0,1344,366,1463,638
588,train/darmstadt/darmstadt_000055_000019_leftImg8bit.png,0,1463,369,1524,550
589,train/darmstadt/darmstadt_000055_000019_leftImg8bit.png,0,1498,353,1569,558
590,train/darmstadt/darmstadt_000055_000019_leftImg8bit.png,0,1553,356,1611,568
591,train/darmstadt/darmstadt_000055_000019_leftImg8bit.png,0,1574,343,1659,577
592,train/darmstadt/darmstadt_000000_000019_leftImg8bit.png,1,589,402,727,531
593,train/darmstadt/darmstadt_000000_000019_leftImg8bit.png,1,744,458,822,511
594,train/darmstadt/darmstadt_000000_000019_leftImg8bit.png,1,505,429,650,544
595,train/darmstadt/darmstadt_000000_000019_leftImg8bit.png,1,425,464,581,558
596,train/darmstadt/darmstadt_000000_000019_leftImg8bit.png,1,337,464,465,581
597,train/darmstadt/darmstadt_000000_000019_leftImg8bit.png,1,54,415,366,620
598,train/darmstadt/darmstadt_000000_000019_leftImg8bit.png,1,0,428,157,643
599,train/darmstadt/darmstadt_000000_000019_leftImg8bit.png,1,915,429,1013,511
600,train/darmstadt/darmstadt_000007_000019_leftImg8bit.png,2,574,376,729,503
601,train/darmstadt/darmstadt_000007_000019_leftImg8bit.png,1,1013,424,1111,498
602,train/darmstadt/darmstadt_000007_000019_leftImg8bit.png,1,887,417,1069,503
603,train/darmstadt/darmstadt_000007_000019_leftImg8bit.png,4,659,477,972,635
604,train/darmstadt/darmstadt_000007_000019_leftImg8bit.png,0,769,273,991,702
605,train/darmstadt/darmstadt_000007_000019_leftImg8bit.png,0,40,338,232,683
606,train/darmstadt/darmstadt_000007_000019_leftImg8bit.png,1,566,448,665,511
607,train/darmstadt/darmstadt_000062_000019_leftImg8bit.png,1,1388,273,1456,385
608,train/darmstadt/darmstadt_000062_000019_leftImg8bit.png,1,1294,268,1424,406
609,train/darmstadt/darmstadt_000062_000019_leftImg8bit.png,0,1410,231,1511,428
610,train/darmstadt/darmstadt_000062_000019_leftImg8bit.png,1,1146,294,1234,366
611,train/darmstadt/darmstadt_000062_000019_leftImg8bit.png,1,1080,301,1153,379
612,train/darmstadt/darmstadt_000062_000019_leftImg8bit.png,1,981,290,1108,387
613,train/darmstadt/darmstadt_000062_000019_leftImg8bit.png,1,880,293,999,403
614,train/darmstadt/darmstadt_000062_000019_leftImg8bit.png,1,721,247,907,415
615,train/darmstadt/darmstadt_000062_000019_leftImg8bit.png,1,490,259,792,435
616,train/darmstadt/darmstadt_000062_000019_leftImg8bit.png,4,421,307,495,412
617,train/darmstadt/darmstadt_000062_000019_leftImg8bit.png,1,1185,289,1392,431
618,train/darmstadt/darmstadt_000062_000019_leftImg8bit.png,5,1613,340,2047,717
619,train/darmstadt/darmstadt_000020_000019_leftImg8bit.png,1,617,520,697,582
620,train/darmstadt/darmstadt_000050_000019_leftImg8bit.png,1,0,324,514,667
621,train/darmstadt/darmstadt_000050_000019_leftImg8bit.png,1,1280,411,1356,465
622,train/darmstadt/darmstadt_000050_000019_leftImg8bit.png,1,1136,397,1338,520
623,train/darmstadt/darmstadt_000050_000019_leftImg8bit.png,1,1418,364,1582,479
624,train/darmstadt/darmstadt_000050_000019_leftImg8bit.png,1,1330,337,1586,596
625,train/darmstadt/darmstadt_000050_000019_leftImg8bit.png,1,1721,381,1856,529
626,train/darmstadt/darmstadt_000050_000019_leftImg8bit.png,1,1773,370,2008,573
627,train/darmstadt/darmstadt_000050_000019_leftImg8bit.png,1,1907,345,2047,639
628,train/darmstadt/darmstadt_000018_000019_leftImg8bit.png,1,527,409,609,477
629,train/darmstadt/darmstadt_000018_000019_leftImg8bit.png,1,504,431,568,488
630,train/darmstadt/darmstadt_000018_000019_leftImg8bit.png,1,404,398,517,496
631,train/darmstadt/darmstadt_000018_000019_leftImg8bit.png,1,313,436,405,497
632,train/darmstadt/darmstadt_000018_000019_leftImg8bit.png,1,132,437,229,502
633,train/darmstadt/darmstadt_000018_000019_leftImg8bit.png,1,191,438,310,505
634,train/darmstadt/darmstadt_000018_000019_leftImg8bit.png,1,0,382,74,511
635,train/darmstadt/darmstadt_000018_000019_leftImg8bit.png,1,1333,424,1483,480
636,train/darmstadt/darmstadt_000018_000019_leftImg8bit.png,2,1051,229,1336,550
637,train/darmstadt/darmstadt_000018_000019_leftImg8bit.png,1,1342,424,1475,480
638,train/darmstadt/darmstadt_000018_000019_leftImg8bit.png,1,1417,0,2047,980
639,train/darmstadt/darmstadt_000080_000019_leftImg8bit.png,2,348,370,400,435
640,train/darmstadt/darmstadt_000080_000019_leftImg8bit.png,4,1223,426,1300,549
641,train/darmstadt/darmstadt_000080_000019_leftImg8bit.png,1,768,404,861,455
642,train/darmstadt/darmstadt_000080_000019_leftImg8bit.png,1,845,399,936,478
643,train/darmstadt/darmstadt_000080_000019_leftImg8bit.png,1,913,371,1100,532
644,train/darmstadt/darmstadt_000058_000019_leftImg8bit.png,1,1355,394,1644,587
645,train/darmstadt/darmstadt_000058_000019_leftImg8bit.png,1,1578,367,2047,729
646,train/darmstadt/darmstadt_000058_000019_leftImg8bit.png,1,932,364,1217,699
647,train/darmstadt/darmstadt_000058_000019_leftImg8bit.png,5,1156,554,1321,836
648,train/darmstadt/darmstadt_000058_000019_leftImg8bit.png,1,332,332,743,623
649,train/darmstadt/darmstadt_000058_000019_leftImg8bit.png,1,0,334,481,883
650,train/darmstadt/darmstadt_000002_000019_leftImg8bit.png,1,899,391,1135,487
651,train/darmstadt/darmstadt_000002_000019_leftImg8bit.png,2,313,277,868,499
652,train/darmstadt/darmstadt_000002_000019_leftImg8bit.png,1,115,401,370,471
653,train/darmstadt/darmstadt_000002_000019_leftImg8bit.png,1,0,420,368,538
654,train/darmstadt/darmstadt_000002_000019_leftImg8bit.png,1,512,333,825,587
655,train/darmstadt/darmstadt_000002_000019_leftImg8bit.png,1,1501,378,1886,604
656,train/darmstadt/darmstadt_000002_000019_leftImg8bit.png,4,345,434,495,524
657,train/darmstadt/darmstadt_000002_000019_leftImg8bit.png,1,1209,379,1272,432
658,train/darmstadt/darmstadt_000002_000019_leftImg8bit.png,2,1232,346,1494,456
659,train/darmstadt/darmstadt_000017_000019_leftImg8bit.png,1,358,432,429,487
660,train/darmstadt/darmstadt_000017_000019_leftImg8bit.png,1,411,393,520,493
661,train/darmstadt/darmstadt_000017_000019_leftImg8bit.png,1,447,400,1040,583
662,train/darmstadt/darmstadt_000017_000019_leftImg8bit.png,1,220,401,353,485
663,train/darmstadt/darmstadt_000017_000019_leftImg8bit.png,1,270,432,375,496
664,train/darmstadt/darmstadt_000017_000019_leftImg8bit.png,1,1687,428,1793,483
665,train/darmstadt/darmstadt_000017_000019_leftImg8bit.png,1,125,434,245,496
666,train/darmstadt/darmstadt_000017_000019_leftImg8bit.png,1,0,429,168,526
667,train/darmstadt/darmstadt_000017_000019_leftImg8bit.png,1,1840,399,1971,487
668,train/darmstadt/darmstadt_000017_000019_leftImg8bit.png,1,1446,420,1528,471
669,train/darmstadt/darmstadt_000017_000019_leftImg8bit.png,1,1491,406,1660,484
670,train/darmstadt/darmstadt_000039_000019_leftImg8bit.png,1,1113,405,1200,503
671,train/darmstadt/darmstadt_000039_000019_leftImg8bit.png,1,1196,428,1339,527
672,train/darmstadt/darmstadt_000039_000019_leftImg8bit.png,4,1361,449,1413,525
673,train/darmstadt/darmstadt_000044_000019_leftImg8bit.png,1,1877,372,2047,503
674,train/darmstadt/darmstadt_000044_000019_leftImg8bit.png,1,210,375,577,509
675,train/darmstadt/darmstadt_000044_000019_leftImg8bit.png,1,938,385,1334,513
676,train/darmstadt/darmstadt_000012_000019_leftImg8bit.png,1,0,400,171,531
677,train/darmstadt/darmstadt_000012_000019_leftImg8bit.png,2,938,305,1098,563
678,train/darmstadt/darmstadt_000012_000019_leftImg8bit.png,1,894,424,1090,594
679,train/darmstadt/darmstadt_000024_000019_leftImg8bit.png,1,1234,409,1296,463
680,train/darmstadt/darmstadt_000024_000019_leftImg8bit.png,1,1325,398,1393,470
681,train/darmstadt/darmstadt_000024_000019_leftImg8bit.png,1,1276,400,1368,478
682,train/darmstadt/darmstadt_000024_000019_leftImg8bit.png,1,862,405,1086,576
683,train/darmstadt/darmstadt_000024_000019_leftImg8bit.png,1,1089,411,1195,485
684,train/darmstadt/darmstadt_000024_000019_leftImg8bit.png,0,1472,339,1549,440
685,train/darmstadt/darmstadt_000024_000019_leftImg8bit.png,1,1392,337,2047,598
686,train/darmstadt/darmstadt_000024_000019_leftImg8bit.png,1,747,405,863,461
687,train/darmstadt/darmstadt_000024_000019_leftImg8bit.png,1,719,406,818,464
688,train/darmstadt/darmstadt_000024_000019_leftImg8bit.png,1,700,406,789,474
689,train/darmstadt/darmstadt_000024_000019_leftImg8bit.png,1,612,399,733,467
690,train/darmstadt/darmstadt_000024_000019_leftImg8bit.png,1,601,405,720,485
691,train/darmstadt/darmstadt_000024_000019_leftImg8bit.png,1,500,401,641,493
692,train/darmstadt/darmstadt_000022_000019_leftImg8bit.png,1,0,365,230,514
693,train/darmstadt/darmstadt_000022_000019_leftImg8bit.png,1,1889,571,2047,995
694,train/darmstadt/darmstadt_000022_000019_leftImg8bit.png,2,1490,358,1623,454
695,train/darmstadt/darmstadt_000022_000019_leftImg8bit.png,1,1360,382,1487,461
696,train/darmstadt/darmstadt_000022_000019_leftImg8bit.png,1,1227,378,1324,460
697,train/darmstadt/darmstadt_000022_000019_leftImg8bit.png,0,1076,302,1259,633
698,train/darmstadt/darmstadt_000022_000019_leftImg8bit.png,1,995,380,1160,473
699,train/darmstadt/darmstadt_000022_000019_leftImg8bit.png,0,803,318,1027,665
700,train/darmstadt/darmstadt_000077_000019_leftImg8bit.png,1,1173,403,1308,512
701,train/darmstadt/darmstadt_000077_000019_leftImg8bit.png,1,1202,422,1341,521
702,train/darmstadt/darmstadt_000077_000019_leftImg8bit.png,1,1486,366,2047,764
703,train/darmstadt/darmstadt_000077_000019_leftImg8bit.png,1,1818,427,2047,921
704,train/darmstadt/darmstadt_000077_000019_leftImg8bit.png,1,921,392,1001,478
705,train/darmstadt/darmstadt_000077_000019_leftImg8bit.png,1,902,426,967,490
706,train/darmstadt/darmstadt_000077_000019_leftImg8bit.png,1,815,417,922,505
707,train/darmstadt/darmstadt_000077_000019_leftImg8bit.png,1,737,424,887,532
708,train/darmstadt/darmstadt_000077_000019_leftImg8bit.png,1,371,438,497,550
709,train/darmstadt/darmstadt_000077_000019_leftImg8bit.png,1,418,403,719,611
710,train/darmstadt/darmstadt_000077_000019_leftImg8bit.png,1,0,440,320,617
711,train/darmstadt/darmstadt_000065_000019_leftImg8bit.png,2,742,311,991,417
712,train/darmstadt/darmstadt_000065_000019_leftImg8bit.png,1,1191,394,1355,463
713,train/darmstadt/darmstadt_000065_000019_leftImg8bit.png,1,1188,416,1346,545
714,train/darmstadt/darmstadt_000065_000019_leftImg8bit.png,1,1248,399,1432,580
715,train/darmstadt/darmstadt_000065_000019_leftImg8bit.png,1,1381,348,1850,694
716,train/darmstadt/darmstadt_000065_000019_leftImg8bit.png,1,1604,399,2047,940
717,train/darmstadt/darmstadt_000075_000019_leftImg8bit.png,1,173,402,249,453
718,train/darmstadt/darmstadt_000075_000019_leftImg8bit.png,1,1092,368,1318,512
719,train/darmstadt/darmstadt_000075_000019_leftImg8bit.png,1,854,428,932,489
720,train/darmstadt/darmstadt_000075_000019_leftImg8bit.png,1,23,382,185,443
721,train/darmstadt/darmstadt_000075_000019_leftImg8bit.png,4,0,427,54,498
