0,train/erfurt/erfurt_000002_000019_leftImg8bit.png,1,1052,408,1150,498
1,train/erfurt/erfurt_000002_000019_leftImg8bit.png,2,1052,408,1150,498
2,train/erfurt/erfurt_000002_000019_leftImg8bit.png,1,987,403,1085,507
3,train/erfurt/erfurt_000090_000019_leftImg8bit.png,1,240,396,351,489
4,train/erfurt/erfurt_000090_000019_leftImg8bit.png,1,0,392,151,501
5,train/erfurt/erfurt_000090_000019_leftImg8bit.png,1,732,433,794,486
6,train/erfurt/erfurt_000090_000019_leftImg8bit.png,1,784,381,903,504
7,train/erfurt/erfurt_000090_000019_leftImg8bit.png,1,815,433,926,511
8,train/erfurt/erfurt_000090_000019_leftImg8bit.png,1,951,425,1154,579
9,train/erfurt/erfurt_000090_000019_leftImg8bit.png,0,1346,361,1431,607
10,train/erfurt/erfurt_000090_000019_leftImg8bit.png,0,1415,374,1497,606
11,train/erfurt/erfurt_000104_000019_leftImg8bit.png,1,785,429,880,522
12,train/erfurt/erfurt_000104_000019_leftImg8bit.png,1,727,425,820,551
13,train/erfurt/erfurt_000104_000019_leftImg8bit.png,1,557,418,769,578
14,train/erfurt/erfurt_000104_000019_leftImg8bit.png,1,976,431,1028,484
15,train/erfurt/erfurt_000104_000019_leftImg8bit.png,1,1003,431,1064,483
16,train/erfurt/erfurt_000104_000019_leftImg8bit.png,1,1039,426,1117,488
17,train/erfurt/erfurt_000104_000019_leftImg8bit.png,1,1092,431,1149,495
18,train/erfurt/erfurt_000104_000019_leftImg8bit.png,1,1145,421,1243,517
19,train/erfurt/erfurt_000104_000019_leftImg8bit.png,1,1170,421,1278,538
20,train/erfurt/erfurt_000104_000019_leftImg8bit.png,1,1225,432,1292,586
21,train/erfurt/erfurt_000104_000019_leftImg8bit.png,1,1260,320,1673,643
22,train/erfurt/erfurt_000104_000019_leftImg8bit.png,0,1655,350,1745,500
23,train/erfurt/erfurt_000104_000019_leftImg8bit.png,1,1587,345,2048,1011
24,train/erfurt/erfurt_000104_000019_leftImg8bit.png,1,0,420,427,817
25,train/erfurt/erfurt_000053_000019_leftImg8bit.png,1,1199,418,1278,512
26,train/erfurt/erfurt_000053_000019_leftImg8bit.png,1,1237,409,1342,530
27,train/erfurt/erfurt_000053_000019_leftImg8bit.png,1,1258,407,1492,567
28,train/erfurt/erfurt_000019_000019_leftImg8bit.png,1,813,434,877,491
29,train/erfurt/erfurt_000019_000019_leftImg8bit.png,1,574,417,667,507
30,train/erfurt/erfurt_000019_000019_leftImg8bit.png,1,468,417,623,519
31,train/erfurt/erfurt_000019_000019_leftImg8bit.png,1,220,366,492,552
32,train/erfurt/erfurt_000019_000019_leftImg8bit.png,1,824,385,1132,643
33,train/erfurt/erfurt_000027_000019_leftImg8bit.png,1,697,394,818,499
34,train/erfurt/erfurt_000027_000019_leftImg8bit.png,1,1000,414,1095,485
35,train/erfurt/erfurt_000074_000019_leftImg8bit.png,1,1031,458,1114,524
36,train/erfurt/erfurt_000074_000019_leftImg8bit.png,0,644,398,703,577
37,train/erfurt/erfurt_000074_000019_leftImg8bit.png,0,57,338,196,639
38,train/erfurt/erfurt_000074_000019_leftImg8bit.png,1,0,525,301,1024
39,train/erfurt/erfurt_000074_000019_leftImg8bit.png,0,1079,408,1154,566
40,train/erfurt/erfurt_000074_000019_leftImg8bit.png,0,1355,409,1408,508
41,train/erfurt/erfurt_000074_000019_leftImg8bit.png,0,1289,405,1349,554
42,train/erfurt/erfurt_000108_000019_leftImg8bit.png,1,890,397,958,462
43,train/erfurt/erfurt_000108_000019_leftImg8bit.png,1,881,410,941,474
44,train/erfurt/erfurt_000108_000019_leftImg8bit.png,1,819,406,902,471
45,train/erfurt/erfurt_000108_000019_leftImg8bit.png,1,847,410,898,512
46,train/erfurt/erfurt_000108_000019_leftImg8bit.png,1,797,408,879,520
47,train/erfurt/erfurt_000108_000019_leftImg8bit.png,1,748,411,847,547
48,train/erfurt/erfurt_000108_000019_leftImg8bit.png,0,545,369,598,492
49,train/erfurt/erfurt_000108_000019_leftImg8bit.png,0,475,379,531,512
50,train/erfurt/erfurt_000108_000019_leftImg8bit.png,1,549,401,793,583
51,train/erfurt/erfurt_000108_000019_leftImg8bit.png,1,1137,428,1198,510
52,train/erfurt/erfurt_000108_000019_leftImg8bit.png,1,1182,374,1347,529
53,train/erfurt/erfurt_000108_000019_leftImg8bit.png,1,1211,412,1368,548
54,train/erfurt/erfurt_000108_000019_leftImg8bit.png,1,1289,405,1609,616
55,train/erfurt/erfurt_000108_000019_leftImg8bit.png,1,1502,366,2048,913
56,train/erfurt/erfurt_000108_000019_leftImg8bit.png,5,250,422,522,692
57,train/erfurt/erfurt_000012_000019_leftImg8bit.png,1,502,424,600,506
58,train/erfurt/erfurt_000012_000019_leftImg8bit.png,1,374,420,541,519
59,train/erfurt/erfurt_000012_000019_leftImg8bit.png,1,142,424,250,559
60,train/erfurt/erfurt_000012_000019_leftImg8bit.png,1,0,400,224,649
61,train/erfurt/erfurt_000012_000019_leftImg8bit.png,1,731,423,828,491
62,train/erfurt/erfurt_000017_000019_leftImg8bit.png,1,865,397,943,458
63,train/erfurt/erfurt_000017_000019_leftImg8bit.png,1,895,395,976,461
64,train/erfurt/erfurt_000017_000019_leftImg8bit.png,1,938,394,1025,465
65,train/erfurt/erfurt_000017_000019_leftImg8bit.png,1,981,389,1102,473
66,train/erfurt/erfurt_000017_000019_leftImg8bit.png,1,1029,390,1124,485
67,train/erfurt/erfurt_000017_000019_leftImg8bit.png,1,1084,387,1200,502
68,train/erfurt/erfurt_000017_000019_leftImg8bit.png,1,1150,375,1291,519
69,train/erfurt/erfurt_000017_000019_leftImg8bit.png,1,1209,373,1419,546
70,train/erfurt/erfurt_000017_000019_leftImg8bit.png,1,1316,345,1665,594
71,train/erfurt/erfurt_000017_000019_leftImg8bit.png,1,1505,311,2048,695
72,train/erfurt/erfurt_000017_000019_leftImg8bit.png,1,720,368,876,508
73,train/erfurt/erfurt_000085_000019_leftImg8bit.png,1,766,401,887,481
74,train/erfurt/erfurt_000085_000019_leftImg8bit.png,1,733,433,800,490
75,train/erfurt/erfurt_000085_000019_leftImg8bit.png,1,735,447,786,503
76,train/erfurt/erfurt_000085_000019_leftImg8bit.png,1,654,397,754,532
77,train/erfurt/erfurt_000085_000019_leftImg8bit.png,1,537,390,725,555
78,train/erfurt/erfurt_000085_000019_leftImg8bit.png,1,929,410,1047,498
79,train/erfurt/erfurt_000085_000019_leftImg8bit.png,0,982,405,1034,513
80,train/erfurt/erfurt_000085_000019_leftImg8bit.png,1,0,352,585,747
81,train/erfurt/erfurt_000000_000019_leftImg8bit.png,4,1986,432,2048,574
82,train/erfurt/erfurt_000000_000019_leftImg8bit.png,1,669,419,760,489
83,train/erfurt/erfurt_000000_000019_leftImg8bit.png,1,709,419,829,494
84,train/erfurt/erfurt_000000_000019_leftImg8bit.png,1,543,424,690,500
85,train/erfurt/erfurt_000069_000019_leftImg8bit.png,0,686,396,752,547
86,train/erfurt/erfurt_000069_000019_leftImg8bit.png,0,580,395,654,567
87,train/erfurt/erfurt_000069_000019_leftImg8bit.png,0,519,383,591,562
88,train/erfurt/erfurt_000069_000019_leftImg8bit.png,4,1791,446,1959,578
89,train/erfurt/erfurt_000069_000019_leftImg8bit.png,0,1310,392,1366,574
90,train/erfurt/erfurt_000100_000019_leftImg8bit.png,1,607,420,698,503
91,train/erfurt/erfurt_000100_000019_leftImg8bit.png,1,434,413,599,514
92,train/erfurt/erfurt_000100_000019_leftImg8bit.png,1,346,437,487,518
93,train/erfurt/erfurt_000100_000019_leftImg8bit.png,1,228,445,373,521
94,train/erfurt/erfurt_000100_000019_leftImg8bit.png,1,89,444,248,526
95,train/erfurt/erfurt_000100_000019_leftImg8bit.png,1,0,445,103,532
96,train/erfurt/erfurt_000100_000019_leftImg8bit.png,1,1062,424,1143,478
97,train/erfurt/erfurt_000100_000019_leftImg8bit.png,1,995,432,1090,497
98,train/erfurt/erfurt_000100_000019_leftImg8bit.png,1,1093,434,1176,491
99,train/erfurt/erfurt_000100_000019_leftImg8bit.png,1,1294,431,1384,492
100,train/erfurt/erfurt_000100_000019_leftImg8bit.png,1,1394,428,1511,491
101,train/erfurt/erfurt_000100_000019_leftImg8bit.png,1,1505,428,1580,491
102,train/erfurt/erfurt_000100_000019_leftImg8bit.png,1,1569,419,1684,487
103,train/erfurt/erfurt_000100_000019_leftImg8bit.png,1,1665,423,1727,484
104,train/erfurt/erfurt_000100_000019_leftImg8bit.png,1,1716,422,1796,485
105,train/erfurt/erfurt_000100_000019_leftImg8bit.png,1,1750,413,1832,479
106,train/erfurt/erfurt_000100_000019_leftImg8bit.png,1,1827,420,1903,476
107,train/erfurt/erfurt_000100_000019_leftImg8bit.png,1,1850,409,1946,475
108,train/erfurt/erfurt_000100_000019_leftImg8bit.png,1,1979,416,2030,470
109,train/erfurt/erfurt_000100_000019_leftImg8bit.png,1,1197,429,1270,494
110,train/erfurt/erfurt_000075_000019_leftImg8bit.png,1,1496,413,1685,560
111,train/erfurt/erfurt_000075_000019_leftImg8bit.png,0,583,377,645,567
112,train/erfurt/erfurt_000075_000019_leftImg8bit.png,0,1203,379,1264,582
113,train/erfurt/erfurt_000099_000019_leftImg8bit.png,1,851,428,915,485
114,train/erfurt/erfurt_000099_000019_leftImg8bit.png,1,810,437,861,492
115,train/erfurt/erfurt_000099_000019_leftImg8bit.png,1,620,438,707,497
116,train/erfurt/erfurt_000099_000019_leftImg8bit.png,1,522,443,690,539
117,train/erfurt/erfurt_000099_000019_leftImg8bit.png,1,184,431,482,606
118,train/erfurt/erfurt_000099_000019_leftImg8bit.png,1,0,438,212,684
119,train/erfurt/erfurt_000099_000019_leftImg8bit.png,1,665,411,849,560
120,train/erfurt/erfurt_000099_000019_leftImg8bit.png,1,1137,411,1192,480
121,train/erfurt/erfurt_000099_000019_leftImg8bit.png,1,1156,417,1213,497
122,train/erfurt/erfurt_000099_000019_leftImg8bit.png,1,1174,419,1228,503
123,train/erfurt/erfurt_000099_000019_leftImg8bit.png,1,1185,410,1242,513
124,train/erfurt/erfurt_000099_000019_leftImg8bit.png,1,1201,401,1353,530
125,train/erfurt/erfurt_000099_000019_leftImg8bit.png,1,1291,385,1455,574
126,train/erfurt/erfurt_000099_000019_leftImg8bit.png,1,1370,359,1737,637
127,train/erfurt/erfurt_000099_000019_leftImg8bit.png,1,1633,309,2048,808
128,train/erfurt/erfurt_000025_000019_leftImg8bit.png,0,1465,294,1561,558
129,train/erfurt/erfurt_000025_000019_leftImg8bit.png,4,1523,428,1596,572
130,train/erfurt/erfurt_000091_000019_leftImg8bit.png,1,851,415,919,488
131,train/erfurt/erfurt_000091_000019_leftImg8bit.png,1,824,420,906,493
132,train/erfurt/erfurt_000091_000019_leftImg8bit.png,0,606,386,657,533
133,train/erfurt/erfurt_000091_000019_leftImg8bit.png,0,654,395,715,533
134,train/erfurt/erfurt_000051_000019_leftImg8bit.png,4,1548,441,1638,558
135,train/erfurt/erfurt_000035_000019_leftImg8bit.png,1,0,501,93,559
136,train/erfurt/erfurt_000035_000019_leftImg8bit.png,3,490,368,725,436
137,train/erfurt/erfurt_000035_000019_leftImg8bit.png,3,506,371,796,460
138,train/erfurt/erfurt_000035_000019_leftImg8bit.png,1,451,448,528,502
139,train/erfurt/erfurt_000022_000019_leftImg8bit.png,1,403,424,597,524
140,train/erfurt/erfurt_000022_000019_leftImg8bit.png,1,1086,408,1255,539
141,train/erfurt/erfurt_000071_000019_leftImg8bit.png,0,892,374,952,510
142,train/erfurt/erfurt_000071_000019_leftImg8bit.png,0,743,388,804,515
143,train/erfurt/erfurt_000071_000019_leftImg8bit.png,0,785,378,839,519
144,train/erfurt/erfurt_000071_000019_leftImg8bit.png,0,640,342,734,562
145,train/erfurt/erfurt_000071_000019_leftImg8bit.png,4,302,423,526,561
146,train/erfurt/erfurt_000071_000019_leftImg8bit.png,1,1014,408,1076,459
147,train/erfurt/erfurt_000055_000019_leftImg8bit.png,1,753,435,875,524
148,train/erfurt/erfurt_000055_000019_leftImg8bit.png,0,544,415,600,540
149,train/erfurt/erfurt_000055_000019_leftImg8bit.png,0,616,420,671,542
150,train/erfurt/erfurt_000068_000019_leftImg8bit.png,4,597,434,650,514
151,train/erfurt/erfurt_000068_000019_leftImg8bit.png,0,69,367,163,549
152,train/erfurt/erfurt_000068_000019_leftImg8bit.png,0,0,346,69,542
153,train/erfurt/erfurt_000068_000019_leftImg8bit.png,0,479,437,532,527
154,train/erfurt/erfurt_000068_000019_leftImg8bit.png,4,1832,487,1899,574
155,train/erfurt/erfurt_000068_000019_leftImg8bit.png,4,1426,453,1494,588
156,train/erfurt/erfurt_000068_000019_leftImg8bit.png,4,1729,470,1891,722
157,train/erfurt/erfurt_000068_000019_leftImg8bit.png,0,415,412,561,560
158,train/erfurt/erfurt_000068_000019_leftImg8bit.png,0,434,436,489,563
159,train/erfurt/erfurt_000068_000019_leftImg8bit.png,0,520,452,615,557
160,train/erfurt/erfurt_000042_000019_leftImg8bit.png,1,1122,419,1177,513
161,train/erfurt/erfurt_000042_000019_leftImg8bit.png,1,1135,418,1243,528
162,train/erfurt/erfurt_000042_000019_leftImg8bit.png,1,1190,414,1280,572
163,train/erfurt/erfurt_000042_000019_leftImg8bit.png,1,719,372,882,530
164,train/erfurt/erfurt_000042_000019_leftImg8bit.png,4,912,432,969,536
165,train/erfurt/erfurt_000042_000019_leftImg8bit.png,4,810,430,869,555
166,train/erfurt/erfurt_000042_000019_leftImg8bit.png,1,1233,364,1499,623
167,train/erfurt/erfurt_000042_000019_leftImg8bit.png,1,1325,388,1879,750
168,train/erfurt/erfurt_000011_000019_leftImg8bit.png,1,1143,450,1212,505
169,train/erfurt/erfurt_000011_000019_leftImg8bit.png,1,1195,436,1401,564
170,train/erfurt/erfurt_000011_000019_leftImg8bit.png,0,1203,424,1258,564
171,train/erfurt/erfurt_000011_000019_leftImg8bit.png,0,1418,417,1510,567
172,train/erfurt/erfurt_000011_000019_leftImg8bit.png,1,888,447,972,522
173,train/erfurt/erfurt_000011_000019_leftImg8bit.png,1,856,448,938,541
174,train/erfurt/erfurt_000011_000019_leftImg8bit.png,1,781,442,895,565
175,train/erfurt/erfurt_000011_000019_leftImg8bit.png,1,750,446,852,599
176,train/erfurt/erfurt_000011_000019_leftImg8bit.png,1,656,442,820,640
177,train/erfurt/erfurt_000011_000019_leftImg8bit.png,1,206,422,725,754
178,train/erfurt/erfurt_000070_000019_leftImg8bit.png,0,799,360,875,535
179,train/erfurt/erfurt_000070_000019_leftImg8bit.png,0,671,335,758,545
180,train/erfurt/erfurt_000107_000019_leftImg8bit.png,1,980,394,1034,467
181,train/erfurt/erfurt_000107_000019_leftImg8bit.png,1,950,396,1016,476
182,train/erfurt/erfurt_000107_000019_leftImg8bit.png,1,925,394,991,490
183,train/erfurt/erfurt_000107_000019_leftImg8bit.png,1,869,391,969,500
184,train/erfurt/erfurt_000107_000019_leftImg8bit.png,1,753,392,950,536
185,train/erfurt/erfurt_000107_000019_leftImg8bit.png,1,612,360,771,597
186,train/erfurt/erfurt_000107_000019_leftImg8bit.png,1,176,298,700,673
187,train/erfurt/erfurt_000107_000019_leftImg8bit.png,1,0,324,405,904
188,train/erfurt/erfurt_000107_000019_leftImg8bit.png,1,1221,401,1272,467
189,train/erfurt/erfurt_000107_000019_leftImg8bit.png,1,1233,402,1313,493
190,train/erfurt/erfurt_000107_000019_leftImg8bit.png,1,1281,395,1376,507
191,train/erfurt/erfurt_000107_000019_leftImg8bit.png,1,1295,403,1387,528
192,train/erfurt/erfurt_000107_000019_leftImg8bit.png,1,1331,395,1477,571
193,train/erfurt/erfurt_000107_000019_leftImg8bit.png,1,1410,379,1667,621
194,train/erfurt/erfurt_000107_000019_leftImg8bit.png,1,1528,374,2002,776
195,train/erfurt/erfurt_000107_000019_leftImg8bit.png,1,1751,338,2048,947
196,train/erfurt/erfurt_000018_000019_leftImg8bit.png,1,1217,413,1301,474
197,train/erfurt/erfurt_000018_000019_leftImg8bit.png,1,1265,410,1348,486
198,train/erfurt/erfurt_000018_000019_leftImg8bit.png,1,1297,408,1402,492
199,train/erfurt/erfurt_000018_000019_leftImg8bit.png,1,1123,396,1209,488
200,train/erfurt/erfurt_000018_000019_leftImg8bit.png,1,860,422,976,511
201,train/erfurt/erfurt_000018_000019_leftImg8bit.png,1,472,402,806,641
202,train/erfurt/erfurt_000003_000019_leftImg8bit.png,0,533,356,616,546
203,train/erfurt/erfurt_000092_000019_leftImg8bit.png,1,718,396,786,449
204,train/erfurt/erfurt_000092_000019_leftImg8bit.png,1,1091,396,1214,491
205,train/erfurt/erfurt_000092_000019_leftImg8bit.png,1,1139,396,1299,510
206,train/erfurt/erfurt_000092_000019_leftImg8bit.png,1,1255,388,1391,533
207,train/erfurt/erfurt_000092_000019_leftImg8bit.png,1,1331,369,1588,577
208,train/erfurt/erfurt_000092_000019_leftImg8bit.png,1,1481,367,1959,676
209,train/erfurt/erfurt_000023_000019_leftImg8bit.png,0,1363,379,1417,569
210,train/erfurt/erfurt_000023_000019_leftImg8bit.png,1,360,437,505,518
211,train/erfurt/erfurt_000023_000019_leftImg8bit.png,1,463,405,788,630
212,train/erfurt/erfurt_000023_000019_leftImg8bit.png,1,0,435,131,565
213,train/erfurt/erfurt_000023_000019_leftImg8bit.png,1,954,430,1040,499
214,train/erfurt/erfurt_000023_000019_leftImg8bit.png,1,1034,416,1173,541
215,train/erfurt/erfurt_000010_000019_leftImg8bit.png,1,1092,421,1152,473
216,train/erfurt/erfurt_000010_000019_leftImg8bit.png,1,1104,429,1156,485
217,train/erfurt/erfurt_000010_000019_leftImg8bit.png,1,1127,425,1246,508
218,train/erfurt/erfurt_000010_000019_leftImg8bit.png,1,1225,415,1427,574
219,train/erfurt/erfurt_000010_000019_leftImg8bit.png,1,930,398,997,469
220,train/erfurt/erfurt_000010_000019_leftImg8bit.png,1,859,414,955,499
221,train/erfurt/erfurt_000010_000019_leftImg8bit.png,1,773,400,910,520
222,train/erfurt/erfurt_000010_000019_leftImg8bit.png,1,353,393,732,643
223,train/erfurt/erfurt_000067_000019_leftImg8bit.png,0,1693,395,1744,527
224,train/erfurt/erfurt_000067_000019_leftImg8bit.png,0,1643,350,1747,614
225,train/erfurt/erfurt_000067_000019_leftImg8bit.png,0,1757,378,1878,603
226,train/erfurt/erfurt_000067_000019_leftImg8bit.png,0,1978,378,2048,591
227,train/erfurt/erfurt_000006_000019_leftImg8bit.png,1,1135,421,1187,480
228,train/erfurt/erfurt_000006_000019_leftImg8bit.png,1,1168,413,1242,494
229,train/erfurt/erfurt_000006_000019_leftImg8bit.png,1,1202,412,1301,521
230,train/erfurt/erfurt_000006_000019_leftImg8bit.png,1,1266,400,1488,556
231,train/erfurt/erfurt_000006_000019_leftImg8bit.png,1,1518,339,2048,753
232,train/erfurt/erfurt_000006_000019_leftImg8bit.png,1,760,423,813,474
233,train/erfurt/erfurt_000006_000019_leftImg8bit.png,1,472,421,614,509
234,train/erfurt/erfurt_000040_000019_leftImg8bit.png,1,657,421,749,494
235,train/erfurt/erfurt_000040_000019_leftImg8bit.png,1,688,431,751,499
236,train/erfurt/erfurt_000040_000019_leftImg8bit.png,1,586,424,655,521
237,train/erfurt/erfurt_000040_000019_leftImg8bit.png,1,719,428,833,508
238,train/erfurt/erfurt_000040_000019_leftImg8bit.png,0,1267,339,1354,626
239,train/erfurt/erfurt_000040_000019_leftImg8bit.png,0,1180,342,1280,636
240,train/erfurt/erfurt_000040_000019_leftImg8bit.png,1,456,414,658,596
241,train/erfurt/erfurt_000040_000019_leftImg8bit.png,1,0,248,534,825
242,train/erfurt/erfurt_000040_000019_leftImg8bit.png,1,0,586,198,1023
243,train/erfurt/erfurt_000026_000019_leftImg8bit.png,1,54,431,132,496
244,train/erfurt/erfurt_000026_000019_leftImg8bit.png,1,847,417,926,470
245,train/erfurt/erfurt_000026_000019_leftImg8bit.png,1,632,426,729,477
246,train/erfurt/erfurt_000026_000019_leftImg8bit.png,1,443,431,541,484
247,train/erfurt/erfurt_000065_000019_leftImg8bit.png,4,598,486,698,562
248,train/erfurt/erfurt_000065_000019_leftImg8bit.png,0,1298,381,1395,632
249,train/erfurt/erfurt_000065_000019_leftImg8bit.png,0,797,400,869,629
250,train/erfurt/erfurt_000061_000019_leftImg8bit.png,1,487,372,817,656
251,train/erfurt/erfurt_000061_000019_leftImg8bit.png,1,0,347,703,879
252,train/erfurt/erfurt_000061_000019_leftImg8bit.png,1,894,389,1000,482
253,train/erfurt/erfurt_000061_000019_leftImg8bit.png,1,831,393,977,506
254,train/erfurt/erfurt_000073_000019_leftImg8bit.png,1,428,394,531,489
255,train/erfurt/erfurt_000073_000019_leftImg8bit.png,1,477,402,692,559
256,train/erfurt/erfurt_000073_000019_leftImg8bit.png,0,1034,386,1085,495
257,train/erfurt/erfurt_000073_000019_leftImg8bit.png,0,1280,365,1374,560
258,train/erfurt/erfurt_000073_000019_leftImg8bit.png,0,1357,377,1424,564
259,train/erfurt/erfurt_000073_000019_leftImg8bit.png,0,1743,383,1795,527
260,train/erfurt/erfurt_000073_000019_leftImg8bit.png,4,1750,423,1817,547
261,train/erfurt/erfurt_000073_000019_leftImg8bit.png,0,1907,380,1983,537
262,train/erfurt/erfurt_000073_000019_leftImg8bit.png,4,1778,441,1951,559
263,train/erfurt/erfurt_000073_000019_leftImg8bit.png,0,869,383,931,543
264,train/erfurt/erfurt_000034_000019_leftImg8bit.png,1,1140,455,1236,527
265,train/erfurt/erfurt_000008_000019_leftImg8bit.png,1,505,409,617,486
266,train/erfurt/erfurt_000008_000019_leftImg8bit.png,1,632,406,734,491
267,train/erfurt/erfurt_000008_000019_leftImg8bit.png,1,1459,355,1971,538
268,train/erfurt/erfurt_000008_000019_leftImg8bit.png,4,405,433,549,533
269,train/erfurt/erfurt_000008_000019_leftImg8bit.png,4,699,428,845,522
270,train/erfurt/erfurt_000049_000019_leftImg8bit.png,1,802,397,953,467
271,train/erfurt/erfurt_000049_000019_leftImg8bit.png,1,882,409,966,474
272,train/erfurt/erfurt_000049_000019_leftImg8bit.png,1,1064,397,1115,462
273,train/erfurt/erfurt_000049_000019_leftImg8bit.png,1,1083,388,1271,510
274,train/erfurt/erfurt_000049_000019_leftImg8bit.png,1,1133,404,1227,516
275,train/erfurt/erfurt_000049_000019_leftImg8bit.png,1,1161,390,1355,525
276,train/erfurt/erfurt_000049_000019_leftImg8bit.png,1,874,406,1105,566
277,train/erfurt/erfurt_000049_000019_leftImg8bit.png,1,1189,355,1559,539
278,train/erfurt/erfurt_000049_000019_leftImg8bit.png,1,1401,393,1508,543
279,train/erfurt/erfurt_000049_000019_leftImg8bit.png,1,1433,383,1700,560
280,train/erfurt/erfurt_000049_000019_leftImg8bit.png,1,1504,363,1920,580
281,train/erfurt/erfurt_000049_000019_leftImg8bit.png,1,1604,361,1966,605
282,train/erfurt/erfurt_000049_000019_leftImg8bit.png,1,1724,354,2048,650
283,train/erfurt/erfurt_000049_000019_leftImg8bit.png,1,1952,356,2048,683
284,train/erfurt/erfurt_000096_000019_leftImg8bit.png,1,779,397,857,501
285,train/erfurt/erfurt_000096_000019_leftImg8bit.png,1,789,409,843,513
286,train/erfurt/erfurt_000096_000019_leftImg8bit.png,1,619,400,831,562
287,train/erfurt/erfurt_000096_000019_leftImg8bit.png,1,924,352,1132,535
288,train/erfurt/erfurt_000096_000019_leftImg8bit.png,1,0,433,169,969
289,train/erfurt/erfurt_000032_000019_leftImg8bit.png,1,1200,444,1478,534
290,train/erfurt/erfurt_000098_000019_leftImg8bit.png,1,985,422,1058,480
291,train/erfurt/erfurt_000098_000019_leftImg8bit.png,0,1520,374,1591,565
292,train/erfurt/erfurt_000098_000019_leftImg8bit.png,0,1598,343,1689,564
293,train/erfurt/erfurt_000098_000019_leftImg8bit.png,1,666,432,717,488
294,train/erfurt/erfurt_000098_000019_leftImg8bit.png,1,627,430,697,500
295,train/erfurt/erfurt_000098_000019_leftImg8bit.png,1,560,429,655,518
296,train/erfurt/erfurt_000098_000019_leftImg8bit.png,1,331,419,556,545
297,train/erfurt/erfurt_000098_000019_leftImg8bit.png,1,700,292,893,525
298,train/erfurt/erfurt_000098_000019_leftImg8bit.png,2,700,292,893,525
299,train/erfurt/erfurt_000084_000019_leftImg8bit.png,1,980,410,1097,488
300,train/erfurt/erfurt_000084_000019_leftImg8bit.png,0,29,340,141,583
301,train/erfurt/erfurt_000084_000019_leftImg8bit.png,1,364,372,525,514
302,train/erfurt/erfurt_000093_000019_leftImg8bit.png,1,769,389,881,446
303,train/erfurt/erfurt_000093_000019_leftImg8bit.png,1,816,387,966,446
304,train/erfurt/erfurt_000093_000019_leftImg8bit.png,1,835,389,1010,455
305,train/erfurt/erfurt_000093_000019_leftImg8bit.png,1,495,364,664,468
306,train/erfurt/erfurt_000093_000019_leftImg8bit.png,1,511,399,669,579
307,train/erfurt/erfurt_000093_000019_leftImg8bit.png,1,242,368,576,696
308,train/erfurt/erfurt_000093_000019_leftImg8bit.png,0,1834,319,1910,441
309,train/erfurt/erfurt_000093_000019_leftImg8bit.png,1,0,372,448,1023
310,train/erfurt/erfurt_000093_000019_leftImg8bit.png,1,1002,379,1265,494
311,train/erfurt/erfurt_000093_000019_leftImg8bit.png,1,1123,420,1267,509
312,train/erfurt/erfurt_000093_000019_leftImg8bit.png,1,1157,445,1320,553
313,train/erfurt/erfurt_000093_000019_leftImg8bit.png,1,1216,232,1817,573
314,train/erfurt/erfurt_000093_000019_leftImg8bit.png,1,1608,344,2047,691
315,train/erfurt/erfurt_000080_000019_leftImg8bit.png,1,1884,442,2027,509
316,train/erfurt/erfurt_000080_000019_leftImg8bit.png,1,1076,409,1282,481
317,train/erfurt/erfurt_000080_000019_leftImg8bit.png,4,1399,457,1648,623
318,train/erfurt/erfurt_000037_000019_leftImg8bit.png,1,0,407,162,500
319,train/erfurt/erfurt_000037_000019_leftImg8bit.png,1,1034,364,1122,430
320,train/erfurt/erfurt_000037_000019_leftImg8bit.png,1,931,365,1009,427
321,train/erfurt/erfurt_000037_000019_leftImg8bit.png,4,1112,396,1204,465
322,train/erfurt/erfurt_000037_000019_leftImg8bit.png,4,1081,395,1201,471
323,train/erfurt/erfurt_000037_000019_leftImg8bit.png,0,1320,339,1376,461
324,train/erfurt/erfurt_000037_000019_leftImg8bit.png,0,1423,311,1488,584
325,train/erfurt/erfurt_000079_000019_leftImg8bit.png,1,923,358,1231,604
326,train/erfurt/erfurt_000086_000019_leftImg8bit.png,1,0,412,103,530
327,train/erfurt/erfurt_000086_000019_leftImg8bit.png,1,294,433,412,503
328,train/erfurt/erfurt_000086_000019_leftImg8bit.png,1,452,418,564,474
329,train/erfurt/erfurt_000086_000019_leftImg8bit.png,0,1832,382,1883,480
330,train/erfurt/erfurt_000086_000019_leftImg8bit.png,1,1149,415,1225,475
331,train/erfurt/erfurt_000039_000019_leftImg8bit.png,0,991,387,1062,560
332,train/erfurt/erfurt_000039_000019_leftImg8bit.png,1,1415,425,1546,576
333,train/erfurt/erfurt_000039_000019_leftImg8bit.png,1,1478,411,1822,685
334,train/erfurt/erfurt_000066_000019_leftImg8bit.png,0,1748,214,1993,824
335,train/erfurt/erfurt_000066_000019_leftImg8bit.png,0,96,268,345,810
336,train/erfurt/erfurt_000102_000019_leftImg8bit.png,0,327,396,383,534
337,train/erfurt/erfurt_000102_000019_leftImg8bit.png,4,1265,444,1386,506
338,train/erfurt/erfurt_000102_000019_leftImg8bit.png,4,1470,431,1569,503
339,train/erfurt/erfurt_000001_000019_leftImg8bit.png,1,988,408,1043,464
340,train/erfurt/erfurt_000001_000019_leftImg8bit.png,1,1032,382,1126,475
341,train/erfurt/erfurt_000001_000019_leftImg8bit.png,1,1151,387,1238,518
342,train/erfurt/erfurt_000001_000019_leftImg8bit.png,1,1204,348,1409,537
343,train/erfurt/erfurt_000001_000019_leftImg8bit.png,1,1313,361,1581,580
344,train/erfurt/erfurt_000001_000019_leftImg8bit.png,0,1712,334,1779,514
345,train/erfurt/erfurt_000001_000019_leftImg8bit.png,0,1657,315,1752,524
346,train/erfurt/erfurt_000001_000019_leftImg8bit.png,0,1788,327,1854,519
347,train/erfurt/erfurt_000015_000019_leftImg8bit.png,1,422,394,572,530
348,train/erfurt/erfurt_000015_000019_leftImg8bit.png,1,771,378,916,514
349,train/erfurt/erfurt_000015_000019_leftImg8bit.png,1,707,392,867,533
350,train/erfurt/erfurt_000015_000019_leftImg8bit.png,1,492,392,757,569
351,train/erfurt/erfurt_000015_000019_leftImg8bit.png,1,960,405,1109,525
352,train/erfurt/erfurt_000015_000019_leftImg8bit.png,1,1237,402,1414,528
353,train/erfurt/erfurt_000015_000019_leftImg8bit.png,1,1395,393,1646,581
354,train/erfurt/erfurt_000015_000019_leftImg8bit.png,1,1569,367,2048,700
355,train/erfurt/erfurt_000015_000019_leftImg8bit.png,5,1281,450,1335,545
356,train/erfurt/erfurt_000013_000019_leftImg8bit.png,1,581,424,652,478
357,train/erfurt/erfurt_000013_000019_leftImg8bit.png,1,500,427,594,487
358,train/erfurt/erfurt_000013_000019_leftImg8bit.png,1,408,425,510,491
359,train/erfurt/erfurt_000013_000019_leftImg8bit.png,1,283,423,437,505
360,train/erfurt/erfurt_000013_000019_leftImg8bit.png,1,1107,395,1168,464
361,train/erfurt/erfurt_000013_000019_leftImg8bit.png,1,1139,395,1228,478
362,train/erfurt/erfurt_000013_000019_leftImg8bit.png,1,1163,406,1252,483
363,train/erfurt/erfurt_000013_000019_leftImg8bit.png,1,1197,403,1299,490
364,train/erfurt/erfurt_000013_000019_leftImg8bit.png,1,1245,399,1351,500
365,train/erfurt/erfurt_000013_000019_leftImg8bit.png,1,1342,386,1477,505
366,train/erfurt/erfurt_000013_000019_leftImg8bit.png,1,1724,334,2048,606
367,train/erfurt/erfurt_000103_000019_leftImg8bit.png,1,938,421,1008,486
368,train/erfurt/erfurt_000103_000019_leftImg8bit.png,0,564,362,660,601
369,train/erfurt/erfurt_000103_000019_leftImg8bit.png,1,1118,433,1184,495
370,train/erfurt/erfurt_000103_000019_leftImg8bit.png,1,1125,440,1187,506
371,train/erfurt/erfurt_000103_000019_leftImg8bit.png,1,1156,424,1273,524
372,train/erfurt/erfurt_000103_000019_leftImg8bit.png,1,1178,437,1306,534
373,train/erfurt/erfurt_000103_000019_leftImg8bit.png,1,1254,428,1447,575
374,train/erfurt/erfurt_000103_000019_leftImg8bit.png,1,1317,423,1561,608
375,train/erfurt/erfurt_000103_000019_leftImg8bit.png,0,1713,380,1764,457
376,train/erfurt/erfurt_000103_000019_leftImg8bit.png,1,1447,429,1798,667
377,train/erfurt/erfurt_000103_000019_leftImg8bit.png,1,1687,418,2048,801
378,train/erfurt/erfurt_000031_000019_leftImg8bit.png,1,981,396,1139,505
379,train/erfurt/erfurt_000031_000019_leftImg8bit.png,1,576,442,837,564
380,train/erfurt/erfurt_000031_000019_leftImg8bit.png,1,1156,412,1604,566
381,train/erfurt/erfurt_000089_000019_leftImg8bit.png,1,1110,430,1207,520
382,train/erfurt/erfurt_000089_000019_leftImg8bit.png,1,1123,443,1212,527
383,train/erfurt/erfurt_000044_000019_leftImg8bit.png,1,660,396,790,467
384,train/erfurt/erfurt_000044_000019_leftImg8bit.png,1,802,420,920,500
385,train/erfurt/erfurt_000044_000019_leftImg8bit.png,1,655,412,786,540
386,train/erfurt/erfurt_000044_000019_leftImg8bit.png,1,633,421,766,565
387,train/erfurt/erfurt_000044_000019_leftImg8bit.png,1,432,413,685,645
388,train/erfurt/erfurt_000044_000019_leftImg8bit.png,1,0,375,524,832
389,train/erfurt/erfurt_000044_000019_leftImg8bit.png,1,964,418,1049,501
390,train/erfurt/erfurt_000044_000019_leftImg8bit.png,1,1007,416,1113,509
391,train/erfurt/erfurt_000044_000019_leftImg8bit.png,1,1071,410,1215,520
392,train/erfurt/erfurt_000044_000019_leftImg8bit.png,1,1198,416,1393,559
393,train/erfurt/erfurt_000044_000019_leftImg8bit.png,1,1347,400,1689,627
394,train/erfurt/erfurt_000044_000019_leftImg8bit.png,1,1621,332,2047,958
395,train/erfurt/erfurt_000020_000019_leftImg8bit.png,0,1522,383,1576,520
396,train/erfurt/erfurt_000020_000019_leftImg8bit.png,1,778,417,944,543
397,train/erfurt/erfurt_000020_000019_leftImg8bit.png,1,1098,403,1289,547
398,train/erfurt/erfurt_000105_000019_leftImg8bit.png,1,972,377,1136,541
399,train/erfurt/erfurt_000105_000019_leftImg8bit.png,0,1150,376,1210,543
400,train/erfurt/erfurt_000105_000019_leftImg8bit.png,0,1378,364,1466,608
401,train/erfurt/erfurt_000105_000019_leftImg8bit.png,0,1458,335,1560,607
402,train/erfurt/erfurt_000076_000019_leftImg8bit.png,0,405,350,504,478
403,train/erfurt/erfurt_000076_000019_leftImg8bit.png,1,1192,443,1281,509
404,train/erfurt/erfurt_000076_000019_leftImg8bit.png,0,1490,400,1542,543
405,train/erfurt/erfurt_000076_000019_leftImg8bit.png,0,734,431,791,585
406,train/erfurt/erfurt_000076_000019_leftImg8bit.png,0,698,370,774,588
407,train/erfurt/erfurt_000060_000019_leftImg8bit.png,4,99,451,297,625
408,train/erfurt/erfurt_000060_000019_leftImg8bit.png,4,58,465,236,634
409,train/erfurt/erfurt_000060_000019_leftImg8bit.png,1,995,410,1077,471
410,train/erfurt/erfurt_000060_000019_leftImg8bit.png,1,761,394,908,520
411,train/erfurt/erfurt_000060_000019_leftImg8bit.png,1,708,417,830,545
412,train/erfurt/erfurt_000060_000019_leftImg8bit.png,1,635,416,750,577
413,train/erfurt/erfurt_000060_000019_leftImg8bit.png,1,302,351,685,644
414,train/erfurt/erfurt_000041_000019_leftImg8bit.png,1,1067,426,1134,481
415,train/erfurt/erfurt_000041_000019_leftImg8bit.png,1,1066,432,1123,492
416,train/erfurt/erfurt_000041_000019_leftImg8bit.png,1,1093,430,1168,512
417,train/erfurt/erfurt_000041_000019_leftImg8bit.png,1,1121,430,1183,520
418,train/erfurt/erfurt_000041_000019_leftImg8bit.png,1,1153,428,1206,534
419,train/erfurt/erfurt_000041_000019_leftImg8bit.png,1,1170,416,1359,563
420,train/erfurt/erfurt_000041_000019_leftImg8bit.png,0,1415,394,1507,564
421,train/erfurt/erfurt_000041_000019_leftImg8bit.png,4,1554,495,1612,573
422,train/erfurt/erfurt_000041_000019_leftImg8bit.png,0,1886,338,1970,419
423,train/erfurt/erfurt_000041_000019_leftImg8bit.png,1,1562,399,2048,843
424,train/erfurt/erfurt_000041_000019_leftImg8bit.png,0,0,305,135,719
425,train/erfurt/erfurt_000041_000019_leftImg8bit.png,0,139,324,304,734
426,train/erfurt/erfurt_000063_000019_leftImg8bit.png,1,1054,449,1135,503
427,train/erfurt/erfurt_000063_000019_leftImg8bit.png,1,956,424,1059,504
428,train/erfurt/erfurt_000063_000019_leftImg8bit.png,0,354,402,424,555
429,train/erfurt/erfurt_000063_000019_leftImg8bit.png,0,270,394,335,553
430,train/erfurt/erfurt_000063_000019_leftImg8bit.png,1,1206,451,1281,526
431,train/erfurt/erfurt_000063_000019_leftImg8bit.png,1,1249,421,1444,531
432,train/erfurt/erfurt_000063_000019_leftImg8bit.png,1,1405,437,1567,553
433,train/erfurt/erfurt_000063_000019_leftImg8bit.png,1,1501,410,1935,577
434,train/erfurt/erfurt_000063_000019_leftImg8bit.png,1,844,440,904,538
435,train/erfurt/erfurt_000063_000019_leftImg8bit.png,1,657,405,871,573
436,train/erfurt/erfurt_000048_000019_leftImg8bit.png,1,1231,431,1287,488
437,train/erfurt/erfurt_000048_000019_leftImg8bit.png,1,1172,415,1255,506
438,train/erfurt/erfurt_000048_000019_leftImg8bit.png,0,1100,354,1192,582
439,train/erfurt/erfurt_000048_000019_leftImg8bit.png,0,1166,413,1239,591
440,train/erfurt/erfurt_000048_000019_leftImg8bit.png,0,1141,389,1217,599
441,train/erfurt/erfurt_000048_000019_leftImg8bit.png,0,1879,469,1937,527
442,train/erfurt/erfurt_000048_000019_leftImg8bit.png,0,1717,402,1780,544
443,train/erfurt/erfurt_000048_000019_leftImg8bit.png,0,1749,377,1819,547
444,train/erfurt/erfurt_000048_000019_leftImg8bit.png,0,1863,358,1928,561
445,train/erfurt/erfurt_000048_000019_leftImg8bit.png,0,1656,371,1730,565
446,train/erfurt/erfurt_000048_000019_leftImg8bit.png,0,1384,369,1450,555
447,train/erfurt/erfurt_000048_000019_leftImg8bit.png,0,1512,378,1570,551
448,train/erfurt/erfurt_000048_000019_leftImg8bit.png,0,1443,375,1519,564
449,train/erfurt/erfurt_000048_000019_leftImg8bit.png,0,1586,371,1643,551
450,train/erfurt/erfurt_000094_000019_leftImg8bit.png,1,953,390,1030,442
451,train/erfurt/erfurt_000094_000019_leftImg8bit.png,1,1042,400,1122,455
452,train/erfurt/erfurt_000094_000019_leftImg8bit.png,1,1101,398,1186,463
453,train/erfurt/erfurt_000094_000019_leftImg8bit.png,1,1148,404,1240,471
454,train/erfurt/erfurt_000094_000019_leftImg8bit.png,1,1206,401,1285,491
455,train/erfurt/erfurt_000094_000019_leftImg8bit.png,1,1238,402,1315,508
456,train/erfurt/erfurt_000094_000019_leftImg8bit.png,1,1268,394,1366,528
457,train/erfurt/erfurt_000094_000019_leftImg8bit.png,1,1295,384,1512,554
458,train/erfurt/erfurt_000094_000019_leftImg8bit.png,1,1421,397,1841,693
459,train/erfurt/erfurt_000094_000019_leftImg8bit.png,1,1667,366,2048,994
460,train/erfurt/erfurt_000094_000019_leftImg8bit.png,1,537,349,791,479
461,train/erfurt/erfurt_000047_000019_leftImg8bit.png,1,330,412,535,537
462,train/erfurt/erfurt_000038_000019_leftImg8bit.png,1,840,420,901,471
463,train/erfurt/erfurt_000038_000019_leftImg8bit.png,1,905,425,1009,490
464,train/erfurt/erfurt_000038_000019_leftImg8bit.png,4,222,406,395,674
465,train/erfurt/erfurt_000038_000019_leftImg8bit.png,1,1088,425,1251,531
466,train/erfurt/erfurt_000038_000019_leftImg8bit.png,1,1229,408,1403,571
467,train/erfurt/erfurt_000038_000019_leftImg8bit.png,1,1306,416,1596,617
468,train/erfurt/erfurt_000038_000019_leftImg8bit.png,1,1487,380,2048,763
469,train/erfurt/erfurt_000009_000019_leftImg8bit.png,1,918,420,990,480
470,train/erfurt/erfurt_000009_000019_leftImg8bit.png,1,838,412,946,500
471,train/erfurt/erfurt_000009_000019_leftImg8bit.png,1,612,399,865,573
472,train/erfurt/erfurt_000009_000019_leftImg8bit.png,1,10,288,568,809
473,train/erfurt/erfurt_000009_000019_leftImg8bit.png,1,0,370,184,1000
474,train/erfurt/erfurt_000009_000019_leftImg8bit.png,1,1263,394,1542,605
475,train/erfurt/erfurt_000072_000019_leftImg8bit.png,1,616,418,705,476
476,train/erfurt/erfurt_000072_000019_leftImg8bit.png,0,483,371,556,556
477,train/erfurt/erfurt_000072_000019_leftImg8bit.png,1,814,420,986,477
478,train/erfurt/erfurt_000072_000019_leftImg8bit.png,0,596,349,674,554
479,train/erfurt/erfurt_000072_000019_leftImg8bit.png,1,1067,410,1120,508
480,train/erfurt/erfurt_000072_000019_leftImg8bit.png,1,1094,393,1204,520
481,train/erfurt/erfurt_000072_000019_leftImg8bit.png,1,1160,367,1379,544
482,train/erfurt/erfurt_000072_000019_leftImg8bit.png,1,1361,369,1852,673
483,train/erfurt/erfurt_000081_000019_leftImg8bit.png,1,1242,387,1307,447
484,train/erfurt/erfurt_000081_000019_leftImg8bit.png,1,1138,411,1262,481
485,train/erfurt/erfurt_000081_000019_leftImg8bit.png,1,1006,420,1092,477
486,train/erfurt/erfurt_000081_000019_leftImg8bit.png,1,193,411,467,566
487,train/erfurt/erfurt_000081_000019_leftImg8bit.png,1,1225,411,1386,499
488,train/erfurt/erfurt_000081_000019_leftImg8bit.png,1,800,403,1046,562
489,train/erfurt/erfurt_000005_000019_leftImg8bit.png,1,1015,410,1069,466
490,train/erfurt/erfurt_000005_000019_leftImg8bit.png,1,1041,408,1100,466
491,train/erfurt/erfurt_000005_000019_leftImg8bit.png,1,1071,406,1151,471
492,train/erfurt/erfurt_000005_000019_leftImg8bit.png,1,1155,372,1308,501
493,train/erfurt/erfurt_000005_000019_leftImg8bit.png,1,1305,365,1559,552
494,train/erfurt/erfurt_000005_000019_leftImg8bit.png,1,1789,325,2047,717
495,train/erfurt/erfurt_000005_000019_leftImg8bit.png,1,568,433,649,485
496,train/erfurt/erfurt_000005_000019_leftImg8bit.png,1,375,424,582,561
497,train/erfurt/erfurt_000056_000019_leftImg8bit.png,1,183,335,351,469
498,train/erfurt/erfurt_000056_000019_leftImg8bit.png,1,494,360,683,479
499,train/erfurt/erfurt_000056_000019_leftImg8bit.png,1,560,333,841,500
500,train/erfurt/erfurt_000056_000019_leftImg8bit.png,1,506,413,691,551
501,train/erfurt/erfurt_000056_000019_leftImg8bit.png,1,298,410,574,576
502,train/erfurt/erfurt_000056_000019_leftImg8bit.png,1,0,373,382,676
503,train/erfurt/erfurt_000056_000019_leftImg8bit.png,1,796,401,1072,511
504,train/erfurt/erfurt_000056_000019_leftImg8bit.png,5,1248,402,1354,479
505,train/erfurt/erfurt_000056_000019_leftImg8bit.png,5,1266,420,1348,483
506,train/erfurt/erfurt_000056_000019_leftImg8bit.png,0,1488,308,1575,600
507,train/erfurt/erfurt_000056_000019_leftImg8bit.png,0,1577,316,1675,602
508,train/erfurt/erfurt_000056_000019_leftImg8bit.png,0,1786,185,2015,801
509,train/erfurt/erfurt_000056_000019_leftImg8bit.png,0,1971,270,2048,708
510,train/erfurt/erfurt_000083_000019_leftImg8bit.png,0,652,385,713,541
511,train/erfurt/erfurt_000083_000019_leftImg8bit.png,0,520,373,583,538
512,train/erfurt/erfurt_000014_000019_leftImg8bit.png,0,1543,163,1642,315
513,train/erfurt/erfurt_000014_000019_leftImg8bit.png,0,1668,156,1751,268
514,train/erfurt/erfurt_000014_000019_leftImg8bit.png,1,1035,406,1150,505
515,train/erfurt/erfurt_000095_000019_leftImg8bit.png,1,1141,439,1197,490
516,train/erfurt/erfurt_000095_000019_leftImg8bit.png,1,1201,427,1296,532
517,train/erfurt/erfurt_000095_000019_leftImg8bit.png,1,929,444,998,515
518,train/erfurt/erfurt_000095_000019_leftImg8bit.png,1,886,445,966,544
519,train/erfurt/erfurt_000095_000019_leftImg8bit.png,1,858,449,933,565
520,train/erfurt/erfurt_000095_000019_leftImg8bit.png,1,710,440,903,589
521,train/erfurt/erfurt_000095_000019_leftImg8bit.png,1,1264,424,1413,558
522,train/erfurt/erfurt_000095_000019_leftImg8bit.png,1,1332,396,1619,609
523,train/erfurt/erfurt_000095_000019_leftImg8bit.png,1,1577,329,2047,814
524,train/erfurt/erfurt_000095_000019_leftImg8bit.png,1,577,435,794,679
525,train/erfurt/erfurt_000095_000019_leftImg8bit.png,1,0,409,665,881
526,train/erfurt/erfurt_000062_000019_leftImg8bit.png,0,1307,369,1360,529
527,train/erfurt/erfurt_000062_000019_leftImg8bit.png,1,937,402,999,473
528,train/erfurt/erfurt_000062_000019_leftImg8bit.png,1,839,405,973,519
529,train/erfurt/erfurt_000062_000019_leftImg8bit.png,1,725,413,892,590
530,train/erfurt/erfurt_000062_000019_leftImg8bit.png,1,539,408,821,666
531,train/erfurt/erfurt_000062_000019_leftImg8bit.png,1,0,394,688,878
532,train/erfurt/erfurt_000028_000019_leftImg8bit.png,1,0,356,184,601
533,train/erfurt/erfurt_000028_000019_leftImg8bit.png,0,182,328,246,512
534,train/erfurt/erfurt_000028_000019_leftImg8bit.png,0,205,300,325,593
535,train/erfurt/erfurt_000021_000019_leftImg8bit.png,1,1412,351,1611,421
536,train/erfurt/erfurt_000021_000019_leftImg8bit.png,1,1031,432,1104,488
537,train/erfurt/erfurt_000021_000019_leftImg8bit.png,1,887,409,1022,515
538,train/erfurt/erfurt_000043_000019_leftImg8bit.png,1,422,418,520,499
539,train/erfurt/erfurt_000043_000019_leftImg8bit.png,1,472,435,555,508
540,train/erfurt/erfurt_000043_000019_leftImg8bit.png,1,525,429,637,522
541,train/erfurt/erfurt_000043_000019_leftImg8bit.png,1,101,414,299,627
542,train/erfurt/erfurt_000043_000019_leftImg8bit.png,1,567,432,741,535
543,train/erfurt/erfurt_000043_000019_leftImg8bit.png,1,719,414,968,571
544,train/erfurt/erfurt_000043_000019_leftImg8bit.png,1,290,436,378,500
545,train/erfurt/erfurt_000043_000019_leftImg8bit.png,0,1040,398,1116,573
546,train/erfurt/erfurt_000043_000019_leftImg8bit.png,0,1144,384,1224,565
547,train/erfurt/erfurt_000043_000019_leftImg8bit.png,0,1205,382,1261,583
548,train/erfurt/erfurt_000043_000019_leftImg8bit.png,1,0,411,277,698
549,train/erfurt/erfurt_000046_000019_leftImg8bit.png,0,699,394,751,550
550,train/erfurt/erfurt_000077_000019_leftImg8bit.png,1,971,406,1223,555
551,train/erfurt/erfurt_000077_000019_leftImg8bit.png,1,1207,387,1631,617
552,train/erfurt/erfurt_000106_000019_leftImg8bit.png,1,1122,419,1181,481
553,train/erfurt/erfurt_000106_000019_leftImg8bit.png,1,1000,395,1135,478
554,train/erfurt/erfurt_000106_000019_leftImg8bit.png,1,935,438,1006,494
555,train/erfurt/erfurt_000106_000019_leftImg8bit.png,1,791,436,864,524
556,train/erfurt/erfurt_000106_000019_leftImg8bit.png,1,636,411,799,561
557,train/erfurt/erfurt_000106_000019_leftImg8bit.png,1,179,358,620,677
558,train/erfurt/erfurt_000106_000019_leftImg8bit.png,1,0,440,119,879
559,train/erfurt/erfurt_000106_000019_leftImg8bit.png,1,999,430,1111,495
560,train/erfurt/erfurt_000106_000019_leftImg8bit.png,1,1174,432,1232,525
561,train/erfurt/erfurt_000106_000019_leftImg8bit.png,1,1197,418,1290,538
562,train/erfurt/erfurt_000106_000019_leftImg8bit.png,1,1213,420,1312,565
563,train/erfurt/erfurt_000106_000019_leftImg8bit.png,1,1265,410,1509,601
564,train/erfurt/erfurt_000106_000019_leftImg8bit.png,1,1502,391,1808,773
565,train/erfurt/erfurt_000106_000019_leftImg8bit.png,1,1730,107,2048,927
566,train/erfurt/erfurt_000016_000019_leftImg8bit.png,1,1232,426,1295,479
567,train/erfurt/erfurt_000016_000019_leftImg8bit.png,1,1276,420,1341,488
568,train/erfurt/erfurt_000016_000019_leftImg8bit.png,1,1446,396,1589,517
569,train/erfurt/erfurt_000016_000019_leftImg8bit.png,1,1561,401,1806,559
570,train/erfurt/erfurt_000016_000019_leftImg8bit.png,1,1863,380,2047,621
571,train/erfurt/erfurt_000016_000019_leftImg8bit.png,1,1282,408,1528,592
572,train/erfurt/erfurt_000016_000019_leftImg8bit.png,1,1003,425,1090,495
573,train/erfurt/erfurt_000059_000019_leftImg8bit.png,4,1291,441,1347,494
574,train/erfurt/erfurt_000059_000019_leftImg8bit.png,0,1229,393,1294,538
575,train/erfurt/erfurt_000059_000019_leftImg8bit.png,1,1973,515,2048,869
576,train/erfurt/erfurt_000059_000019_leftImg8bit.png,1,799,429,956,542
577,train/erfurt/erfurt_000059_000019_leftImg8bit.png,1,166,464,230,518
578,train/erfurt/erfurt_000059_000019_leftImg8bit.png,5,266,443,341,516
579,train/erfurt/erfurt_000059_000019_leftImg8bit.png,0,260,424,316,539
580,train/erfurt/erfurt_000059_000019_leftImg8bit.png,1,1626,403,1746,468
581,train/erfurt/erfurt_000059_000019_leftImg8bit.png,1,1630,382,1981,537
582,train/erfurt/erfurt_000059_000019_leftImg8bit.png,1,1668,404,1936,537
583,train/erfurt/erfurt_000059_000019_leftImg8bit.png,1,1755,407,1926,548
584,train/erfurt/erfurt_000059_000019_leftImg8bit.png,1,1875,386,2048,548
585,train/erfurt/erfurt_000059_000019_leftImg8bit.png,1,1940,448,2047,558
586,train/erfurt/erfurt_000059_000019_leftImg8bit.png,1,1329,347,1652,616
587,train/erfurt/erfurt_000029_000019_leftImg8bit.png,1,1397,360,1879,556
588,train/erfurt/erfurt_000029_000019_leftImg8bit.png,1,477,437,543,498
589,train/erfurt/erfurt_000029_000019_leftImg8bit.png,1,487,441,538,506
590,train/erfurt/erfurt_000029_000019_leftImg8bit.png,1,503,442,582,516
591,train/erfurt/erfurt_000029_000019_leftImg8bit.png,1,523,447,625,528
592,train/erfurt/erfurt_000029_000019_leftImg8bit.png,1,213,447,441,545
593,train/erfurt/erfurt_000029_000019_leftImg8bit.png,4,255,460,339,576
594,train/erfurt/erfurt_000045_000019_leftImg8bit.png,1,1082,399,1183,511
595,train/erfurt/erfurt_000045_000019_leftImg8bit.png,1,1145,399,1292,530
596,train/erfurt/erfurt_000045_000019_leftImg8bit.png,1,1227,397,1347,562
597,train/erfurt/erfurt_000045_000019_leftImg8bit.png,1,1267,363,1611,608
598,train/erfurt/erfurt_000004_000019_leftImg8bit.png,1,1090,387,1143,456
599,train/erfurt/erfurt_000004_000019_leftImg8bit.png,1,1114,386,1167,461
600,train/erfurt/erfurt_000004_000019_leftImg8bit.png,1,1125,383,1203,477
601,train/erfurt/erfurt_000004_000019_leftImg8bit.png,1,1179,271,1405,511
602,train/erfurt/erfurt_000007_000019_leftImg8bit.png,1,1159,429,1269,518
603,train/erfurt/erfurt_000007_000019_leftImg8bit.png,1,694,440,751,496
604,train/erfurt/erfurt_000007_000019_leftImg8bit.png,1,533,444,622,507
605,train/erfurt/erfurt_000007_000019_leftImg8bit.png,1,422,439,547,514
606,train/erfurt/erfurt_000007_000019_leftImg8bit.png,1,1031,448,1097,501
607,train/erfurt/erfurt_000007_000019_leftImg8bit.png,0,1543,395,1597,529
608,train/erfurt/erfurt_000052_000019_leftImg8bit.png,1,838,408,889,468
609,train/erfurt/erfurt_000052_000019_leftImg8bit.png,1,814,408,884,473
610,train/erfurt/erfurt_000052_000019_leftImg8bit.png,1,730,403,830,488
611,train/erfurt/erfurt_000052_000019_leftImg8bit.png,1,599,399,753,506
612,train/erfurt/erfurt_000052_000019_leftImg8bit.png,1,320,375,539,587
613,train/erfurt/erfurt_000052_000019_leftImg8bit.png,1,0,357,394,661
614,train/erfurt/erfurt_000052_000019_leftImg8bit.png,1,999,407,1079,466
615,train/erfurt/erfurt_000052_000019_leftImg8bit.png,1,1131,405,1183,469
616,train/erfurt/erfurt_000052_000019_leftImg8bit.png,1,1152,407,1215,480
617,train/erfurt/erfurt_000052_000019_leftImg8bit.png,1,1308,391,1360,446
618,train/erfurt/erfurt_000052_000019_leftImg8bit.png,1,1170,400,1290,496
619,train/erfurt/erfurt_000052_000019_leftImg8bit.png,1,1216,410,1335,514
620,train/erfurt/erfurt_000052_000019_leftImg8bit.png,4,1496,405,1551,466
621,train/erfurt/erfurt_000052_000019_leftImg8bit.png,4,1338,422,1429,521
622,train/erfurt/erfurt_000052_000019_leftImg8bit.png,4,1597,398,1709,483
623,train/erfurt/erfurt_000052_000019_leftImg8bit.png,4,1599,388,1659,490
624,train/erfurt/erfurt_000058_000019_leftImg8bit.png,1,0,421,367,570
625,train/erfurt/erfurt_000058_000019_leftImg8bit.png,1,450,400,873,552
626,train/erfurt/erfurt_000082_000019_leftImg8bit.png,0,1584,376,1657,492
627,train/erfurt/erfurt_000082_000019_leftImg8bit.png,0,1499,469,1571,537
628,train/erfurt/erfurt_000082_000019_leftImg8bit.png,0,566,379,618,501
629,train/erfurt/erfurt_000082_000019_leftImg8bit.png,0,99,333,200,585
630,train/erfurt/erfurt_000036_000019_leftImg8bit.png,3,1204,339,1336,469
631,train/erfurt/erfurt_000036_000019_leftImg8bit.png,1,332,396,735,645
632,train/erfurt/erfurt_000036_000019_leftImg8bit.png,3,1291,275,1401,505
633,train/erfurt/erfurt_000036_000019_leftImg8bit.png,3,1637,115,2047,228
634,train/erfurt/erfurt_000036_000019_leftImg8bit.png,3,1314,139,2048,550
635,train/erfurt/erfurt_000078_000019_leftImg8bit.png,1,911,424,1047,524
636,train/erfurt/erfurt_000078_000019_leftImg8bit.png,1,730,409,798,538
637,train/erfurt/erfurt_000078_000019_leftImg8bit.png,1,631,401,771,562
638,train/erfurt/erfurt_000078_000019_leftImg8bit.png,1,414,390,692,595
639,train/erfurt/erfurt_000087_000019_leftImg8bit.png,1,1315,415,1400,483
640,train/erfurt/erfurt_000087_000019_leftImg8bit.png,1,1170,420,1284,486
641,train/erfurt/erfurt_000087_000019_leftImg8bit.png,4,1188,439,1740,796
642,train/erfurt/erfurt_000057_000019_leftImg8bit.png,1,1085,414,1151,486
643,train/erfurt/erfurt_000057_000019_leftImg8bit.png,1,1118,361,1286,444
644,train/erfurt/erfurt_000057_000019_leftImg8bit.png,1,1097,399,1287,528
645,train/erfurt/erfurt_000057_000019_leftImg8bit.png,1,1163,398,1534,556
646,train/erfurt/erfurt_000057_000019_leftImg8bit.png,4,1134,430,1232,574
647,train/erfurt/erfurt_000057_000019_leftImg8bit.png,0,1439,442,1495,553
648,train/erfurt/erfurt_000057_000019_leftImg8bit.png,0,1404,433,1491,579
649,train/erfurt/erfurt_000057_000019_leftImg8bit.png,2,1424,0,2048,895
650,train/erfurt/erfurt_000057_000019_leftImg8bit.png,4,280,412,413,572
651,train/erfurt/erfurt_000057_000019_leftImg8bit.png,4,173,456,360,593
652,train/erfurt/erfurt_000057_000019_leftImg8bit.png,0,642,303,733,632
653,train/erfurt/erfurt_000057_000019_leftImg8bit.png,0,201,292,335,666
654,train/erfurt/erfurt_000057_000019_leftImg8bit.png,0,2,361,99,533
655,train/erfurt/erfurt_000057_000019_leftImg8bit.png,1,0,430,239,1024
656,train/erfurt/erfurt_000057_000019_leftImg8bit.png,0,333,291,454,673
657,train/erfurt/erfurt_000050_000019_leftImg8bit.png,1,554,437,609,502
658,train/erfurt/erfurt_000050_000019_leftImg8bit.png,0,304,402,371,558
659,train/erfurt/erfurt_000050_000019_leftImg8bit.png,0,239,409,308,559
660,train/erfurt/erfurt_000050_000019_leftImg8bit.png,0,330,393,429,560
661,train/erfurt/erfurt_000050_000019_leftImg8bit.png,0,436,390,499,556
662,train/erfurt/erfurt_000050_000019_leftImg8bit.png,0,0,339,129,701
663,train/erfurt/erfurt_000030_000019_leftImg8bit.png,1,1089,415,1156,467
664,train/erfurt/erfurt_000030_000019_leftImg8bit.png,1,1006,410,1098,463
665,train/erfurt/erfurt_000030_000019_leftImg8bit.png,1,955,398,1019,477
666,train/erfurt/erfurt_000030_000019_leftImg8bit.png,1,327,404,531,535
667,train/erfurt/erfurt_000030_000019_leftImg8bit.png,1,1142,405,1221,470
668,train/erfurt/erfurt_000030_000019_leftImg8bit.png,1,1155,401,1316,492
669,train/erfurt/erfurt_000101_000019_leftImg8bit.png,1,0,352,237,615
670,train/erfurt/erfurt_000101_000019_leftImg8bit.png,1,258,414,502,560
671,train/erfurt/erfurt_000101_000019_leftImg8bit.png,1,422,408,584,542
672,train/erfurt/erfurt_000101_000019_leftImg8bit.png,1,559,422,637,525
673,train/erfurt/erfurt_000101_000019_leftImg8bit.png,0,1915,0,2048,227
674,train/erfurt/erfurt_000024_000019_leftImg8bit.png,1,951,429,1043,505
675,train/erfurt/erfurt_000024_000019_leftImg8bit.png,1,822,428,969,539
676,train/erfurt/erfurt_000024_000019_leftImg8bit.png,1,1134,419,1225,504
677,train/erfurt/erfurt_000024_000019_leftImg8bit.png,0,1903,353,1955,489
678,train/erfurt/erfurt_000097_000019_leftImg8bit.png,1,826,439,886,514
679,train/erfurt/erfurt_000097_000019_leftImg8bit.png,1,719,430,846,536
680,train/erfurt/erfurt_000064_000019_leftImg8bit.png,1,1211,481,1299,545
681,train/erfurt/erfurt_000064_000019_leftImg8bit.png,0,751,376,837,629
682,train/erfurt/erfurt_000064_000019_leftImg8bit.png,0,796,365,905,641
683,train/erfurt/erfurt_000054_000019_leftImg8bit.png,1,607,417,695,481
684,train/erfurt/erfurt_000054_000019_leftImg8bit.png,1,168,416,285,490
685,train/erfurt/erfurt_000054_000019_leftImg8bit.png,1,33,419,138,490
686,train/erfurt/erfurt_000054_000019_leftImg8bit.png,4,857,432,979,547
687,train/erfurt/erfurt_000054_000019_leftImg8bit.png,4,1106,435,1201,486
688,train/erfurt/erfurt_000054_000019_leftImg8bit.png,1,1517,386,1845,547
689,train/erfurt/erfurt_000054_000019_leftImg8bit.png,1,1747,379,2048,560
