0,train/jena/jena_000040_000019_leftImg8bit.png,1,1388,372,1634,464
1,train/jena/jena_000040_000019_leftImg8bit.png,0,551,325,604,444
2,train/jena/jena_000040_000019_leftImg8bit.png,1,674,353,871,514
3,train/jena/jena_000104_000019_leftImg8bit.png,1,1054,427,1111,482
4,train/jena/jena_000104_000019_leftImg8bit.png,3,813,335,1070,511
5,train/jena/jena_000095_000019_leftImg8bit.png,1,1116,439,1188,505
6,train/jena/jena_000095_000019_leftImg8bit.png,5,972,521,1151,748
7,train/jena/jena_000021_000019_leftImg8bit.png,4,754,367,806,485
8,train/jena/jena_000021_000019_leftImg8bit.png,1,1977,551,2048,643
9,train/jena/jena_000021_000019_leftImg8bit.png,0,1264,352,1333,533
10,train/jena/jena_000021_000019_leftImg8bit.png,0,1853,219,2048,799
11,train/jena/jena_000106_000019_leftImg8bit.png,1,1020,393,1153,528
12,train/jena/jena_000031_000019_leftImg8bit.png,1,1858,408,2048,523
13,train/jena/jena_000031_000019_leftImg8bit.png,1,846,436,900,489
14,train/jena/jena_000031_000019_leftImg8bit.png,1,875,436,969,510
15,train/jena/jena_000031_000019_leftImg8bit.png,1,716,431,831,514
16,train/jena/jena_000031_000019_leftImg8bit.png,1,528,450,682,562
17,train/jena/jena_000031_000019_leftImg8bit.png,1,0,434,306,698
18,train/jena/jena_000031_000019_leftImg8bit.png,5,808,458,879,549
19,train/jena/jena_000031_000019_leftImg8bit.png,5,629,447,734,605
20,train/jena/jena_000076_000019_leftImg8bit.png,4,137,427,254,520
21,train/jena/jena_000076_000019_leftImg8bit.png,1,796,405,915,485
22,train/jena/jena_000076_000019_leftImg8bit.png,1,666,400,804,507
23,train/jena/jena_000076_000019_leftImg8bit.png,5,690,425,750,521
24,train/jena/jena_000076_000019_leftImg8bit.png,5,571,431,627,528
25,train/jena/jena_000076_000019_leftImg8bit.png,1,269,394,594,577
26,train/jena/jena_000076_000019_leftImg8bit.png,1,0,395,200,642
27,train/jena/jena_000076_000019_leftImg8bit.png,4,1505,418,1606,525
28,train/jena/jena_000076_000019_leftImg8bit.png,4,1456,424,1525,537
29,train/jena/jena_000076_000019_leftImg8bit.png,0,1702,366,1759,489
30,train/jena/jena_000076_000019_leftImg8bit.png,0,1831,397,1917,500
31,train/jena/jena_000041_000019_leftImg8bit.png,1,222,393,582,512
32,train/jena/jena_000041_000019_leftImg8bit.png,1,711,413,864,505
33,train/jena/jena_000052_000019_leftImg8bit.png,3,618,340,929,531
34,train/jena/jena_000052_000019_leftImg8bit.png,4,106,449,535,606
35,train/jena/jena_000080_000019_leftImg8bit.png,1,1135,420,1235,487
36,train/jena/jena_000080_000019_leftImg8bit.png,1,871,418,1003,526
37,train/jena/jena_000080_000019_leftImg8bit.png,1,1171,415,1281,503
38,train/jena/jena_000080_000019_leftImg8bit.png,1,1232,381,1415,552
39,train/jena/jena_000080_000019_leftImg8bit.png,1,1305,371,1786,596
40,train/jena/jena_000080_000019_leftImg8bit.png,1,1450,407,1850,712
41,train/jena/jena_000080_000019_leftImg8bit.png,1,1732,272,2048,770
42,train/jena/jena_000080_000019_leftImg8bit.png,1,568,405,799,498
43,train/jena/jena_000080_000019_leftImg8bit.png,1,566,408,755,517
44,train/jena/jena_000080_000019_leftImg8bit.png,1,538,406,687,514
45,train/jena/jena_000080_000019_leftImg8bit.png,1,241,360,669,539
46,train/jena/jena_000080_000019_leftImg8bit.png,1,152,359,596,559
47,train/jena/jena_000080_000019_leftImg8bit.png,1,0,329,450,614
48,train/jena/jena_000080_000019_leftImg8bit.png,1,0,319,229,651
49,train/jena/jena_000080_000019_leftImg8bit.png,0,720,376,797,575
50,train/jena/jena_000111_000019_leftImg8bit.png,4,1212,443,1270,534
51,train/jena/jena_000111_000019_leftImg8bit.png,0,747,357,829,584
52,train/jena/jena_000111_000019_leftImg8bit.png,0,1433,328,1566,671
53,train/jena/jena_000111_000019_leftImg8bit.png,0,1500,429,1626,702
54,train/jena/jena_000057_000019_leftImg8bit.png,4,534,433,597,544
55,train/jena/jena_000057_000019_leftImg8bit.png,4,433,428,533,567
56,train/jena/jena_000057_000019_leftImg8bit.png,4,280,410,401,595
57,train/jena/jena_000057_000019_leftImg8bit.png,0,604,339,678,546
58,train/jena/jena_000057_000019_leftImg8bit.png,0,682,349,753,553
59,train/jena/jena_000100_000019_leftImg8bit.png,1,1118,419,1208,503
60,train/jena/jena_000100_000019_leftImg8bit.png,1,1161,421,1216,528
61,train/jena/jena_000100_000019_leftImg8bit.png,1,1165,408,1282,539
62,train/jena/jena_000100_000019_leftImg8bit.png,1,1193,414,1464,608
63,train/jena/jena_000086_000019_leftImg8bit.png,0,1412,325,1513,635
64,train/jena/jena_000086_000019_leftImg8bit.png,1,1523,352,2048,680
65,train/jena/jena_000011_000019_leftImg8bit.png,1,891,415,949,473
66,train/jena/jena_000011_000019_leftImg8bit.png,1,847,419,912,491
67,train/jena/jena_000011_000019_leftImg8bit.png,1,799,410,859,508
68,train/jena/jena_000011_000019_leftImg8bit.png,1,764,399,828,522
69,train/jena/jena_000011_000019_leftImg8bit.png,1,586,391,806,553
70,train/jena/jena_000011_000019_leftImg8bit.png,1,221,350,571,682
71,train/jena/jena_000011_000019_leftImg8bit.png,1,0,227,333,861
72,train/jena/jena_000011_000019_leftImg8bit.png,1,1115,404,1210,485
73,train/jena/jena_000011_000019_leftImg8bit.png,1,1186,379,1319,521
74,train/jena/jena_000011_000019_leftImg8bit.png,1,1231,383,1388,559
75,train/jena/jena_000011_000019_leftImg8bit.png,1,1314,372,1572,598
76,train/jena/jena_000011_000019_leftImg8bit.png,1,1426,324,2048,719
77,train/jena/jena_000060_000019_leftImg8bit.png,4,1878,451,1980,539
78,train/jena/jena_000060_000019_leftImg8bit.png,0,1047,365,1100,526
79,train/jena/jena_000060_000019_leftImg8bit.png,0,883,357,1052,688
80,train/jena/jena_000054_000019_leftImg8bit.png,1,1846,416,2048,567
81,train/jena/jena_000054_000019_leftImg8bit.png,0,1284,372,1404,626
82,train/jena/jena_000054_000019_leftImg8bit.png,0,1248,347,1387,633
83,train/jena/jena_000054_000019_leftImg8bit.png,0,1157,373,1231,623
84,train/jena/jena_000054_000019_leftImg8bit.png,0,983,360,1120,630
85,train/jena/jena_000054_000019_leftImg8bit.png,0,446,441,536,620
86,train/jena/jena_000054_000019_leftImg8bit.png,0,384,323,496,633
87,train/jena/jena_000103_000019_leftImg8bit.png,1,819,422,938,513
88,train/jena/jena_000103_000019_leftImg8bit.png,0,1222,378,1280,514
89,train/jena/jena_000103_000019_leftImg8bit.png,0,1309,376,1363,512
90,train/jena/jena_000103_000019_leftImg8bit.png,0,1353,351,1433,547
91,train/jena/jena_000103_000019_leftImg8bit.png,0,1442,340,1515,539
92,train/jena/jena_000002_000019_leftImg8bit.png,1,984,411,1073,480
93,train/jena/jena_000062_000019_leftImg8bit.png,1,866,431,980,511
94,train/jena/jena_000062_000019_leftImg8bit.png,0,534,376,592,530
95,train/jena/jena_000062_000019_leftImg8bit.png,0,586,381,643,527
96,train/jena/jena_000062_000019_leftImg8bit.png,0,286,408,350,559
97,train/jena/jena_000062_000019_leftImg8bit.png,0,284,350,413,559
98,train/jena/jena_000062_000019_leftImg8bit.png,0,308,428,380,560
99,train/jena/jena_000062_000019_leftImg8bit.png,1,1053,405,1163,512
100,train/jena/jena_000062_000019_leftImg8bit.png,1,1081,413,1155,520
101,train/jena/jena_000062_000019_leftImg8bit.png,1,1103,405,1211,537
102,train/jena/jena_000062_000019_leftImg8bit.png,1,1166,389,1299,542
103,train/jena/jena_000062_000019_leftImg8bit.png,1,1207,382,1403,587
104,train/jena/jena_000062_000019_leftImg8bit.png,1,1308,327,1793,667
105,train/jena/jena_000062_000019_leftImg8bit.png,1,1626,331,2048,947
106,train/jena/jena_000001_000019_leftImg8bit.png,1,802,392,1132,672
107,train/jena/jena_000061_000019_leftImg8bit.png,1,1043,428,1144,496
108,train/jena/jena_000061_000019_leftImg8bit.png,1,889,422,949,473
109,train/jena/jena_000061_000019_leftImg8bit.png,1,926,423,1021,493
110,train/jena/jena_000061_000019_leftImg8bit.png,1,672,416,776,526
111,train/jena/jena_000061_000019_leftImg8bit.png,1,673,419,773,546
112,train/jena/jena_000061_000019_leftImg8bit.png,1,603,416,725,574
113,train/jena/jena_000061_000019_leftImg8bit.png,1,142,390,647,635
114,train/jena/jena_000061_000019_leftImg8bit.png,1,1743,446,2047,532
115,train/jena/jena_000061_000019_leftImg8bit.png,0,1642,449,1698,555
116,train/jena/jena_000061_000019_leftImg8bit.png,0,1585,395,1647,554
117,train/jena/jena_000061_000019_leftImg8bit.png,0,951,411,1011,520
118,train/jena/jena_000061_000019_leftImg8bit.png,1,1129,429,1238,522
119,train/jena/jena_000061_000019_leftImg8bit.png,1,1190,427,1290,536
120,train/jena/jena_000061_000019_leftImg8bit.png,1,1233,422,1341,556
121,train/jena/jena_000061_000019_leftImg8bit.png,1,1301,371,1560,589
122,train/jena/jena_000064_000019_leftImg8bit.png,1,1079,384,1198,512
123,train/jena/jena_000064_000019_leftImg8bit.png,1,1145,376,1381,564
124,train/jena/jena_000064_000019_leftImg8bit.png,1,1466,307,2048,861
125,train/jena/jena_000024_000019_leftImg8bit.png,0,622,394,673,533
126,train/jena/jena_000024_000019_leftImg8bit.png,0,466,399,519,515
127,train/jena/jena_000024_000019_leftImg8bit.png,0,521,378,578,547
128,train/jena/jena_000024_000019_leftImg8bit.png,4,343,443,431,549
129,train/jena/jena_000024_000019_leftImg8bit.png,1,1012,409,1162,525
130,train/jena/jena_000092_000019_leftImg8bit.png,0,591,357,653,520
131,train/jena/jena_000092_000019_leftImg8bit.png,0,532,360,602,547
132,train/jena/jena_000092_000019_leftImg8bit.png,0,422,352,501,556
133,train/jena/jena_000092_000019_leftImg8bit.png,0,0,298,176,733
134,train/jena/jena_000092_000019_leftImg8bit.png,1,1109,414,1171,473
135,train/jena/jena_000092_000019_leftImg8bit.png,1,1306,429,1456,484
136,train/jena/jena_000092_000019_leftImg8bit.png,1,1371,389,1820,684
137,train/jena/jena_000092_000019_leftImg8bit.png,1,1638,339,2048,1024
138,train/jena/jena_000009_000019_leftImg8bit.png,1,1369,411,1439,481
139,train/jena/jena_000009_000019_leftImg8bit.png,1,1323,420,1395,483
140,train/jena/jena_000009_000019_leftImg8bit.png,1,1260,412,1344,489
141,train/jena/jena_000009_000019_leftImg8bit.png,1,1181,418,1313,502
142,train/jena/jena_000009_000019_leftImg8bit.png,1,1070,411,1188,524
143,train/jena/jena_000009_000019_leftImg8bit.png,1,922,412,1117,544
144,train/jena/jena_000009_000019_leftImg8bit.png,4,554,412,625,504
145,train/jena/jena_000009_000019_leftImg8bit.png,0,615,308,755,708
146,train/jena/jena_000009_000019_leftImg8bit.png,0,210,301,290,357
147,train/jena/jena_000009_000019_leftImg8bit.png,1,0,350,555,854
148,train/jena/jena_000009_000019_leftImg8bit.png,1,1568,419,1640,478
149,train/jena/jena_000009_000019_leftImg8bit.png,1,1530,414,1592,494
150,train/jena/jena_000009_000019_leftImg8bit.png,1,1443,410,1561,512
151,train/jena/jena_000009_000019_leftImg8bit.png,0,1748,342,1888,659
152,train/jena/jena_000009_000019_leftImg8bit.png,4,1855,472,2038,646
153,train/jena/jena_000109_000019_leftImg8bit.png,1,1362,389,1647,502
154,train/jena/jena_000109_000019_leftImg8bit.png,1,1676,393,1782,500
155,train/jena/jena_000109_000019_leftImg8bit.png,0,1271,399,1323,514
156,train/jena/jena_000109_000019_leftImg8bit.png,1,870,408,949,473
157,train/jena/jena_000109_000019_leftImg8bit.png,1,902,415,987,485
158,train/jena/jena_000109_000019_leftImg8bit.png,1,951,407,1087,496
159,train/jena/jena_000109_000019_leftImg8bit.png,1,784,390,894,544
160,train/jena/jena_000109_000019_leftImg8bit.png,1,579,377,845,584
161,train/jena/jena_000109_000019_leftImg8bit.png,1,0,269,516,641
162,train/jena/jena_000056_000019_leftImg8bit.png,1,543,377,621,441
163,train/jena/jena_000056_000019_leftImg8bit.png,1,608,335,744,462
164,train/jena/jena_000056_000019_leftImg8bit.png,0,408,334,477,556
165,train/jena/jena_000056_000019_leftImg8bit.png,4,1238,440,1301,497
166,train/jena/jena_000056_000019_leftImg8bit.png,1,1266,324,1718,632
167,train/jena/jena_000022_000019_leftImg8bit.png,1,1702,392,1798,473
168,train/jena/jena_000022_000019_leftImg8bit.png,1,1493,408,1564,470
169,train/jena/jena_000022_000019_leftImg8bit.png,0,1603,385,1654,476
170,train/jena/jena_000022_000019_leftImg8bit.png,1,1721,304,2048,566
171,train/jena/jena_000022_000019_leftImg8bit.png,1,1233,401,1306,470
172,train/jena/jena_000022_000019_leftImg8bit.png,3,1303,316,1465,495
173,train/jena/jena_000022_000019_leftImg8bit.png,1,1012,406,1157,509
174,train/jena/jena_000022_000019_leftImg8bit.png,1,629,409,826,537
175,train/jena/jena_000014_000019_leftImg8bit.png,1,344,433,405,489
176,train/jena/jena_000014_000019_leftImg8bit.png,1,299,457,360,564
177,train/jena/jena_000014_000019_leftImg8bit.png,1,0,118,351,740
178,train/jena/jena_000007_000019_leftImg8bit.png,1,1049,415,1118,499
179,train/jena/jena_000007_000019_leftImg8bit.png,1,1083,412,1143,510
180,train/jena/jena_000007_000019_leftImg8bit.png,1,1097,405,1190,532
181,train/jena/jena_000007_000019_leftImg8bit.png,1,1129,400,1243,541
182,train/jena/jena_000007_000019_leftImg8bit.png,1,1163,391,1515,626
183,train/jena/jena_000007_000019_leftImg8bit.png,1,1461,351,2048,898
184,train/jena/jena_000007_000019_leftImg8bit.png,1,1909,605,2048,1024
185,train/jena/jena_000007_000019_leftImg8bit.png,0,140,473,200,621
186,train/jena/jena_000007_000019_leftImg8bit.png,3,145,178,783,668
187,train/jena/jena_000007_000019_leftImg8bit.png,0,69,454,169,672
188,train/jena/jena_000007_000019_leftImg8bit.png,0,0,399,78,679
189,train/jena/jena_000007_000019_leftImg8bit.png,3,65,292,158,391
190,train/jena/jena_000114_000019_leftImg8bit.png,1,1120,420,1179,480
191,train/jena/jena_000114_000019_leftImg8bit.png,1,1151,418,1250,490
192,train/jena/jena_000114_000019_leftImg8bit.png,1,1160,431,1231,493
193,train/jena/jena_000114_000019_leftImg8bit.png,1,1188,411,1285,515
194,train/jena/jena_000114_000019_leftImg8bit.png,1,1213,412,1361,532
195,train/jena/jena_000114_000019_leftImg8bit.png,1,1264,376,1485,561
196,train/jena/jena_000114_000019_leftImg8bit.png,1,1977,500,2048,813
197,train/jena/jena_000114_000019_leftImg8bit.png,1,890,420,952,474
198,train/jena/jena_000114_000019_leftImg8bit.png,1,596,372,840,550
199,train/jena/jena_000114_000019_leftImg8bit.png,1,262,400,677,662
200,train/jena/jena_000114_000019_leftImg8bit.png,1,0,370,381,923
201,train/jena/jena_000114_000019_leftImg8bit.png,1,1388,407,1713,621
202,train/jena/jena_000102_000019_leftImg8bit.png,0,1579,271,1657,376
203,train/jena/jena_000102_000019_leftImg8bit.png,0,1555,305,1684,663
204,train/jena/jena_000102_000019_leftImg8bit.png,0,1834,402,1942,649
205,train/jena/jena_000102_000019_leftImg8bit.png,0,1704,305,1853,659
206,train/jena/jena_000102_000019_leftImg8bit.png,0,1183,380,1262,541
207,train/jena/jena_000102_000019_leftImg8bit.png,0,1263,444,1323,512
208,train/jena/jena_000069_000019_leftImg8bit.png,1,1274,363,1394,480
209,train/jena/jena_000069_000019_leftImg8bit.png,1,1291,361,1479,504
210,train/jena/jena_000069_000019_leftImg8bit.png,1,1313,369,1522,565
211,train/jena/jena_000069_000019_leftImg8bit.png,1,1474,205,2048,703
212,train/jena/jena_000069_000019_leftImg8bit.png,1,1170,298,1232,379
213,train/jena/jena_000098_000019_leftImg8bit.png,0,1784,322,1884,612
214,train/jena/jena_000098_000019_leftImg8bit.png,0,1876,306,1989,606
215,train/jena/jena_000047_000019_leftImg8bit.png,4,128,443,190,518
216,train/jena/jena_000047_000019_leftImg8bit.png,1,574,413,675,489
217,train/jena/jena_000047_000019_leftImg8bit.png,1,1087,398,1185,469
218,train/jena/jena_000047_000019_leftImg8bit.png,3,758,286,1104,518
219,train/jena/jena_000047_000019_leftImg8bit.png,1,1216,380,1277,447
220,train/jena/jena_000047_000019_leftImg8bit.png,4,1485,414,1575,482
221,train/jena/jena_000003_000019_leftImg8bit.png,1,294,347,433,498
222,train/jena/jena_000003_000019_leftImg8bit.png,1,0,315,338,551
223,train/jena/jena_000003_000019_leftImg8bit.png,1,425,325,824,562
224,train/jena/jena_000044_000019_leftImg8bit.png,0,1941,325,1995,493
225,train/jena/jena_000044_000019_leftImg8bit.png,0,1900,332,1960,514
226,train/jena/jena_000044_000019_leftImg8bit.png,3,1136,272,1445,519
227,train/jena/jena_000044_000019_leftImg8bit.png,4,689,440,740,530
228,train/jena/jena_000084_000019_leftImg8bit.png,0,1348,394,1440,635
229,train/jena/jena_000084_000019_leftImg8bit.png,0,819,427,870,560
230,train/jena/jena_000084_000019_leftImg8bit.png,4,721,501,782,650
231,train/jena/jena_000084_000019_leftImg8bit.png,0,430,392,516,635
232,train/jena/jena_000084_000019_leftImg8bit.png,0,334,405,410,630
233,train/jena/jena_000006_000019_leftImg8bit.png,1,939,405,1004,462
234,train/jena/jena_000006_000019_leftImg8bit.png,1,1192,406,1263,504
235,train/jena/jena_000006_000019_leftImg8bit.png,1,1221,402,1326,517
236,train/jena/jena_000006_000019_leftImg8bit.png,1,1246,408,1323,538
237,train/jena/jena_000006_000019_leftImg8bit.png,1,1265,387,1504,580
238,train/jena/jena_000006_000019_leftImg8bit.png,1,1420,347,1897,687
239,train/jena/jena_000006_000019_leftImg8bit.png,1,1727,332,2048,832
240,train/jena/jena_000006_000019_leftImg8bit.png,2,939,405,1004,462
241,train/jena/jena_000051_000019_leftImg8bit.png,4,318,410,469,493
242,train/jena/jena_000051_000019_leftImg8bit.png,0,440,342,509,492
243,train/jena/jena_000051_000019_leftImg8bit.png,0,446,354,552,531
244,train/jena/jena_000051_000019_leftImg8bit.png,0,367,335,426,516
245,train/jena/jena_000051_000019_leftImg8bit.png,5,754,389,847,536
246,train/jena/jena_000051_000019_leftImg8bit.png,0,1498,385,1549,470
247,train/jena/jena_000029_000019_leftImg8bit.png,1,1437,408,1584,480
248,train/jena/jena_000029_000019_leftImg8bit.png,1,1542,384,1806,472
249,train/jena/jena_000029_000019_leftImg8bit.png,1,1663,381,1822,465
250,train/jena/jena_000029_000019_leftImg8bit.png,1,1737,362,2047,476
251,train/jena/jena_000029_000019_leftImg8bit.png,4,1628,394,1845,552
252,train/jena/jena_000029_000019_leftImg8bit.png,4,1730,412,2048,639
253,train/jena/jena_000029_000019_leftImg8bit.png,0,1593,332,1681,595
254,train/jena/jena_000029_000019_leftImg8bit.png,5,619,412,679,498
255,train/jena/jena_000029_000019_leftImg8bit.png,1,810,412,887,465
256,train/jena/jena_000029_000019_leftImg8bit.png,1,904,416,982,482
257,train/jena/jena_000029_000019_leftImg8bit.png,1,955,389,1086,517
258,train/jena/jena_000029_000019_leftImg8bit.png,1,0,372,344,667
259,train/jena/jena_000045_000019_leftImg8bit.png,0,470,397,541,501
260,train/jena/jena_000045_000019_leftImg8bit.png,1,772,411,848,463
261,train/jena/jena_000045_000019_leftImg8bit.png,0,940,366,1006,521
262,train/jena/jena_000045_000019_leftImg8bit.png,0,1041,319,1127,571
263,train/jena/jena_000045_000019_leftImg8bit.png,0,1362,380,1414,537
264,train/jena/jena_000045_000019_leftImg8bit.png,0,1316,389,1389,572
265,train/jena/jena_000045_000019_leftImg8bit.png,0,1252,358,1333,583
266,train/jena/jena_000045_000019_leftImg8bit.png,0,1977,412,2048,581
267,train/jena/jena_000045_000019_leftImg8bit.png,0,1693,379,1848,574
268,train/jena/jena_000010_000019_leftImg8bit.png,1,810,411,902,550
269,train/jena/jena_000010_000019_leftImg8bit.png,1,724,388,862,582
270,train/jena/jena_000010_000019_leftImg8bit.png,1,664,384,792,640
271,train/jena/jena_000010_000019_leftImg8bit.png,1,82,325,710,774
272,train/jena/jena_000010_000019_leftImg8bit.png,1,1122,391,1376,555
273,train/jena/jena_000010_000019_leftImg8bit.png,0,1079,378,1135,560
274,train/jena/jena_000010_000019_leftImg8bit.png,0,1144,373,1197,555
275,train/jena/jena_000015_000019_leftImg8bit.png,1,1187,497,1249,550
276,train/jena/jena_000015_000019_leftImg8bit.png,1,1062,488,1132,553
277,train/jena/jena_000015_000019_leftImg8bit.png,1,988,478,1076,555
278,train/jena/jena_000015_000019_leftImg8bit.png,1,764,452,947,589
279,train/jena/jena_000015_000019_leftImg8bit.png,1,318,416,725,674
280,train/jena/jena_000053_000019_leftImg8bit.png,1,143,401,608,558
281,train/jena/jena_000053_000019_leftImg8bit.png,1,1281,411,1719,557
282,train/jena/jena_000053_000019_leftImg8bit.png,1,1731,419,2048,539
283,train/jena/jena_000053_000019_leftImg8bit.png,0,863,226,1244,892
284,train/jena/jena_000049_000019_leftImg8bit.png,0,1473,335,1544,569
285,train/jena/jena_000117_000019_leftImg8bit.png,1,506,432,684,558
286,train/jena/jena_000117_000019_leftImg8bit.png,1,674,376,899,558
287,train/jena/jena_000117_000019_leftImg8bit.png,1,0,436,114,711
288,train/jena/jena_000117_000019_leftImg8bit.png,0,1598,357,1694,532
289,train/jena/jena_000068_000019_leftImg8bit.png,1,1007,376,1091,467
290,train/jena/jena_000068_000019_leftImg8bit.png,1,948,415,1007,492
291,train/jena/jena_000068_000019_leftImg8bit.png,1,926,414,977,501
292,train/jena/jena_000068_000019_leftImg8bit.png,1,825,414,960,516
293,train/jena/jena_000068_000019_leftImg8bit.png,4,0,405,59,503
294,train/jena/jena_000068_000019_leftImg8bit.png,4,48,403,229,514
295,train/jena/jena_000068_000019_leftImg8bit.png,1,557,387,819,549
296,train/jena/jena_000068_000019_leftImg8bit.png,1,1355,395,1565,574
297,train/jena/jena_000068_000019_leftImg8bit.png,1,1862,490,2047,920
298,train/jena/jena_000083_000019_leftImg8bit.png,0,0,408,87,789
299,train/jena/jena_000083_000019_leftImg8bit.png,0,269,360,358,575
300,train/jena/jena_000083_000019_leftImg8bit.png,0,1258,379,1328,548
301,train/jena/jena_000083_000019_leftImg8bit.png,0,1343,385,1424,546
302,train/jena/jena_000083_000019_leftImg8bit.png,4,488,459,646,667
303,train/jena/jena_000065_000019_leftImg8bit.png,0,237,347,454,684
304,train/jena/jena_000065_000019_leftImg8bit.png,1,782,388,865,470
305,train/jena/jena_000065_000019_leftImg8bit.png,1,742,389,829,507
306,train/jena/jena_000065_000019_leftImg8bit.png,1,683,393,796,533
307,train/jena/jena_000065_000019_leftImg8bit.png,1,1051,371,1145,443
308,train/jena/jena_000065_000019_leftImg8bit.png,1,1063,386,1169,484
309,train/jena/jena_000065_000019_leftImg8bit.png,1,1110,389,1188,526
310,train/jena/jena_000065_000019_leftImg8bit.png,1,1140,349,1375,562
311,train/jena/jena_000065_000019_leftImg8bit.png,1,1196,402,1517,608
312,train/jena/jena_000065_000019_leftImg8bit.png,1,475,383,746,591
313,train/jena/jena_000065_000019_leftImg8bit.png,1,794,381,1096,604
314,train/jena/jena_000059_000019_leftImg8bit.png,0,1329,459,1380,533
315,train/jena/jena_000059_000019_leftImg8bit.png,0,1358,424,1450,600
316,train/jena/jena_000033_000019_leftImg8bit.png,0,1846,347,1948,477
317,train/jena/jena_000033_000019_leftImg8bit.png,1,948,422,1015,480
318,train/jena/jena_000033_000019_leftImg8bit.png,1,742,417,840,487
319,train/jena/jena_000033_000019_leftImg8bit.png,1,458,403,657,530
320,train/jena/jena_000033_000019_leftImg8bit.png,1,0,375,342,657
321,train/jena/jena_000096_000019_leftImg8bit.png,4,1909,430,2027,651
322,train/jena/jena_000017_000019_leftImg8bit.png,1,706,396,758,450
323,train/jena/jena_000017_000019_leftImg8bit.png,1,685,410,746,475
324,train/jena/jena_000017_000019_leftImg8bit.png,1,651,414,737,504
325,train/jena/jena_000017_000019_leftImg8bit.png,1,573,410,688,551
326,train/jena/jena_000017_000019_leftImg8bit.png,1,367,407,631,594
327,train/jena/jena_000050_000019_leftImg8bit.png,1,923,423,1062,489
328,train/jena/jena_000050_000019_leftImg8bit.png,1,938,464,1031,519
329,train/jena/jena_000050_000019_leftImg8bit.png,1,1020,461,1114,518
330,train/jena/jena_000108_000019_leftImg8bit.png,1,641,418,728,499
331,train/jena/jena_000108_000019_leftImg8bit.png,1,530,405,660,517
332,train/jena/jena_000108_000019_leftImg8bit.png,1,450,418,574,534
333,train/jena/jena_000108_000019_leftImg8bit.png,1,248,405,494,555
334,train/jena/jena_000108_000019_leftImg8bit.png,1,1167,416,1227,487
335,train/jena/jena_000108_000019_leftImg8bit.png,1,1195,415,1287,499
336,train/jena/jena_000108_000019_leftImg8bit.png,1,1249,418,1409,523
337,train/jena/jena_000108_000019_leftImg8bit.png,1,1411,387,1709,600
338,train/jena/jena_000108_000019_leftImg8bit.png,1,0,402,214,637
339,train/jena/jena_000078_000019_leftImg8bit.png,0,276,345,348,524
340,train/jena/jena_000078_000019_leftImg8bit.png,1,780,409,906,500
341,train/jena/jena_000078_000019_leftImg8bit.png,0,752,373,803,523
342,train/jena/jena_000078_000019_leftImg8bit.png,0,780,367,836,528
343,train/jena/jena_000078_000019_leftImg8bit.png,1,1059,412,1127,467
344,train/jena/jena_000055_000019_leftImg8bit.png,1,1105,405,1204,468
345,train/jena/jena_000055_000019_leftImg8bit.png,2,768,340,949,451
346,train/jena/jena_000055_000019_leftImg8bit.png,0,102,412,159,549
347,train/jena/jena_000055_000019_leftImg8bit.png,0,51,402,115,551
348,train/jena/jena_000074_000019_leftImg8bit.png,1,1029,394,1122,468
349,train/jena/jena_000074_000019_leftImg8bit.png,1,1114,404,1220,486
350,train/jena/jena_000074_000019_leftImg8bit.png,1,1184,409,1317,507
351,train/jena/jena_000074_000019_leftImg8bit.png,1,1284,402,1442,526
352,train/jena/jena_000074_000019_leftImg8bit.png,1,1338,406,1514,557
353,train/jena/jena_000074_000019_leftImg8bit.png,1,1443,377,1761,603
354,train/jena/jena_000074_000019_leftImg8bit.png,0,1637,330,1718,619
355,train/jena/jena_000074_000019_leftImg8bit.png,0,1636,355,1769,634
356,train/jena/jena_000004_000019_leftImg8bit.png,1,1004,318,1060,376
357,train/jena/jena_000004_000019_leftImg8bit.png,1,784,385,925,493
358,train/jena/jena_000004_000019_leftImg8bit.png,1,1178,352,1246,414
359,train/jena/jena_000063_000019_leftImg8bit.png,1,1104,347,1177,420
360,train/jena/jena_000063_000019_leftImg8bit.png,1,1120,373,1184,426
361,train/jena/jena_000063_000019_leftImg8bit.png,1,1028,382,1119,450
362,train/jena/jena_000063_000019_leftImg8bit.png,1,847,343,986,479
363,train/jena/jena_000063_000019_leftImg8bit.png,1,1150,388,1241,457
364,train/jena/jena_000063_000019_leftImg8bit.png,1,1214,386,1280,496
365,train/jena/jena_000063_000019_leftImg8bit.png,1,1226,388,1292,511
366,train/jena/jena_000063_000019_leftImg8bit.png,1,1246,331,1517,547
367,train/jena/jena_000063_000019_leftImg8bit.png,1,812,372,935,520
368,train/jena/jena_000063_000019_leftImg8bit.png,1,560,362,875,596
369,train/jena/jena_000063_000019_leftImg8bit.png,4,1749,402,1822,522
370,train/jena/jena_000063_000019_leftImg8bit.png,1,1296,372,1730,661
371,train/jena/jena_000058_000019_leftImg8bit.png,1,884,421,984,494
372,train/jena/jena_000058_000019_leftImg8bit.png,0,426,342,506,540
373,train/jena/jena_000058_000019_leftImg8bit.png,1,1128,422,1193,500
374,train/jena/jena_000058_000019_leftImg8bit.png,1,1153,417,1210,511
375,train/jena/jena_000058_000019_leftImg8bit.png,1,1170,402,1266,526
376,train/jena/jena_000058_000019_leftImg8bit.png,1,1205,400,1407,549
377,train/jena/jena_000058_000019_leftImg8bit.png,1,1371,387,1729,688
378,train/jena/jena_000058_000019_leftImg8bit.png,1,1563,331,2048,916
379,train/jena/jena_000019_000019_leftImg8bit.png,1,1230,456,1298,519
380,train/jena/jena_000019_000019_leftImg8bit.png,1,1250,466,1343,531
381,train/jena/jena_000019_000019_leftImg8bit.png,0,1040,417,1107,576
382,train/jena/jena_000000_000019_leftImg8bit.png,1,858,399,947,467
383,train/jena/jena_000000_000019_leftImg8bit.png,0,250,382,341,551
384,train/jena/jena_000000_000019_leftImg8bit.png,0,190,378,263,552
385,train/jena/jena_000000_000019_leftImg8bit.png,1,0,308,94,912
386,train/jena/jena_000000_000019_leftImg8bit.png,1,979,408,1099,509
387,train/jena/jena_000000_000019_leftImg8bit.png,1,640,417,844,560
388,train/jena/jena_000026_000019_leftImg8bit.png,4,519,422,576,492
389,train/jena/jena_000026_000019_leftImg8bit.png,0,303,391,366,553
390,train/jena/jena_000026_000019_leftImg8bit.png,1,948,367,1051,468
391,train/jena/jena_000026_000019_leftImg8bit.png,1,1094,402,1177,475
392,train/jena/jena_000026_000019_leftImg8bit.png,1,763,343,962,494
393,train/jena/jena_000026_000019_leftImg8bit.png,1,1003,405,1128,491
394,train/jena/jena_000026_000019_leftImg8bit.png,1,591,420,798,540
395,train/jena/jena_000026_000019_leftImg8bit.png,1,804,408,994,538
396,train/jena/jena_000026_000019_leftImg8bit.png,4,1183,441,1284,587
397,train/jena/jena_000026_000019_leftImg8bit.png,4,1343,464,1414,698
398,train/jena/jena_000026_000019_leftImg8bit.png,4,1522,465,1622,545
399,train/jena/jena_000026_000019_leftImg8bit.png,4,1591,464,1713,781
400,train/jena/jena_000023_000019_leftImg8bit.png,0,1330,359,1383,502
401,train/jena/jena_000023_000019_leftImg8bit.png,1,1116,408,1218,460
402,train/jena/jena_000023_000019_leftImg8bit.png,1,743,400,849,507
403,train/jena/jena_000023_000019_leftImg8bit.png,1,966,393,1151,534
404,train/jena/jena_000023_000019_leftImg8bit.png,1,329,402,579,509
405,train/jena/jena_000023_000019_leftImg8bit.png,1,516,399,793,588
406,train/jena/jena_000046_000019_leftImg8bit.png,0,403,382,463,541
407,train/jena/jena_000046_000019_leftImg8bit.png,4,472,454,560,596
408,train/jena/jena_000046_000019_leftImg8bit.png,0,1756,354,1819,503
409,train/jena/jena_000046_000019_leftImg8bit.png,0,1966,332,2027,512
410,train/jena/jena_000118_000019_leftImg8bit.png,1,150,396,352,526
411,train/jena/jena_000118_000019_leftImg8bit.png,1,872,408,970,487
412,train/jena/jena_000118_000019_leftImg8bit.png,1,1144,412,1217,484
413,train/jena/jena_000118_000019_leftImg8bit.png,1,1011,398,1187,538
414,train/jena/jena_000118_000019_leftImg8bit.png,1,1243,395,1470,567
415,train/jena/jena_000118_000019_leftImg8bit.png,1,1414,380,1944,716
416,train/jena/jena_000038_000019_leftImg8bit.png,1,1686,384,1927,491
417,train/jena/jena_000038_000019_leftImg8bit.png,1,752,400,874,505
418,train/jena/jena_000038_000019_leftImg8bit.png,1,575,392,814,571
419,train/jena/jena_000112_000019_leftImg8bit.png,0,400,333,477,444
420,train/jena/jena_000112_000019_leftImg8bit.png,1,802,411,857,508
421,train/jena/jena_000112_000019_leftImg8bit.png,1,606,401,801,551
422,train/jena/jena_000112_000019_leftImg8bit.png,4,745,432,857,572
423,train/jena/jena_000112_000019_leftImg8bit.png,0,737,361,825,574
424,train/jena/jena_000112_000019_leftImg8bit.png,4,1021,471,1104,544
425,train/jena/jena_000112_000019_leftImg8bit.png,4,1096,459,1167,561
426,train/jena/jena_000036_000019_leftImg8bit.png,1,436,378,533,456
427,train/jena/jena_000036_000019_leftImg8bit.png,1,340,377,485,459
428,train/jena/jena_000036_000019_leftImg8bit.png,1,226,371,381,456
429,train/jena/jena_000036_000019_leftImg8bit.png,0,1434,358,1515,553
430,train/jena/jena_000036_000019_leftImg8bit.png,1,0,375,367,614
431,train/jena/jena_000036_000019_leftImg8bit.png,1,1119,399,1245,507
432,train/jena/jena_000036_000019_leftImg8bit.png,1,1017,414,1096,491
433,train/jena/jena_000036_000019_leftImg8bit.png,1,909,388,1040,500
434,train/jena/jena_000085_000019_leftImg8bit.png,1,1103,331,1189,396
435,train/jena/jena_000085_000019_leftImg8bit.png,0,1423,353,1480,449
436,train/jena/jena_000085_000019_leftImg8bit.png,0,1469,355,1563,480
437,train/jena/jena_000085_000019_leftImg8bit.png,0,1572,351,1624,437
438,train/jena/jena_000085_000019_leftImg8bit.png,0,1682,368,1764,520
439,train/jena/jena_000085_000019_leftImg8bit.png,0,1777,361,1861,524
440,train/jena/jena_000085_000019_leftImg8bit.png,0,602,347,712,468
441,train/jena/jena_000085_000019_leftImg8bit.png,0,511,276,622,575
442,train/jena/jena_000085_000019_leftImg8bit.png,0,613,294,724,569
443,train/jena/jena_000085_000019_leftImg8bit.png,0,727,292,850,584
444,train/jena/jena_000073_000019_leftImg8bit.png,0,678,367,744,553
445,train/jena/jena_000073_000019_leftImg8bit.png,1,1012,424,1115,493
446,train/jena/jena_000073_000019_leftImg8bit.png,1,1074,421,1188,501
447,train/jena/jena_000073_000019_leftImg8bit.png,1,1140,416,1249,513
448,train/jena/jena_000073_000019_leftImg8bit.png,1,1208,390,1395,532
449,train/jena/jena_000073_000019_leftImg8bit.png,1,1290,407,1511,562
450,train/jena/jena_000073_000019_leftImg8bit.png,0,1845,346,1909,469
451,train/jena/jena_000073_000019_leftImg8bit.png,1,1448,385,1922,699
452,train/jena/jena_000073_000019_leftImg8bit.png,1,1811,318,2048,900
453,train/jena/jena_000116_000019_leftImg8bit.png,1,1376,392,1702,531
454,train/jena/jena_000116_000019_leftImg8bit.png,1,382,479,484,538
455,train/jena/jena_000116_000019_leftImg8bit.png,1,455,479,517,541
456,train/jena/jena_000116_000019_leftImg8bit.png,1,469,480,549,542
457,train/jena/jena_000008_000019_leftImg8bit.png,1,793,342,855,396
458,train/jena/jena_000008_000019_leftImg8bit.png,1,689,355,788,419
459,train/jena/jena_000008_000019_leftImg8bit.png,1,648,356,745,426
460,train/jena/jena_000008_000019_leftImg8bit.png,1,545,355,681,432
461,train/jena/jena_000008_000019_leftImg8bit.png,1,430,358,621,432
462,train/jena/jena_000008_000019_leftImg8bit.png,0,347,311,437,569
463,train/jena/jena_000008_000019_leftImg8bit.png,1,1183,376,1281,438
464,train/jena/jena_000008_000019_leftImg8bit.png,1,1384,372,1468,427
465,train/jena/jena_000008_000019_leftImg8bit.png,1,1127,373,1207,436
466,train/jena/jena_000008_000019_leftImg8bit.png,1,1106,375,1174,439
467,train/jena/jena_000008_000019_leftImg8bit.png,1,1061,373,1151,445
468,train/jena/jena_000008_000019_leftImg8bit.png,1,987,371,1118,457
469,train/jena/jena_000008_000019_leftImg8bit.png,1,808,372,1073,469
470,train/jena/jena_000008_000019_leftImg8bit.png,5,726,381,827,458
471,train/jena/jena_000008_000019_leftImg8bit.png,1,1177,372,1246,443
472,train/jena/jena_000008_000019_leftImg8bit.png,1,1365,384,1698,650
473,train/jena/jena_000008_000019_leftImg8bit.png,1,1493,403,2048,783
474,train/jena/jena_000048_000019_leftImg8bit.png,0,1972,237,2048,724
475,train/jena/jena_000048_000019_leftImg8bit.png,1,1063,433,1129,484
476,train/jena/jena_000048_000019_leftImg8bit.png,1,1133,431,1211,493
477,train/jena/jena_000048_000019_leftImg8bit.png,1,895,360,1047,523
478,train/jena/jena_000072_000019_leftImg8bit.png,0,952,349,1039,576
479,train/jena/jena_000072_000019_leftImg8bit.png,1,1333,368,1437,533
480,train/jena/jena_000072_000019_leftImg8bit.png,1,1361,348,1636,596
481,train/jena/jena_000075_000019_leftImg8bit.png,1,893,408,1039,487
482,train/jena/jena_000075_000019_leftImg8bit.png,1,715,419,895,516
483,train/jena/jena_000075_000019_leftImg8bit.png,1,1336,388,1415,440
484,train/jena/jena_000075_000019_leftImg8bit.png,1,1427,384,1515,443
485,train/jena/jena_000075_000019_leftImg8bit.png,0,0,376,117,656
486,train/jena/jena_000075_000019_leftImg8bit.png,4,0,501,59,659
487,train/jena/jena_000075_000019_leftImg8bit.png,0,135,378,235,651
488,train/jena/jena_000075_000019_leftImg8bit.png,1,982,396,1278,588
489,train/jena/jena_000075_000019_leftImg8bit.png,4,1839,456,2048,655
490,train/jena/jena_000075_000019_leftImg8bit.png,0,1234,268,1446,796
491,train/jena/jena_000075_000019_leftImg8bit.png,0,1064,302,1240,848
492,train/jena/jena_000075_000019_leftImg8bit.png,0,1662,258,1894,781
493,train/jena/jena_000075_000019_leftImg8bit.png,0,1639,248,1884,836
494,train/jena/jena_000105_000019_leftImg8bit.png,1,957,448,1140,540
495,train/jena/jena_000105_000019_leftImg8bit.png,1,621,482,685,536
496,train/jena/jena_000105_000019_leftImg8bit.png,4,0,454,487,920
497,train/jena/jena_000105_000019_leftImg8bit.png,0,0,230,247,986
498,train/jena/jena_000105_000019_leftImg8bit.png,0,770,280,1047,816
499,train/jena/jena_000105_000019_leftImg8bit.png,0,795,210,1131,856
500,train/jena/jena_000105_000019_leftImg8bit.png,0,674,172,904,997
501,train/jena/jena_000105_000019_leftImg8bit.png,0,1661,227,2038,1014
502,train/jena/jena_000005_000019_leftImg8bit.png,1,623,444,898,552
503,train/jena/jena_000005_000019_leftImg8bit.png,1,1058,441,1135,498
504,train/jena/jena_000005_000019_leftImg8bit.png,1,1147,429,1261,503
505,train/jena/jena_000005_000019_leftImg8bit.png,1,1236,399,1428,500
506,train/jena/jena_000005_000019_leftImg8bit.png,1,1720,388,1844,454
507,train/jena/jena_000005_000019_leftImg8bit.png,1,1474,394,1833,527
508,train/jena/jena_000005_000019_leftImg8bit.png,1,1826,387,1909,481
509,train/jena/jena_000005_000019_leftImg8bit.png,1,1876,377,1961,478
510,train/jena/jena_000005_000019_leftImg8bit.png,4,1900,425,1958,494
511,train/jena/jena_000113_000019_leftImg8bit.png,1,1459,420,1579,518
512,train/jena/jena_000113_000019_leftImg8bit.png,1,796,428,943,547
513,train/jena/jena_000113_000019_leftImg8bit.png,1,475,340,820,628
514,train/jena/jena_000113_000019_leftImg8bit.png,1,1969,488,2048,917
515,train/jena/jena_000037_000019_leftImg8bit.png,1,1484,399,1557,451
516,train/jena/jena_000037_000019_leftImg8bit.png,1,1677,409,1733,473
517,train/jena/jena_000037_000019_leftImg8bit.png,1,1602,412,1701,477
518,train/jena/jena_000037_000019_leftImg8bit.png,1,564,377,726,468
519,train/jena/jena_000037_000019_leftImg8bit.png,1,0,360,154,500
520,train/jena/jena_000037_000019_leftImg8bit.png,1,22,362,439,532
521,train/jena/jena_000037_000019_leftImg8bit.png,1,676,394,928,524
522,train/jena/jena_000037_000019_leftImg8bit.png,1,324,380,690,554
523,train/jena/jena_000037_000019_leftImg8bit.png,0,755,558,823,625
524,train/jena/jena_000037_000019_leftImg8bit.png,0,654,303,827,693
525,train/jena/jena_000037_000019_leftImg8bit.png,0,1165,327,1269,672
526,train/jena/jena_000037_000019_leftImg8bit.png,0,1100,305,1227,690
527,train/jena/jena_000027_000019_leftImg8bit.png,0,209,345,277,555
528,train/jena/jena_000027_000019_leftImg8bit.png,0,1406,340,1500,524
529,train/jena/jena_000027_000019_leftImg8bit.png,0,1557,351,1634,523
530,train/jena/jena_000081_000019_leftImg8bit.png,1,1797,449,1897,566
531,train/jena/jena_000081_000019_leftImg8bit.png,0,1473,364,1552,677
532,train/jena/jena_000081_000019_leftImg8bit.png,0,1523,336,1611,693
533,train/jena/jena_000081_000019_leftImg8bit.png,0,1598,332,1724,732
534,train/jena/jena_000081_000019_leftImg8bit.png,1,966,457,1067,529
535,train/jena/jena_000081_000019_leftImg8bit.png,1,1059,452,1198,545
536,train/jena/jena_000081_000019_leftImg8bit.png,4,448,445,533,496
537,train/jena/jena_000081_000019_leftImg8bit.png,0,786,408,854,550
538,train/jena/jena_000081_000019_leftImg8bit.png,0,781,415,839,548
539,train/jena/jena_000081_000019_leftImg8bit.png,1,1222,440,1305,498
540,train/jena/jena_000081_000019_leftImg8bit.png,1,1263,451,1387,518
541,train/jena/jena_000081_000019_leftImg8bit.png,1,1287,464,1338,519
542,train/jena/jena_000081_000019_leftImg8bit.png,1,1304,464,1391,526
543,train/jena/jena_000081_000019_leftImg8bit.png,1,1360,464,1475,536
544,train/jena/jena_000107_000019_leftImg8bit.png,1,606,390,782,516
545,train/jena/jena_000107_000019_leftImg8bit.png,1,936,375,1018,458
546,train/jena/jena_000090_000019_leftImg8bit.png,1,1198,451,1312,514
547,train/jena/jena_000090_000019_leftImg8bit.png,1,1114,447,1209,518
548,train/jena/jena_000090_000019_leftImg8bit.png,0,1430,403,1482,531
549,train/jena/jena_000090_000019_leftImg8bit.png,0,1464,379,1524,541
550,train/jena/jena_000090_000019_leftImg8bit.png,0,1497,377,1584,590
551,train/jena/jena_000090_000019_leftImg8bit.png,0,1844,366,1978,627
552,train/jena/jena_000090_000019_leftImg8bit.png,0,1766,323,1879,636
553,train/jena/jena_000090_000019_leftImg8bit.png,1,1928,378,2048,755
554,train/jena/jena_000090_000019_leftImg8bit.png,0,530,372,591,509
555,train/jena/jena_000090_000019_leftImg8bit.png,0,482,368,537,504
556,train/jena/jena_000090_000019_leftImg8bit.png,0,155,324,213,489
557,train/jena/jena_000090_000019_leftImg8bit.png,0,106,324,159,489
558,train/jena/jena_000090_000019_leftImg8bit.png,0,76,323,132,493
559,train/jena/jena_000090_000019_leftImg8bit.png,0,166,332,232,499
560,train/jena/jena_000090_000019_leftImg8bit.png,0,312,340,424,557
561,train/jena/jena_000090_000019_leftImg8bit.png,0,413,360,491,561
562,train/jena/jena_000090_000019_leftImg8bit.png,0,229,312,327,593
563,train/jena/jena_000090_000019_leftImg8bit.png,0,587,380,638,507
564,train/jena/jena_000090_000019_leftImg8bit.png,0,710,355,775,533
565,train/jena/jena_000090_000019_leftImg8bit.png,0,633,373,708,533
566,train/jena/jena_000070_000019_leftImg8bit.png,1,1121,327,1238,446
567,train/jena/jena_000070_000019_leftImg8bit.png,1,1238,157,1805,602
568,train/jena/jena_000070_000019_leftImg8bit.png,2,1121,327,1238,446
569,train/jena/jena_000070_000019_leftImg8bit.png,0,500,235,678,683
570,train/jena/jena_000070_000019_leftImg8bit.png,1,1847,407,2048,794
571,train/jena/jena_000070_000019_leftImg8bit.png,1,1043,361,1139,462
572,train/jena/jena_000070_000019_leftImg8bit.png,0,1120,338,1199,579
573,train/jena/jena_000070_000019_leftImg8bit.png,2,1238,157,1805,602
574,train/jena/jena_000070_000019_leftImg8bit.png,0,1197,348,1288,576
575,train/jena/jena_000093_000019_leftImg8bit.png,1,367,391,498,475
576,train/jena/jena_000093_000019_leftImg8bit.png,1,1146,414,1200,477
577,train/jena/jena_000093_000019_leftImg8bit.png,1,1169,407,1256,506
578,train/jena/jena_000093_000019_leftImg8bit.png,1,1199,410,1266,524
579,train/jena/jena_000093_000019_leftImg8bit.png,1,1223,395,1382,544
580,train/jena/jena_000093_000019_leftImg8bit.png,1,1324,381,1594,619
581,train/jena/jena_000093_000019_leftImg8bit.png,1,1454,355,2048,739
582,train/jena/jena_000091_000019_leftImg8bit.png,1,415,424,628,581
583,train/jena/jena_000091_000019_leftImg8bit.png,4,1503,425,1578,532
584,train/jena/jena_000091_000019_leftImg8bit.png,4,1634,397,1704,492
585,train/jena/jena_000091_000019_leftImg8bit.png,4,1201,484,1253,624
586,train/jena/jena_000091_000019_leftImg8bit.png,4,0,489,178,727
587,train/jena/jena_000091_000019_leftImg8bit.png,4,173,508,322,751
588,train/jena/jena_000087_000019_leftImg8bit.png,1,1222,430,1339,531
589,train/jena/jena_000087_000019_leftImg8bit.png,1,1196,396,1616,609
590,train/jena/jena_000087_000019_leftImg8bit.png,4,745,476,846,662
591,train/jena/jena_000101_000019_leftImg8bit.png,1,1928,334,2008,390
592,train/jena/jena_000101_000019_leftImg8bit.png,4,679,423,863,677
593,train/jena/jena_000101_000019_leftImg8bit.png,4,856,410,1041,668
594,train/jena/jena_000028_000019_leftImg8bit.png,4,567,461,675,532
595,train/jena/jena_000028_000019_leftImg8bit.png,0,507,414,576,553
596,train/jena/jena_000028_000019_leftImg8bit.png,5,342,467,434,548
597,train/jena/jena_000028_000019_leftImg8bit.png,5,357,468,456,549
598,train/jena/jena_000028_000019_leftImg8bit.png,0,423,403,492,555
599,train/jena/jena_000028_000019_leftImg8bit.png,0,79,402,141,561
600,train/jena/jena_000028_000019_leftImg8bit.png,0,168,392,231,560
601,train/jena/jena_000028_000019_leftImg8bit.png,0,179,406,249,562
602,train/jena/jena_000028_000019_leftImg8bit.png,0,292,398,353,555
603,train/jena/jena_000025_000019_leftImg8bit.png,1,1021,411,1101,471
604,train/jena/jena_000025_000019_leftImg8bit.png,1,0,439,80,519
605,train/jena/jena_000025_000019_leftImg8bit.png,1,1287,417,1540,505
606,train/jena/jena_000025_000019_leftImg8bit.png,1,1704,429,1999,512
607,train/jena/jena_000025_000019_leftImg8bit.png,1,1934,443,2048,532
608,train/jena/jena_000025_000019_leftImg8bit.png,4,908,435,1003,490
609,train/jena/jena_000025_000019_leftImg8bit.png,1,518,383,839,577
610,train/jena/jena_000079_000019_leftImg8bit.png,0,827,396,894,550
611,train/jena/jena_000079_000019_leftImg8bit.png,4,111,499,263,585
612,train/jena/jena_000079_000019_leftImg8bit.png,0,93,399,161,595
613,train/jena/jena_000079_000019_leftImg8bit.png,0,139,410,213,593
614,train/jena/jena_000079_000019_leftImg8bit.png,4,1458,428,1567,542
615,train/jena/jena_000079_000019_leftImg8bit.png,0,1822,351,1919,617
616,train/jena/jena_000079_000019_leftImg8bit.png,5,1575,440,1703,685
617,train/jena/jena_000079_000019_leftImg8bit.png,0,1381,415,1447,582
618,train/jena/jena_000079_000019_leftImg8bit.png,0,1293,308,1433,714
619,train/jena/jena_000043_000019_leftImg8bit.png,0,379,394,436,531
620,train/jena/jena_000043_000019_leftImg8bit.png,0,1183,357,1240,539
621,train/jena/jena_000039_000019_leftImg8bit.png,1,1101,421,1243,499
622,train/jena/jena_000039_000019_leftImg8bit.png,0,1221,371,1272,540
623,train/jena/jena_000039_000019_leftImg8bit.png,0,1175,379,1235,539
624,train/jena/jena_000039_000019_leftImg8bit.png,0,1286,384,1349,546
625,train/jena/jena_000039_000019_leftImg8bit.png,1,302,398,480,494
626,train/jena/jena_000039_000019_leftImg8bit.png,0,1129,426,1191,539
627,train/jena/jena_000067_000019_leftImg8bit.png,1,1350,393,1412,461
628,train/jena/jena_000067_000019_leftImg8bit.png,1,1365,398,1449,469
629,train/jena/jena_000067_000019_leftImg8bit.png,1,1482,391,1621,485
630,train/jena/jena_000067_000019_leftImg8bit.png,1,1099,402,1251,535
631,train/jena/jena_000067_000019_leftImg8bit.png,1,474,428,671,574
632,train/jena/jena_000067_000019_leftImg8bit.png,1,134,416,501,644
633,train/jena/jena_000067_000019_leftImg8bit.png,1,0,417,168,722
634,train/jena/jena_000020_000019_leftImg8bit.png,1,1346,387,1510,524
635,train/jena/jena_000020_000019_leftImg8bit.png,1,947,429,1026,501
636,train/jena/jena_000020_000019_leftImg8bit.png,1,906,428,962,541
637,train/jena/jena_000020_000019_leftImg8bit.png,1,874,415,955,566
638,train/jena/jena_000020_000019_leftImg8bit.png,1,575,364,906,630
639,train/jena/jena_000099_000019_leftImg8bit.png,1,805,418,959,535
640,train/jena/jena_000099_000019_leftImg8bit.png,1,619,367,847,635
641,train/jena/jena_000099_000019_leftImg8bit.png,1,192,371,754,768
642,train/jena/jena_000099_000019_leftImg8bit.png,1,0,378,345,1024
643,train/jena/jena_000012_000019_leftImg8bit.png,1,981,404,1092,459
644,train/jena/jena_000012_000019_leftImg8bit.png,1,872,388,994,468
645,train/jena/jena_000012_000019_leftImg8bit.png,1,794,403,879,479
646,train/jena/jena_000012_000019_leftImg8bit.png,1,685,404,818,516
647,train/jena/jena_000012_000019_leftImg8bit.png,1,1111,377,1221,483
648,train/jena/jena_000012_000019_leftImg8bit.png,1,1140,389,1246,515
649,train/jena/jena_000012_000019_leftImg8bit.png,1,1185,386,1362,528
650,train/jena/jena_000012_000019_leftImg8bit.png,1,1219,389,1443,580
651,train/jena/jena_000012_000019_leftImg8bit.png,1,1345,377,1726,660
652,train/jena/jena_000012_000019_leftImg8bit.png,1,1577,257,2048,928
653,train/jena/jena_000115_000019_leftImg8bit.png,1,777,357,866,413
654,train/jena/jena_000115_000019_leftImg8bit.png,1,671,344,800,477
655,train/jena/jena_000115_000019_leftImg8bit.png,1,509,370,713,534
656,train/jena/jena_000115_000019_leftImg8bit.png,1,26,381,526,691
657,train/jena/jena_000115_000019_leftImg8bit.png,1,0,431,77,855
658,train/jena/jena_000115_000019_leftImg8bit.png,1,984,347,1105,401
659,train/jena/jena_000115_000019_leftImg8bit.png,1,1053,366,1163,439
660,train/jena/jena_000115_000019_leftImg8bit.png,1,1094,371,1199,451
661,train/jena/jena_000115_000019_leftImg8bit.png,1,1135,373,1248,457
662,train/jena/jena_000115_000019_leftImg8bit.png,1,1167,379,1502,530
663,train/jena/jena_000115_000019_leftImg8bit.png,1,1253,396,1480,549
664,train/jena/jena_000115_000019_leftImg8bit.png,1,1397,341,1731,574
665,train/jena/jena_000115_000019_leftImg8bit.png,1,1433,324,2048,592
666,train/jena/jena_000115_000019_leftImg8bit.png,1,1589,350,2048,697
667,train/jena/jena_000013_000019_leftImg8bit.png,1,1085,403,1137,454
668,train/jena/jena_000013_000019_leftImg8bit.png,1,954,354,1097,493
669,train/jena/jena_000013_000019_leftImg8bit.png,1,633,373,819,564
670,train/jena/jena_000013_000019_leftImg8bit.png,1,612,382,736,584
671,train/jena/jena_000013_000019_leftImg8bit.png,1,405,372,691,682
672,train/jena/jena_000013_000019_leftImg8bit.png,1,0,290,473,909
673,train/jena/jena_000013_000019_leftImg8bit.png,1,1227,398,1407,571
674,train/jena/jena_000013_000019_leftImg8bit.png,1,1303,399,1561,629
675,train/jena/jena_000013_000019_leftImg8bit.png,1,1419,331,2048,764
676,train/jena/jena_000013_000019_leftImg8bit.png,1,1873,506,2048,930
677,train/jena/jena_000013_000019_leftImg8bit.png,2,954,354,1097,493
678,train/jena/jena_000110_000019_leftImg8bit.png,1,439,429,546,485
679,train/jena/jena_000110_000019_leftImg8bit.png,1,463,429,528,488
680,train/jena/jena_000110_000019_leftImg8bit.png,1,451,432,521,499
681,train/jena/jena_000110_000019_leftImg8bit.png,1,455,438,515,508
682,train/jena/jena_000110_000019_leftImg8bit.png,1,435,437,493,517
683,train/jena/jena_000110_000019_leftImg8bit.png,1,412,435,480,524
684,train/jena/jena_000110_000019_leftImg8bit.png,1,333,426,439,548
685,train/jena/jena_000110_000019_leftImg8bit.png,1,260,415,376,582
686,train/jena/jena_000110_000019_leftImg8bit.png,1,0,379,289,622
687,train/jena/jena_000110_000019_leftImg8bit.png,1,735,424,907,517
688,train/jena/jena_000110_000019_leftImg8bit.png,1,826,392,1247,693
689,train/jena/jena_000110_000019_leftImg8bit.png,4,643,478,1011,792
690,train/jena/jena_000042_000019_leftImg8bit.png,0,19,352,76,409
691,train/jena/jena_000042_000019_leftImg8bit.png,0,148,349,200,401
692,train/jena/jena_000042_000019_leftImg8bit.png,1,0,389,355,617
693,train/jena/jena_000042_000019_leftImg8bit.png,0,1757,409,1843,512
694,train/jena/jena_000042_000019_leftImg8bit.png,4,1828,418,1921,523
695,train/jena/jena_000042_000019_leftImg8bit.png,1,724,391,900,513
696,train/jena/jena_000077_000019_leftImg8bit.png,0,623,350,689,528
697,train/jena/jena_000077_000019_leftImg8bit.png,0,671,352,735,529
698,train/jena/jena_000077_000019_leftImg8bit.png,0,507,351,574,519
699,train/jena/jena_000077_000019_leftImg8bit.png,1,1052,344,1123,406
700,train/jena/jena_000077_000019_leftImg8bit.png,1,1107,348,1245,425
701,train/jena/jena_000077_000019_leftImg8bit.png,0,1457,327,1509,482
702,train/jena/jena_000077_000019_leftImg8bit.png,0,1541,313,1608,511
703,train/jena/jena_000077_000019_leftImg8bit.png,0,1499,309,1584,524
704,train/jena/jena_000077_000019_leftImg8bit.png,0,1412,327,1485,531
705,train/jena/jena_000089_000019_leftImg8bit.png,1,0,476,249,541
706,train/jena/jena_000089_000019_leftImg8bit.png,0,214,425,301,577
707,train/jena/jena_000089_000019_leftImg8bit.png,0,414,435,496,588
708,train/jena/jena_000089_000019_leftImg8bit.png,1,702,454,865,571
709,train/jena/jena_000089_000019_leftImg8bit.png,0,1340,440,1393,579
710,train/jena/jena_000089_000019_leftImg8bit.png,4,1169,466,1241,636
711,train/jena/jena_000089_000019_leftImg8bit.png,1,1436,467,1710,548
712,train/jena/jena_000089_000019_leftImg8bit.png,0,1795,447,1847,556
713,train/jena/jena_000089_000019_leftImg8bit.png,4,1772,483,1866,554
714,train/jena/jena_000032_000019_leftImg8bit.png,1,768,433,832,484
715,train/jena/jena_000032_000019_leftImg8bit.png,1,894,415,976,511
716,train/jena/jena_000032_000019_leftImg8bit.png,1,802,414,951,532
717,train/jena/jena_000032_000019_leftImg8bit.png,1,1004,408,1181,563
718,train/jena/jena_000016_000019_leftImg8bit.png,1,1791,452,1850,505
719,train/jena/jena_000016_000019_leftImg8bit.png,1,1745,457,1845,522
720,train/jena/jena_000016_000019_leftImg8bit.png,1,1605,415,1748,544
721,train/jena/jena_000016_000019_leftImg8bit.png,1,1525,443,1686,552
722,train/jena/jena_000016_000019_leftImg8bit.png,1,0,505,197,1024
723,train/jena/jena_000082_000019_leftImg8bit.png,0,1700,333,1783,560
724,train/jena/jena_000082_000019_leftImg8bit.png,0,1632,339,1711,565
725,train/jena/jena_000082_000019_leftImg8bit.png,0,1832,342,1917,555
726,train/jena/jena_000082_000019_leftImg8bit.png,0,937,386,996,517
727,train/jena/jena_000082_000019_leftImg8bit.png,0,699,388,752,519
728,train/jena/jena_000082_000019_leftImg8bit.png,0,574,391,638,533
729,train/jena/jena_000082_000019_leftImg8bit.png,0,612,386,675,543
730,train/jena/jena_000071_000019_leftImg8bit.png,0,1001,370,1077,560
731,train/jena/jena_000071_000019_leftImg8bit.png,0,1065,349,1142,565
732,train/jena/jena_000071_000019_leftImg8bit.png,1,1427,355,1584,521
733,train/jena/jena_000071_000019_leftImg8bit.png,0,1547,378,1652,597
734,train/jena/jena_000071_000019_leftImg8bit.png,0,1447,368,1573,597
735,train/jena/jena_000066_000019_leftImg8bit.png,0,0,412,67,713
736,train/jena/jena_000066_000019_leftImg8bit.png,1,1155,422,1209,488
737,train/jena/jena_000066_000019_leftImg8bit.png,1,1184,375,1340,513
738,train/jena/jena_000066_000019_leftImg8bit.png,1,1238,408,1344,533
739,train/jena/jena_000066_000019_leftImg8bit.png,1,1282,402,1523,569
740,train/jena/jena_000066_000019_leftImg8bit.png,1,1540,380,2005,740
741,train/jena/jena_000066_000019_leftImg8bit.png,1,1767,369,2048,851
742,train/jena/jena_000088_000019_leftImg8bit.png,0,1177,381,1288,643
743,train/jena/jena_000088_000019_leftImg8bit.png,0,1044,362,1146,661
744,train/jena/jena_000088_000019_leftImg8bit.png,0,445,420,515,505
745,train/jena/jena_000088_000019_leftImg8bit.png,0,393,417,451,512
746,train/jena/jena_000088_000019_leftImg8bit.png,4,573,447,645,525
747,train/jena/jena_000088_000019_leftImg8bit.png,1,0,456,99,826
748,train/jena/jena_000094_000019_leftImg8bit.png,1,1084,390,1185,471
749,train/jena/jena_000094_000019_leftImg8bit.png,1,1398,271,1605,366
750,train/jena/jena_000094_000019_leftImg8bit.png,0,715,242,1039,803
751,train/jena/jena_000094_000019_leftImg8bit.png,0,684,239,949,844
752,train/jena/jena_000018_000019_leftImg8bit.png,1,0,408,131,547
753,train/jena/jena_000018_000019_leftImg8bit.png,0,1648,255,1805,686
754,train/jena/jena_000018_000019_leftImg8bit.png,0,1529,289,1694,683
755,train/jena/jena_000030_000019_leftImg8bit.png,1,1104,542,1490,651
756,train/jena/jena_000030_000019_leftImg8bit.png,0,1544,401,1651,715
757,train/jena/jena_000030_000019_leftImg8bit.png,1,0,427,239,935
758,train/jena/jena_000035_000019_leftImg8bit.png,5,516,339,635,496
759,train/jena/jena_000035_000019_leftImg8bit.png,0,855,293,906,404
760,train/jena/jena_000035_000019_leftImg8bit.png,1,0,383,66,507
761,train/jena/jena_000035_000019_leftImg8bit.png,1,28,340,355,530
762,train/jena/jena_000035_000019_leftImg8bit.png,0,259,298,389,603
763,train/jena/jena_000035_000019_leftImg8bit.png,0,415,279,520,602
