0,train/krefeld/krefeld_000000_013257_leftImg8bit.png,3,611,190,1919,512
1,train/krefeld/krefeld_000000_034231_leftImg8bit.png,1,644,407,778,500
2,train/krefeld/krefeld_000000_034231_leftImg8bit.png,1,813,405,940,497
3,train/krefeld/krefeld_000000_034231_leftImg8bit.png,1,1098,394,1176,457
4,train/krefeld/krefeld_000000_034231_leftImg8bit.png,1,1200,387,1385,527
5,train/krefeld/krefeld_000000_034231_leftImg8bit.png,0,1503,355,1563,515
6,train/krefeld/krefeld_000000_035124_leftImg8bit.png,4,86,402,212,488
7,train/krefeld/krefeld_000000_035124_leftImg8bit.png,1,657,374,760,460
8,train/krefeld/krefeld_000000_035124_leftImg8bit.png,1,578,398,672,476
9,train/krefeld/krefeld_000000_035124_leftImg8bit.png,1,439,397,602,500
10,train/krefeld/krefeld_000000_035124_leftImg8bit.png,1,178,392,419,544
11,train/krefeld/krefeld_000000_035124_leftImg8bit.png,1,693,388,822,482
12,train/krefeld/krefeld_000000_035124_leftImg8bit.png,1,994,388,1065,447
13,train/krefeld/krefeld_000000_035124_leftImg8bit.png,1,1170,389,1227,453
14,train/krefeld/krefeld_000000_035124_leftImg8bit.png,1,1178,389,1244,471
15,train/krefeld/krefeld_000000_035124_leftImg8bit.png,1,1208,389,1351,485
16,train/krefeld/krefeld_000000_035124_leftImg8bit.png,1,1319,384,1446,529
17,train/krefeld/krefeld_000000_035124_leftImg8bit.png,1,1363,379,1633,560
18,train/krefeld/krefeld_000000_035124_leftImg8bit.png,1,1583,263,2048,732
19,train/krefeld/krefeld_000000_003937_leftImg8bit.png,1,818,380,925,474
20,train/krefeld/krefeld_000000_003937_leftImg8bit.png,1,790,418,881,479
21,train/krefeld/krefeld_000000_003937_leftImg8bit.png,1,674,402,796,511
22,train/krefeld/krefeld_000000_003937_leftImg8bit.png,1,620,409,745,533
23,train/krefeld/krefeld_000000_003937_leftImg8bit.png,1,500,404,669,556
24,train/krefeld/krefeld_000000_003937_leftImg8bit.png,1,313,401,554,599
25,train/krefeld/krefeld_000000_003937_leftImg8bit.png,1,0,382,362,686
26,train/krefeld/krefeld_000000_003937_leftImg8bit.png,1,1159,377,1295,440
27,train/krefeld/krefeld_000000_003937_leftImg8bit.png,1,1302,409,1415,493
28,train/krefeld/krefeld_000000_003937_leftImg8bit.png,1,1344,319,1887,515
29,train/krefeld/krefeld_000000_003937_leftImg8bit.png,0,1080,406,1134,510
30,train/krefeld/krefeld_000000_003937_leftImg8bit.png,1,1149,412,1303,526
31,train/krefeld/krefeld_000000_003937_leftImg8bit.png,0,1243,391,1294,529
32,train/krefeld/krefeld_000000_003937_leftImg8bit.png,0,1195,442,1252,529
33,train/krefeld/krefeld_000000_010653_leftImg8bit.png,1,575,393,761,500
34,train/krefeld/krefeld_000000_010653_leftImg8bit.png,1,441,387,612,502
35,train/krefeld/krefeld_000000_010653_leftImg8bit.png,1,373,390,570,515
36,train/krefeld/krefeld_000000_010653_leftImg8bit.png,1,98,361,419,550
37,train/krefeld/krefeld_000000_010653_leftImg8bit.png,1,0,383,215,588
38,train/krefeld/krefeld_000000_000108_leftImg8bit.png,1,732,420,787,511
39,train/krefeld/krefeld_000000_000108_leftImg8bit.png,1,572,415,772,543
40,train/krefeld/krefeld_000000_000108_leftImg8bit.png,1,1112,333,1267,498
41,train/krefeld/krefeld_000000_000108_leftImg8bit.png,1,1161,415,1289,520
42,train/krefeld/krefeld_000000_011483_leftImg8bit.png,1,1162,325,1302,471
43,train/krefeld/krefeld_000000_011483_leftImg8bit.png,1,1197,385,1326,485
44,train/krefeld/krefeld_000000_011483_leftImg8bit.png,5,1475,387,1527,471
45,train/krefeld/krefeld_000000_011483_leftImg8bit.png,5,1407,362,1482,496
46,train/krefeld/krefeld_000000_011483_leftImg8bit.png,1,1900,405,2047,528
47,train/krefeld/krefeld_000000_011483_leftImg8bit.png,1,495,394,765,568
48,train/krefeld/krefeld_000000_018514_leftImg8bit.png,1,0,222,520,711
49,train/krefeld/krefeld_000000_018514_leftImg8bit.png,1,1446,358,1610,495
50,train/krefeld/krefeld_000000_018514_leftImg8bit.png,1,1527,363,1703,524
51,train/krefeld/krefeld_000000_018514_leftImg8bit.png,1,1596,315,2047,714
52,train/krefeld/krefeld_000000_000926_leftImg8bit.png,1,754,392,820,485
53,train/krefeld/krefeld_000000_000926_leftImg8bit.png,1,621,379,781,496
54,train/krefeld/krefeld_000000_000926_leftImg8bit.png,1,968,390,1038,449
55,train/krefeld/krefeld_000000_000926_leftImg8bit.png,1,1101,373,1167,459
56,train/krefeld/krefeld_000000_000926_leftImg8bit.png,1,1146,309,1406,525
57,train/krefeld/krefeld_000000_000926_leftImg8bit.png,5,1577,381,1674,500
58,train/krefeld/krefeld_000000_000926_leftImg8bit.png,4,1447,424,1555,546
59,train/krefeld/krefeld_000000_000926_leftImg8bit.png,4,1562,424,1804,568
60,train/krefeld/krefeld_000000_019697_leftImg8bit.png,1,0,350,173,642
61,train/krefeld/krefeld_000000_021814_leftImg8bit.png,1,1185,388,1238,451
62,train/krefeld/krefeld_000000_021814_leftImg8bit.png,1,1209,380,1291,462
63,train/krefeld/krefeld_000000_021814_leftImg8bit.png,1,1222,376,1341,472
64,train/krefeld/krefeld_000000_021814_leftImg8bit.png,1,1293,382,1398,505
65,train/krefeld/krefeld_000000_021814_leftImg8bit.png,1,1333,369,1496,536
66,train/krefeld/krefeld_000000_021814_leftImg8bit.png,1,1401,362,1678,581
67,train/krefeld/krefeld_000000_021814_leftImg8bit.png,1,1527,369,2047,679
68,train/krefeld/krefeld_000000_021814_leftImg8bit.png,1,1888,466,2047,800
69,train/krefeld/krefeld_000000_021814_leftImg8bit.png,0,653,306,739,534
70,train/krefeld/krefeld_000000_007325_leftImg8bit.png,4,1139,382,1466,595
71,train/krefeld/krefeld_000000_007325_leftImg8bit.png,1,622,385,775,499
72,train/krefeld/krefeld_000000_007325_leftImg8bit.png,4,374,423,447,509
73,train/krefeld/krefeld_000000_007325_leftImg8bit.png,0,47,382,103,554
74,train/krefeld/krefeld_000000_025434_leftImg8bit.png,1,653,408,752,504
75,train/krefeld/krefeld_000000_025434_leftImg8bit.png,1,614,412,709,514
76,train/krefeld/krefeld_000000_025434_leftImg8bit.png,1,549,410,653,536
77,train/krefeld/krefeld_000000_025434_leftImg8bit.png,1,119,274,560,590
78,train/krefeld/krefeld_000000_025434_leftImg8bit.png,1,0,390,225,705
79,train/krefeld/krefeld_000000_025434_leftImg8bit.png,1,1200,392,1293,473
80,train/krefeld/krefeld_000000_025434_leftImg8bit.png,1,1219,397,1343,517
81,train/krefeld/krefeld_000000_025434_leftImg8bit.png,4,1502,399,1577,500
82,train/krefeld/krefeld_000000_025434_leftImg8bit.png,5,1570,390,1668,522
83,train/krefeld/krefeld_000000_025434_leftImg8bit.png,1,1289,386,1530,557
84,train/krefeld/krefeld_000000_025434_leftImg8bit.png,1,939,380,1250,613
85,train/krefeld/krefeld_000000_027596_leftImg8bit.png,1,789,420,895,537
86,train/krefeld/krefeld_000000_027596_leftImg8bit.png,1,763,428,855,555
87,train/krefeld/krefeld_000000_027596_leftImg8bit.png,1,711,425,804,565
88,train/krefeld/krefeld_000000_027596_leftImg8bit.png,1,425,406,771,628
89,train/krefeld/krefeld_000000_027596_leftImg8bit.png,1,912,425,1113,574
90,train/krefeld/krefeld_000000_027596_leftImg8bit.png,1,1219,415,1327,490
91,train/krefeld/krefeld_000000_027596_leftImg8bit.png,1,1514,402,1685,466
92,train/krefeld/krefeld_000000_027596_leftImg8bit.png,1,1354,397,1524,478
93,train/krefeld/krefeld_000000_027596_leftImg8bit.png,1,1700,403,1819,470
94,train/krefeld/krefeld_000000_027596_leftImg8bit.png,1,1798,382,2048,489
95,train/krefeld/krefeld_000000_027596_leftImg8bit.png,0,1511,304,1655,641
96,train/krefeld/krefeld_000000_020334_leftImg8bit.png,1,349,394,496,540
97,train/krefeld/krefeld_000000_020334_leftImg8bit.png,1,391,371,744,605
98,train/krefeld/krefeld_000000_020334_leftImg8bit.png,1,0,386,308,629
99,train/krefeld/krefeld_000000_018747_leftImg8bit.png,0,385,301,472,575
100,train/krefeld/krefeld_000000_018747_leftImg8bit.png,0,144,289,257,576
101,train/krefeld/krefeld_000000_018747_leftImg8bit.png,1,1047,353,1104,425
102,train/krefeld/krefeld_000000_014146_leftImg8bit.png,1,461,391,586,465
103,train/krefeld/krefeld_000000_014146_leftImg8bit.png,0,600,352,687,586
104,train/krefeld/krefeld_000000_014146_leftImg8bit.png,1,1370,293,2047,876
105,train/krefeld/krefeld_000000_024276_leftImg8bit.png,4,318,393,466,553
106,train/krefeld/krefeld_000000_024276_leftImg8bit.png,1,771,386,920,496
107,train/krefeld/krefeld_000000_024276_leftImg8bit.png,1,916,355,995,452
108,train/krefeld/krefeld_000000_024276_leftImg8bit.png,1,1146,388,1219,450
109,train/krefeld/krefeld_000000_024276_leftImg8bit.png,1,1199,378,1330,486
110,train/krefeld/krefeld_000000_024276_leftImg8bit.png,1,1293,328,1530,564
111,train/krefeld/krefeld_000000_024276_leftImg8bit.png,1,1413,326,1762,642
112,train/krefeld/krefeld_000000_024276_leftImg8bit.png,1,1573,312,2048,819
113,train/krefeld/krefeld_000000_033478_leftImg8bit.png,4,564,408,992,692
114,train/krefeld/krefeld_000000_033478_leftImg8bit.png,0,908,243,1134,734
115,train/krefeld/krefeld_000000_009574_leftImg8bit.png,0,400,374,475,557
116,train/krefeld/krefeld_000000_009574_leftImg8bit.png,0,333,389,419,565
117,train/krefeld/krefeld_000000_009574_leftImg8bit.png,0,492,380,572,556
118,train/krefeld/krefeld_000000_009574_leftImg8bit.png,1,1169,409,1271,479
119,train/krefeld/krefeld_000000_009574_leftImg8bit.png,0,1776,343,1838,537
120,train/krefeld/krefeld_000000_028378_leftImg8bit.png,1,619,404,686,469
121,train/krefeld/krefeld_000000_028378_leftImg8bit.png,1,588,403,651,496
122,train/krefeld/krefeld_000000_028378_leftImg8bit.png,1,473,396,623,511
123,train/krefeld/krefeld_000000_028378_leftImg8bit.png,1,917,405,970,460
124,train/krefeld/krefeld_000000_028378_leftImg8bit.png,1,921,406,998,467
125,train/krefeld/krefeld_000000_028378_leftImg8bit.png,1,949,405,1015,478
126,train/krefeld/krefeld_000000_028378_leftImg8bit.png,1,990,381,1126,506
127,train/krefeld/krefeld_000000_028378_leftImg8bit.png,1,1069,392,1200,520
128,train/krefeld/krefeld_000000_028378_leftImg8bit.png,1,1136,413,1382,545
129,train/krefeld/krefeld_000000_028378_leftImg8bit.png,1,1398,292,1921,665
130,train/krefeld/krefeld_000000_028378_leftImg8bit.png,0,1171,326,1296,620
131,train/krefeld/krefeld_000000_028378_leftImg8bit.png,0,1280,337,1388,625
132,train/krefeld/krefeld_000000_028378_leftImg8bit.png,1,1957,477,2048,844
133,train/krefeld/krefeld_000000_023143_leftImg8bit.png,1,546,392,642,472
134,train/krefeld/krefeld_000000_023143_leftImg8bit.png,1,488,403,586,481
135,train/krefeld/krefeld_000000_023143_leftImg8bit.png,1,390,409,519,501
136,train/krefeld/krefeld_000000_023143_leftImg8bit.png,0,1583,331,1689,645
137,train/krefeld/krefeld_000000_023143_leftImg8bit.png,0,1690,289,1805,633
138,train/krefeld/krefeld_000000_023338_leftImg8bit.png,1,137,399,329,531
139,train/krefeld/krefeld_000000_023338_leftImg8bit.png,1,0,387,169,571
140,train/krefeld/krefeld_000000_023338_leftImg8bit.png,0,1257,368,1311,488
141,train/krefeld/krefeld_000000_036299_leftImg8bit.png,4,1941,382,2034,492
142,train/krefeld/krefeld_000000_036299_leftImg8bit.png,1,1027,390,1135,480
143,train/krefeld/krefeld_000000_036299_leftImg8bit.png,1,305,370,711,619
144,train/krefeld/krefeld_000000_015687_leftImg8bit.png,1,888,416,974,486
145,train/krefeld/krefeld_000000_015687_leftImg8bit.png,4,746,434,845,538
146,train/krefeld/krefeld_000000_015687_leftImg8bit.png,1,8,353,154,580
147,train/krefeld/krefeld_000000_021553_leftImg8bit.png,1,0,392,248,481
148,train/krefeld/krefeld_000000_021553_leftImg8bit.png,1,445,347,728,555
149,train/krefeld/krefeld_000000_021553_leftImg8bit.png,1,1011,380,1093,445
150,train/krefeld/krefeld_000000_021553_leftImg8bit.png,1,1187,383,1291,460
151,train/krefeld/krefeld_000000_010329_leftImg8bit.png,1,375,329,533,452
152,train/krefeld/krefeld_000000_010329_leftImg8bit.png,1,56,319,522,460
153,train/krefeld/krefeld_000000_010329_leftImg8bit.png,1,1060,365,1195,455
154,train/krefeld/krefeld_000000_010329_leftImg8bit.png,0,1044,326,1110,497
155,train/krefeld/krefeld_000000_010329_leftImg8bit.png,0,1345,331,1406,516
156,train/krefeld/krefeld_000000_010329_leftImg8bit.png,0,1331,344,1411,540
157,train/krefeld/krefeld_000000_035398_leftImg8bit.png,4,1455,379,1506,439
158,train/krefeld/krefeld_000000_035398_leftImg8bit.png,2,798,270,978,402
159,train/krefeld/krefeld_000000_035398_leftImg8bit.png,1,787,351,856,514
160,train/krefeld/krefeld_000000_035398_leftImg8bit.png,1,789,343,1060,581
161,train/krefeld/krefeld_000000_003096_leftImg8bit.png,1,853,413,968,471
162,train/krefeld/krefeld_000000_003096_leftImg8bit.png,1,828,410,881,493
163,train/krefeld/krefeld_000000_003096_leftImg8bit.png,1,588,395,855,496
164,train/krefeld/krefeld_000000_003096_leftImg8bit.png,1,1224,411,1283,487
165,train/krefeld/krefeld_000000_003096_leftImg8bit.png,1,1238,411,1382,519
166,train/krefeld/krefeld_000000_003096_leftImg8bit.png,4,197,434,490,644
167,train/krefeld/krefeld_000000_034156_leftImg8bit.png,1,537,425,595,479
168,train/krefeld/krefeld_000000_034156_leftImg8bit.png,1,584,415,659,487
169,train/krefeld/krefeld_000000_034156_leftImg8bit.png,1,600,423,691,493
170,train/krefeld/krefeld_000000_034156_leftImg8bit.png,5,988,403,1052,493
171,train/krefeld/krefeld_000000_034156_leftImg8bit.png,0,996,373,1060,543
172,train/krefeld/krefeld_000000_034156_leftImg8bit.png,4,1303,435,1391,568
173,train/krefeld/krefeld_000000_034156_leftImg8bit.png,1,12,378,327,588
174,train/krefeld/krefeld_000000_009926_leftImg8bit.png,1,392,297,845,491
175,train/krefeld/krefeld_000000_009926_leftImg8bit.png,1,553,378,716,500
176,train/krefeld/krefeld_000000_009926_leftImg8bit.png,1,352,353,676,515
177,train/krefeld/krefeld_000000_009926_leftImg8bit.png,0,314,320,365,376
178,train/krefeld/krefeld_000000_009926_leftImg8bit.png,1,188,354,576,539
179,train/krefeld/krefeld_000000_009926_leftImg8bit.png,1,0,330,466,598
180,train/krefeld/krefeld_000000_009926_leftImg8bit.png,1,1150,397,1221,476
181,train/krefeld/krefeld_000000_009926_leftImg8bit.png,1,1203,386,1334,498
182,train/krefeld/krefeld_000000_009926_leftImg8bit.png,1,1253,397,1438,533
183,train/krefeld/krefeld_000000_009926_leftImg8bit.png,1,1464,374,1964,693
184,train/krefeld/krefeld_000000_009926_leftImg8bit.png,1,1820,475,2047,901
185,train/krefeld/krefeld_000000_008584_leftImg8bit.png,1,1050,401,1116,452
186,train/krefeld/krefeld_000000_008584_leftImg8bit.png,1,1190,330,1342,483
187,train/krefeld/krefeld_000000_008584_leftImg8bit.png,0,1433,350,1495,505
188,train/krefeld/krefeld_000000_008584_leftImg8bit.png,0,1620,356,1679,500
189,train/krefeld/krefeld_000000_008584_leftImg8bit.png,1,1903,448,2047,849
190,train/krefeld/krefeld_000000_012353_leftImg8bit.png,0,1814,332,1929,552
191,train/krefeld/krefeld_000000_012353_leftImg8bit.png,0,998,358,1092,523
192,train/krefeld/krefeld_000000_019791_leftImg8bit.png,0,1704,326,1770,485
193,train/krefeld/krefeld_000000_019791_leftImg8bit.png,0,1886,330,1940,476
194,train/krefeld/krefeld_000000_019791_leftImg8bit.png,4,1992,385,2047,453
195,train/krefeld/krefeld_000000_019791_leftImg8bit.png,1,991,387,1061,458
196,train/krefeld/krefeld_000000_019791_leftImg8bit.png,1,980,394,1046,462
197,train/krefeld/krefeld_000000_019791_leftImg8bit.png,1,918,383,1011,471
198,train/krefeld/krefeld_000000_019791_leftImg8bit.png,1,844,390,993,491
199,train/krefeld/krefeld_000000_019791_leftImg8bit.png,0,357,346,417,536
200,train/krefeld/krefeld_000000_024604_leftImg8bit.png,1,864,366,935,439
201,train/krefeld/krefeld_000000_024604_leftImg8bit.png,1,851,375,923,441
202,train/krefeld/krefeld_000000_024604_leftImg8bit.png,1,847,391,918,448
203,train/krefeld/krefeld_000000_024604_leftImg8bit.png,1,787,384,877,483
204,train/krefeld/krefeld_000000_024604_leftImg8bit.png,1,669,378,820,482
205,train/krefeld/krefeld_000000_024604_leftImg8bit.png,1,436,305,862,592
206,train/krefeld/krefeld_000000_024604_leftImg8bit.png,0,685,383,789,540
207,train/krefeld/krefeld_000000_024604_leftImg8bit.png,0,806,346,861,536
208,train/krefeld/krefeld_000000_024604_leftImg8bit.png,1,0,333,520,737
209,train/krefeld/krefeld_000000_024604_leftImg8bit.png,1,1076,379,1151,446
210,train/krefeld/krefeld_000000_024604_leftImg8bit.png,1,1160,365,1258,493
211,train/krefeld/krefeld_000000_024604_leftImg8bit.png,1,1201,357,1312,515
212,train/krefeld/krefeld_000000_024604_leftImg8bit.png,1,1243,336,1550,556
213,train/krefeld/krefeld_000000_024604_leftImg8bit.png,1,1481,281,2048,842
214,train/krefeld/krefeld_000000_002083_leftImg8bit.png,1,667,400,754,456
215,train/krefeld/krefeld_000000_002083_leftImg8bit.png,1,598,393,675,470
216,train/krefeld/krefeld_000000_002083_leftImg8bit.png,1,503,385,617,481
217,train/krefeld/krefeld_000000_002083_leftImg8bit.png,1,390,382,537,499
218,train/krefeld/krefeld_000000_002083_leftImg8bit.png,1,265,387,424,517
219,train/krefeld/krefeld_000000_002083_leftImg8bit.png,1,26,383,304,543
220,train/krefeld/krefeld_000000_002083_leftImg8bit.png,1,0,241,58,574
221,train/krefeld/krefeld_000000_002083_leftImg8bit.png,1,1271,374,1355,458
222,train/krefeld/krefeld_000000_002083_leftImg8bit.png,1,1293,392,1377,466
223,train/krefeld/krefeld_000000_002083_leftImg8bit.png,1,1326,391,1406,477
224,train/krefeld/krefeld_000000_002083_leftImg8bit.png,1,1370,382,1491,489
225,train/krefeld/krefeld_000000_002083_leftImg8bit.png,1,1421,382,1586,503
226,train/krefeld/krefeld_000000_002083_leftImg8bit.png,1,1511,385,1706,526
227,train/krefeld/krefeld_000000_002083_leftImg8bit.png,1,1626,374,1851,568
228,train/krefeld/krefeld_000000_002083_leftImg8bit.png,1,1797,276,2047,659
229,train/krefeld/krefeld_000000_026919_leftImg8bit.png,1,902,392,955,453
230,train/krefeld/krefeld_000000_026919_leftImg8bit.png,1,1151,381,1215,448
231,train/krefeld/krefeld_000000_026919_leftImg8bit.png,1,1166,383,1300,492
232,train/krefeld/krefeld_000000_026919_leftImg8bit.png,0,1595,302,1676,496
233,train/krefeld/krefeld_000000_026919_leftImg8bit.png,1,814,399,875,459
234,train/krefeld/krefeld_000000_026919_leftImg8bit.png,1,733,394,833,480
235,train/krefeld/krefeld_000000_026919_leftImg8bit.png,1,345,362,624,557
236,train/krefeld/krefeld_000000_026919_leftImg8bit.png,1,924,340,1173,563
237,train/krefeld/krefeld_000000_021222_leftImg8bit.png,1,1246,390,1374,488
238,train/krefeld/krefeld_000000_021222_leftImg8bit.png,1,522,406,656,504
239,train/krefeld/krefeld_000000_021222_leftImg8bit.png,1,448,406,587,521
240,train/krefeld/krefeld_000000_021222_leftImg8bit.png,1,263,405,496,557
241,train/krefeld/krefeld_000000_021222_leftImg8bit.png,4,620,434,686,514
242,train/krefeld/krefeld_000000_021222_leftImg8bit.png,1,1341,382,1446,522
243,train/krefeld/krefeld_000000_021222_leftImg8bit.png,1,1366,353,1656,566
244,train/krefeld/krefeld_000000_021222_leftImg8bit.png,1,1567,356,2022,635
245,train/krefeld/krefeld_000000_021222_leftImg8bit.png,1,1850,423,2047,766
246,train/krefeld/krefeld_000000_020033_leftImg8bit.png,0,1349,345,1424,512
247,train/krefeld/krefeld_000000_020033_leftImg8bit.png,1,592,375,745,490
248,train/krefeld/krefeld_000000_020033_leftImg8bit.png,1,730,390,919,513
249,train/krefeld/krefeld_000000_020033_leftImg8bit.png,1,466,386,639,520
250,train/krefeld/krefeld_000000_020033_leftImg8bit.png,4,219,411,291,496
251,train/krefeld/krefeld_000000_020033_leftImg8bit.png,1,249,397,546,570
252,train/krefeld/krefeld_000000_020033_leftImg8bit.png,1,0,416,277,660
253,train/krefeld/krefeld_000000_026580_leftImg8bit.png,4,388,403,454,528
254,train/krefeld/krefeld_000000_026580_leftImg8bit.png,0,446,354,520,542
255,train/krefeld/krefeld_000000_026580_leftImg8bit.png,1,0,397,324,710
256,train/krefeld/krefeld_000000_026580_leftImg8bit.png,0,1050,371,1105,474
257,train/krefeld/krefeld_000000_026580_leftImg8bit.png,0,1020,386,1085,473
258,train/krefeld/krefeld_000000_026580_leftImg8bit.png,1,1124,393,1182,453
259,train/krefeld/krefeld_000000_026580_leftImg8bit.png,1,1162,382,1258,461
260,train/krefeld/krefeld_000000_026580_leftImg8bit.png,1,1256,389,1346,519
261,train/krefeld/krefeld_000000_026580_leftImg8bit.png,1,1290,372,1463,545
262,train/krefeld/krefeld_000000_026580_leftImg8bit.png,1,1377,355,1637,596
263,train/krefeld/krefeld_000000_026580_leftImg8bit.png,1,1472,336,2013,707
264,train/krefeld/krefeld_000000_026580_leftImg8bit.png,1,1773,330,2048,825
265,train/krefeld/krefeld_000000_009404_leftImg8bit.png,1,205,358,641,466
266,train/krefeld/krefeld_000000_009404_leftImg8bit.png,1,1224,376,1365,501
267,train/krefeld/krefeld_000000_009404_leftImg8bit.png,1,1249,385,1463,537
268,train/krefeld/krefeld_000000_009404_leftImg8bit.png,1,1519,327,2047,790
269,train/krefeld/krefeld_000000_023698_leftImg8bit.png,1,570,376,703,463
270,train/krefeld/krefeld_000000_023698_leftImg8bit.png,0,42,350,98,509
271,train/krefeld/krefeld_000000_014673_leftImg8bit.png,1,575,383,688,444
272,train/krefeld/krefeld_000000_014673_leftImg8bit.png,1,71,397,126,462
273,train/krefeld/krefeld_000000_014673_leftImg8bit.png,1,138,380,328,526
274,train/krefeld/krefeld_000000_014673_leftImg8bit.png,1,906,354,1108,500
275,train/krefeld/krefeld_000000_014673_leftImg8bit.png,1,1667,291,2047,574
276,train/krefeld/krefeld_000000_014673_leftImg8bit.png,1,1967,320,2047,599
277,train/krefeld/krefeld_000000_027075_leftImg8bit.png,1,1196,387,1293,489
278,train/krefeld/krefeld_000000_027075_leftImg8bit.png,1,1240,377,1380,503
279,train/krefeld/krefeld_000000_027075_leftImg8bit.png,1,1308,377,1505,564
280,train/krefeld/krefeld_000000_027075_leftImg8bit.png,1,1394,374,1821,643
281,train/krefeld/krefeld_000000_027075_leftImg8bit.png,1,1815,386,2048,886
282,train/krefeld/krefeld_000000_026269_leftImg8bit.png,1,542,390,709,484
283,train/krefeld/krefeld_000000_026269_leftImg8bit.png,1,25,385,319,567
284,train/krefeld/krefeld_000000_026269_leftImg8bit.png,1,0,389,77,591
285,train/krefeld/krefeld_000000_026269_leftImg8bit.png,1,1083,382,1180,450
286,train/krefeld/krefeld_000000_026269_leftImg8bit.png,0,1507,280,1600,542
287,train/krefeld/krefeld_000000_026269_leftImg8bit.png,0,1820,249,1955,586
288,train/krefeld/krefeld_000000_017342_leftImg8bit.png,1,962,386,1052,476
289,train/krefeld/krefeld_000000_017342_leftImg8bit.png,1,842,382,991,499
290,train/krefeld/krefeld_000000_017342_leftImg8bit.png,1,480,349,799,574
291,train/krefeld/krefeld_000000_017342_leftImg8bit.png,1,0,301,504,734
292,train/krefeld/krefeld_000000_017342_leftImg8bit.png,0,1320,363,1383,514
293,train/krefeld/krefeld_000000_017489_leftImg8bit.png,1,602,429,674,497
294,train/krefeld/krefeld_000000_017489_leftImg8bit.png,0,416,405,474,549
295,train/krefeld/krefeld_000000_017489_leftImg8bit.png,5,873,436,930,499
296,train/krefeld/krefeld_000000_019125_leftImg8bit.png,0,1757,325,1824,498
297,train/krefeld/krefeld_000000_019125_leftImg8bit.png,0,1813,318,1894,499
298,train/krefeld/krefeld_000000_032390_leftImg8bit.png,1,218,409,339,461
299,train/krefeld/krefeld_000000_032390_leftImg8bit.png,1,518,410,619,478
300,train/krefeld/krefeld_000000_032390_leftImg8bit.png,1,716,396,955,487
301,train/krefeld/krefeld_000000_032390_leftImg8bit.png,3,1014,313,1122,453
302,train/krefeld/krefeld_000000_029050_leftImg8bit.png,0,431,359,495,512
303,train/krefeld/krefeld_000000_029050_leftImg8bit.png,1,910,367,987,447
304,train/krefeld/krefeld_000000_029050_leftImg8bit.png,1,937,378,1009,455
305,train/krefeld/krefeld_000000_029050_leftImg8bit.png,1,955,380,1041,467
306,train/krefeld/krefeld_000000_029050_leftImg8bit.png,1,1007,377,1094,483
307,train/krefeld/krefeld_000000_029050_leftImg8bit.png,1,1065,342,1253,509
308,train/krefeld/krefeld_000000_029050_leftImg8bit.png,1,1140,354,1407,546
309,train/krefeld/krefeld_000000_029050_leftImg8bit.png,1,575,350,811,551
310,train/krefeld/krefeld_000000_030221_leftImg8bit.png,1,796,365,892,460
311,train/krefeld/krefeld_000000_030221_leftImg8bit.png,1,731,378,840,474
312,train/krefeld/krefeld_000000_030221_leftImg8bit.png,1,748,406,801,485
313,train/krefeld/krefeld_000000_030221_leftImg8bit.png,1,689,401,774,495
314,train/krefeld/krefeld_000000_030221_leftImg8bit.png,1,587,400,722,515
315,train/krefeld/krefeld_000000_030221_leftImg8bit.png,1,405,402,647,541
316,train/krefeld/krefeld_000000_030221_leftImg8bit.png,4,290,424,352,517
317,train/krefeld/krefeld_000000_030221_leftImg8bit.png,1,1027,396,1091,450
318,train/krefeld/krefeld_000000_030221_leftImg8bit.png,1,1096,396,1175,448
319,train/krefeld/krefeld_000000_030221_leftImg8bit.png,1,1184,374,1289,478
320,train/krefeld/krefeld_000000_030221_leftImg8bit.png,1,1188,391,1290,485
321,train/krefeld/krefeld_000000_030221_leftImg8bit.png,1,1232,386,1407,510
322,train/krefeld/krefeld_000000_030221_leftImg8bit.png,4,1225,420,1355,521
323,train/krefeld/krefeld_000000_030221_leftImg8bit.png,4,1269,428,1336,541
324,train/krefeld/krefeld_000000_032845_leftImg8bit.png,1,1201,386,1318,485
325,train/krefeld/krefeld_000000_032845_leftImg8bit.png,1,1254,389,1326,509
326,train/krefeld/krefeld_000000_032845_leftImg8bit.png,1,1285,356,1517,531
327,train/krefeld/krefeld_000000_032845_leftImg8bit.png,1,904,409,1001,465
328,train/krefeld/krefeld_000000_032845_leftImg8bit.png,1,821,408,901,467
329,train/krefeld/krefeld_000000_032845_leftImg8bit.png,1,483,411,603,523
330,train/krefeld/krefeld_000000_032845_leftImg8bit.png,1,327,403,515,540
331,train/krefeld/krefeld_000000_032845_leftImg8bit.png,1,40,411,376,588
332,train/krefeld/krefeld_000000_032845_leftImg8bit.png,1,559,395,803,554
333,train/krefeld/krefeld_000000_032845_leftImg8bit.png,1,1665,367,2048,826
334,train/krefeld/krefeld_000000_006274_leftImg8bit.png,1,1196,385,1260,450
335,train/krefeld/krefeld_000000_006274_leftImg8bit.png,1,0,430,161,495
336,train/krefeld/krefeld_000000_001908_leftImg8bit.png,1,329,386,462,458
337,train/krefeld/krefeld_000000_001908_leftImg8bit.png,1,810,392,910,462
338,train/krefeld/krefeld_000000_001908_leftImg8bit.png,1,1148,385,1207,438
339,train/krefeld/krefeld_000000_003707_leftImg8bit.png,1,1219,391,1300,442
340,train/krefeld/krefeld_000000_003707_leftImg8bit.png,1,1191,398,1280,485
341,train/krefeld/krefeld_000000_003707_leftImg8bit.png,1,1231,390,1364,531
342,train/krefeld/krefeld_000000_003707_leftImg8bit.png,1,1293,382,1522,578
343,train/krefeld/krefeld_000000_003707_leftImg8bit.png,1,773,405,836,465
344,train/krefeld/krefeld_000000_003707_leftImg8bit.png,1,756,407,807,472
345,train/krefeld/krefeld_000000_003707_leftImg8bit.png,1,721,403,780,478
346,train/krefeld/krefeld_000000_003707_leftImg8bit.png,1,669,395,742,486
347,train/krefeld/krefeld_000000_003707_leftImg8bit.png,1,553,388,693,502
348,train/krefeld/krefeld_000000_034389_leftImg8bit.png,5,259,412,327,512
349,train/krefeld/krefeld_000000_034389_leftImg8bit.png,0,56,377,146,541
350,train/krefeld/krefeld_000000_034389_leftImg8bit.png,1,1041,385,1101,439
351,train/krefeld/krefeld_000000_034389_leftImg8bit.png,0,1252,332,1315,488
352,train/krefeld/krefeld_000000_034389_leftImg8bit.png,0,1311,344,1362,486
353,train/krefeld/krefeld_000000_018866_leftImg8bit.png,0,978,369,1051,573
354,train/krefeld/krefeld_000000_018866_leftImg8bit.png,0,1007,380,1101,574
355,train/krefeld/krefeld_000000_018866_leftImg8bit.png,1,1233,379,1324,487
356,train/krefeld/krefeld_000000_018866_leftImg8bit.png,1,1223,425,1308,495
357,train/krefeld/krefeld_000000_006686_leftImg8bit.png,1,1200,375,1346,489
358,train/krefeld/krefeld_000000_006686_leftImg8bit.png,1,1308,379,1508,533
359,train/krefeld/krefeld_000000_006686_leftImg8bit.png,1,1444,350,1900,669
360,train/krefeld/krefeld_000000_006686_leftImg8bit.png,1,1710,346,2047,918
361,train/krefeld/krefeld_000000_006686_leftImg8bit.png,1,772,410,837,474
362,train/krefeld/krefeld_000000_006686_leftImg8bit.png,1,734,412,813,481
363,train/krefeld/krefeld_000000_006686_leftImg8bit.png,1,657,393,758,502
364,train/krefeld/krefeld_000000_006686_leftImg8bit.png,1,488,377,687,525
365,train/krefeld/krefeld_000000_006686_leftImg8bit.png,1,50,399,383,621
366,train/krefeld/krefeld_000000_006686_leftImg8bit.png,1,0,409,148,668
367,train/krefeld/krefeld_000000_000442_leftImg8bit.png,1,1105,374,1590,558
368,train/krefeld/krefeld_000000_000442_leftImg8bit.png,1,1510,361,1912,661
369,train/krefeld/krefeld_000000_000442_leftImg8bit.png,1,1657,352,2047,951
370,train/krefeld/krefeld_000000_000442_leftImg8bit.png,1,930,382,1000,451
371,train/krefeld/krefeld_000000_000442_leftImg8bit.png,1,907,395,991,468
372,train/krefeld/krefeld_000000_000442_leftImg8bit.png,1,756,393,853,520
373,train/krefeld/krefeld_000000_000442_leftImg8bit.png,1,416,241,791,585
374,train/krefeld/krefeld_000000_000442_leftImg8bit.png,1,125,383,553,690
375,train/krefeld/krefeld_000000_000442_leftImg8bit.png,1,0,359,196,787
376,train/krefeld/krefeld_000000_005503_leftImg8bit.png,1,863,409,950,473
377,train/krefeld/krefeld_000000_005503_leftImg8bit.png,1,624,426,790,510
378,train/krefeld/krefeld_000000_005503_leftImg8bit.png,1,336,411,539,529
379,train/krefeld/krefeld_000000_005503_leftImg8bit.png,4,0,449,54,539
380,train/krefeld/krefeld_000000_022162_leftImg8bit.png,1,1147,379,1200,439
381,train/krefeld/krefeld_000000_022162_leftImg8bit.png,1,1168,381,1219,443
382,train/krefeld/krefeld_000000_022162_leftImg8bit.png,1,1191,377,1299,460
383,train/krefeld/krefeld_000000_022162_leftImg8bit.png,1,1399,350,1696,582
384,train/krefeld/krefeld_000000_022162_leftImg8bit.png,1,1575,330,2047,684
385,train/krefeld/krefeld_000000_022162_leftImg8bit.png,4,1293,451,1412,660
386,train/krefeld/krefeld_000000_008305_leftImg8bit.png,1,946,351,1028,422
387,train/krefeld/krefeld_000000_008305_leftImg8bit.png,1,736,392,860,483
388,train/krefeld/krefeld_000000_008305_leftImg8bit.png,1,547,390,761,528
389,train/krefeld/krefeld_000000_008305_leftImg8bit.png,1,298,393,580,606
390,train/krefeld/krefeld_000000_008305_leftImg8bit.png,1,0,333,367,723
391,train/krefeld/krefeld_000000_008305_leftImg8bit.png,1,1227,376,1301,464
392,train/krefeld/krefeld_000000_008305_leftImg8bit.png,1,1276,333,1429,471
393,train/krefeld/krefeld_000000_008305_leftImg8bit.png,1,1278,339,1544,525
394,train/krefeld/krefeld_000000_008305_leftImg8bit.png,1,1380,111,1929,614
395,train/krefeld/krefeld_000000_014886_leftImg8bit.png,1,1289,333,1486,507
396,train/krefeld/krefeld_000000_014886_leftImg8bit.png,1,1372,374,1511,537
397,train/krefeld/krefeld_000000_014886_leftImg8bit.png,1,1456,295,1872,621
398,train/krefeld/krefeld_000000_014886_leftImg8bit.png,1,132,386,451,557
399,train/krefeld/krefeld_000000_031257_leftImg8bit.png,1,298,410,403,490
400,train/krefeld/krefeld_000000_031257_leftImg8bit.png,1,230,412,337,505
401,train/krefeld/krefeld_000000_031257_leftImg8bit.png,1,21,398,249,527
402,train/krefeld/krefeld_000000_031257_leftImg8bit.png,4,1456,400,1516,510
403,train/krefeld/krefeld_000000_025812_leftImg8bit.png,1,665,403,760,497
404,train/krefeld/krefeld_000000_025812_leftImg8bit.png,1,526,399,692,516
405,train/krefeld/krefeld_000000_025812_leftImg8bit.png,1,312,399,547,571
406,train/krefeld/krefeld_000000_025812_leftImg8bit.png,1,9,400,362,632
407,train/krefeld/krefeld_000000_025812_leftImg8bit.png,1,0,435,75,685
408,train/krefeld/krefeld_000000_025812_leftImg8bit.png,1,900,378,1148,568
409,train/krefeld/krefeld_000000_025812_leftImg8bit.png,1,1203,347,1386,508
410,train/krefeld/krefeld_000000_025812_leftImg8bit.png,0,1556,345,1624,495
411,train/krefeld/krefeld_000000_025812_leftImg8bit.png,0,1701,308,1773,521
412,train/krefeld/krefeld_000000_025812_leftImg8bit.png,0,1619,343,1686,515
413,train/krefeld/krefeld_000000_025812_leftImg8bit.png,1,1329,377,1596,556
414,train/krefeld/krefeld_000000_025812_leftImg8bit.png,1,1907,387,2048,846
415,train/krefeld/krefeld_000000_004608_leftImg8bit.png,1,1148,345,1202,432
416,train/krefeld/krefeld_000000_004608_leftImg8bit.png,2,1148,345,1202,432
417,train/krefeld/krefeld_000000_004608_leftImg8bit.png,2,1180,324,1318,465
418,train/krefeld/krefeld_000000_004608_leftImg8bit.png,1,1212,366,1369,481
419,train/krefeld/krefeld_000000_004608_leftImg8bit.png,1,794,366,888,442
420,train/krefeld/krefeld_000000_004608_leftImg8bit.png,1,650,356,843,493
421,train/krefeld/krefeld_000000_001566_leftImg8bit.png,1,481,424,570,490
422,train/krefeld/krefeld_000000_001566_leftImg8bit.png,1,397,425,508,503
423,train/krefeld/krefeld_000000_001566_leftImg8bit.png,4,191,440,252,497
424,train/krefeld/krefeld_000000_001566_leftImg8bit.png,1,564,397,729,513
425,train/krefeld/krefeld_000000_001566_leftImg8bit.png,1,245,428,422,520
426,train/krefeld/krefeld_000000_001566_leftImg8bit.png,1,0,428,192,557
427,train/krefeld/krefeld_000000_001566_leftImg8bit.png,1,1130,393,1190,452
428,train/krefeld/krefeld_000000_001566_leftImg8bit.png,1,1183,388,1245,487
429,train/krefeld/krefeld_000000_001566_leftImg8bit.png,1,1214,377,1332,498
430,train/krefeld/krefeld_000000_001566_leftImg8bit.png,1,1263,373,1381,514
431,train/krefeld/krefeld_000000_001566_leftImg8bit.png,1,1328,350,1567,581
432,train/krefeld/krefeld_000000_001566_leftImg8bit.png,1,1455,321,1956,678
433,train/krefeld/krefeld_000000_001566_leftImg8bit.png,1,1736,314,2047,830
434,train/krefeld/krefeld_000000_000316_leftImg8bit.png,1,1084,383,1138,435
435,train/krefeld/krefeld_000000_000316_leftImg8bit.png,1,1122,379,1188,462
436,train/krefeld/krefeld_000000_000316_leftImg8bit.png,1,1151,375,1235,491
437,train/krefeld/krefeld_000000_000316_leftImg8bit.png,1,1203,327,1483,556
438,train/krefeld/krefeld_000000_000316_leftImg8bit.png,1,1452,337,1891,690
439,train/krefeld/krefeld_000000_000316_leftImg8bit.png,1,1654,328,2047,848
440,train/krefeld/krefeld_000000_000316_leftImg8bit.png,1,834,353,916,443
441,train/krefeld/krefeld_000000_000316_leftImg8bit.png,1,816,388,883,446
442,train/krefeld/krefeld_000000_000316_leftImg8bit.png,1,746,387,840,466
443,train/krefeld/krefeld_000000_000316_leftImg8bit.png,1,554,393,742,522
444,train/krefeld/krefeld_000000_000316_leftImg8bit.png,1,69,397,443,672
445,train/krefeld/krefeld_000000_000316_leftImg8bit.png,1,0,298,144,748
446,train/krefeld/krefeld_000000_018004_leftImg8bit.png,1,1121,387,1194,464
447,train/krefeld/krefeld_000000_018004_leftImg8bit.png,1,1141,379,1251,473
448,train/krefeld/krefeld_000000_018004_leftImg8bit.png,1,1153,398,1285,490
449,train/krefeld/krefeld_000000_018004_leftImg8bit.png,1,1326,359,1552,552
450,train/krefeld/krefeld_000000_018004_leftImg8bit.png,1,1427,348,1906,625
451,train/krefeld/krefeld_000000_018004_leftImg8bit.png,1,773,385,868,478
452,train/krefeld/krefeld_000000_018004_leftImg8bit.png,1,609,373,813,521
453,train/krefeld/krefeld_000000_018004_leftImg8bit.png,0,470,346,544,513
454,train/krefeld/krefeld_000000_018004_leftImg8bit.png,0,32,329,159,574
455,train/krefeld/krefeld_000000_023510_leftImg8bit.png,1,0,319,270,711
456,train/krefeld/krefeld_000000_023510_leftImg8bit.png,1,389,375,696,564
457,train/krefeld/krefeld_000000_023510_leftImg8bit.png,1,1166,396,1288,487
458,train/krefeld/krefeld_000000_028638_leftImg8bit.png,0,337,352,419,535
459,train/krefeld/krefeld_000000_028638_leftImg8bit.png,0,424,342,501,539
460,train/krefeld/krefeld_000000_028638_leftImg8bit.png,1,558,372,785,530
461,train/krefeld/krefeld_000000_028638_leftImg8bit.png,1,1269,370,1383,488
462,train/krefeld/krefeld_000000_028638_leftImg8bit.png,1,1308,359,1508,520
463,train/krefeld/krefeld_000000_028638_leftImg8bit.png,1,1506,328,2048,754
464,train/krefeld/krefeld_000000_011655_leftImg8bit.png,0,1491,354,1548,495
465,train/krefeld/krefeld_000000_008239_leftImg8bit.png,1,927,371,992,423
466,train/krefeld/krefeld_000000_008239_leftImg8bit.png,1,649,363,889,564
467,train/krefeld/krefeld_000000_008239_leftImg8bit.png,1,232,293,637,601
468,train/krefeld/krefeld_000000_008239_leftImg8bit.png,1,1135,328,1268,463
469,train/krefeld/krefeld_000000_008239_leftImg8bit.png,1,1215,373,1363,507
470,train/krefeld/krefeld_000000_008239_leftImg8bit.png,1,1297,376,1527,541
471,train/krefeld/krefeld_000000_008239_leftImg8bit.png,1,1704,331,2047,867
472,train/krefeld/krefeld_000000_030111_leftImg8bit.png,1,896,385,1004,442
473,train/krefeld/krefeld_000000_030111_leftImg8bit.png,1,815,388,886,473
474,train/krefeld/krefeld_000000_030111_leftImg8bit.png,1,709,388,856,482
475,train/krefeld/krefeld_000000_030111_leftImg8bit.png,1,607,388,745,522
476,train/krefeld/krefeld_000000_030111_leftImg8bit.png,1,306,380,655,593
477,train/krefeld/krefeld_000000_030111_leftImg8bit.png,1,1253,368,1395,510
478,train/krefeld/krefeld_000000_030111_leftImg8bit.png,1,1353,247,1866,624
479,train/krefeld/krefeld_000000_030701_leftImg8bit.png,1,56,392,193,468
480,train/krefeld/krefeld_000000_030701_leftImg8bit.png,0,4,358,77,528
481,train/krefeld/krefeld_000000_030701_leftImg8bit.png,1,1476,373,1737,534
482,train/krefeld/krefeld_000000_030701_leftImg8bit.png,1,1685,362,2024,584
483,train/krefeld/krefeld_000000_030701_leftImg8bit.png,1,1891,385,2048,620
484,train/krefeld/krefeld_000000_015116_leftImg8bit.png,1,1122,391,1204,450
485,train/krefeld/krefeld_000000_013766_leftImg8bit.png,0,1967,301,2047,617
486,train/krefeld/krefeld_000000_013766_leftImg8bit.png,1,1021,390,1150,499
487,train/krefeld/krefeld_000000_013766_leftImg8bit.png,0,261,424,317,490
488,train/krefeld/krefeld_000000_013766_leftImg8bit.png,1,801,389,866,454
489,train/krefeld/krefeld_000000_013766_leftImg8bit.png,1,761,393,838,460
490,train/krefeld/krefeld_000000_013766_leftImg8bit.png,1,703,401,812,465
491,train/krefeld/krefeld_000000_013766_leftImg8bit.png,1,703,401,812,465
492,train/krefeld/krefeld_000000_013766_leftImg8bit.png,1,915,402,980,454
493,train/krefeld/krefeld_000000_013766_leftImg8bit.png,1,848,394,949,476
494,train/krefeld/krefeld_000000_013766_leftImg8bit.png,1,613,387,735,486
495,train/krefeld/krefeld_000000_013766_leftImg8bit.png,1,231,388,688,661
496,train/krefeld/krefeld_000000_015494_leftImg8bit.png,1,629,404,737,468
497,train/krefeld/krefeld_000000_015494_leftImg8bit.png,1,549,399,649,492
498,train/krefeld/krefeld_000000_015494_leftImg8bit.png,1,420,392,590,510
499,train/krefeld/krefeld_000000_015494_leftImg8bit.png,1,1171,400,1235,471
500,train/krefeld/krefeld_000000_015494_leftImg8bit.png,1,1204,386,1289,480
501,train/krefeld/krefeld_000000_015494_leftImg8bit.png,1,1254,357,1418,496
502,train/krefeld/krefeld_000000_030400_leftImg8bit.png,1,764,393,832,449
503,train/krefeld/krefeld_000000_030400_leftImg8bit.png,1,598,385,681,466
504,train/krefeld/krefeld_000000_030400_leftImg8bit.png,1,509,382,650,522
505,train/krefeld/krefeld_000000_030400_leftImg8bit.png,1,323,365,532,548
506,train/krefeld/krefeld_000000_030400_leftImg8bit.png,4,626,420,693,525
507,train/krefeld/krefeld_000000_030400_leftImg8bit.png,1,0,381,384,613
508,train/krefeld/krefeld_000000_030400_leftImg8bit.png,1,1334,378,1448,462
509,train/krefeld/krefeld_000000_030400_leftImg8bit.png,1,1212,376,1405,503
510,train/krefeld/krefeld_000000_030400_leftImg8bit.png,0,1517,309,1596,536
511,train/krefeld/krefeld_000000_030400_leftImg8bit.png,0,1660,311,1764,539
512,train/krefeld/krefeld_000000_024921_leftImg8bit.png,1,736,375,921,524
513,train/krefeld/krefeld_000000_024921_leftImg8bit.png,1,506,374,816,626
514,train/krefeld/krefeld_000000_024921_leftImg8bit.png,1,0,211,582,818
515,train/krefeld/krefeld_000000_024921_leftImg8bit.png,1,1161,402,1236,471
516,train/krefeld/krefeld_000000_024921_leftImg8bit.png,2,1240,224,1520,544
517,train/krefeld/krefeld_000000_024921_leftImg8bit.png,1,1329,360,1649,588
518,train/krefeld/krefeld_000000_020873_leftImg8bit.png,1,500,394,757,461
519,train/krefeld/krefeld_000000_020873_leftImg8bit.png,0,788,330,883,520
520,train/krefeld/krefeld_000000_020873_leftImg8bit.png,0,781,340,841,532
521,train/krefeld/krefeld_000000_020873_leftImg8bit.png,0,949,346,1003,514
522,train/krefeld/krefeld_000000_020873_leftImg8bit.png,0,1060,337,1142,512
523,train/krefeld/krefeld_000000_020873_leftImg8bit.png,0,1016,339,1109,522
524,train/krefeld/krefeld_000000_020624_leftImg8bit.png,4,1305,374,1389,434
525,train/krefeld/krefeld_000000_020624_leftImg8bit.png,0,1085,310,1161,568
526,train/krefeld/krefeld_000000_020624_leftImg8bit.png,0,985,307,1114,590
527,train/krefeld/krefeld_000000_015868_leftImg8bit.png,1,1648,379,1893,467
528,train/krefeld/krefeld_000000_015868_leftImg8bit.png,0,302,350,375,587
529,train/krefeld/krefeld_000000_015868_leftImg8bit.png,0,443,354,547,578
530,train/krefeld/krefeld_000000_004447_leftImg8bit.png,1,804,376,1071,541
531,train/krefeld/krefeld_000000_004447_leftImg8bit.png,0,1254,295,1376,564
532,train/krefeld/krefeld_000000_034686_leftImg8bit.png,1,990,379,1044,437
533,train/krefeld/krefeld_000000_005252_leftImg8bit.png,1,1931,389,2047,449
534,train/krefeld/krefeld_000000_005252_leftImg8bit.png,3,707,230,1126,500
535,train/krefeld/krefeld_000000_005252_leftImg8bit.png,5,175,400,254,489
536,train/krefeld/krefeld_000000_020933_leftImg8bit.png,1,1581,327,1765,472
537,train/krefeld/krefeld_000000_020933_leftImg8bit.png,1,470,385,656,452
538,train/krefeld/krefeld_000000_020933_leftImg8bit.png,0,939,284,1033,551
539,train/krefeld/krefeld_000000_020933_leftImg8bit.png,0,146,365,208,493
540,train/krefeld/krefeld_000000_020933_leftImg8bit.png,4,264,406,342,529
541,train/krefeld/krefeld_000000_032614_leftImg8bit.png,1,1315,375,1369,430
542,train/krefeld/krefeld_000000_032614_leftImg8bit.png,1,1344,372,1446,445
543,train/krefeld/krefeld_000000_032614_leftImg8bit.png,1,1449,362,1610,446
544,train/krefeld/krefeld_000000_032614_leftImg8bit.png,1,1901,375,2048,514
545,train/krefeld/krefeld_000000_032614_leftImg8bit.png,0,821,362,896,562
546,train/krefeld/krefeld_000000_032614_leftImg8bit.png,0,752,381,816,562
547,train/krefeld/krefeld_000000_017042_leftImg8bit.png,1,791,388,870,459
548,train/krefeld/krefeld_000000_017042_leftImg8bit.png,1,806,397,903,468
549,train/krefeld/krefeld_000000_017042_leftImg8bit.png,0,1066,351,1141,510
550,train/krefeld/krefeld_000000_017042_leftImg8bit.png,0,1161,321,1256,560
551,train/krefeld/krefeld_000000_017042_leftImg8bit.png,0,1241,325,1357,552
552,train/krefeld/krefeld_000000_016342_leftImg8bit.png,0,690,316,832,663
553,train/krefeld/krefeld_000000_016342_leftImg8bit.png,0,570,339,678,690
554,train/krefeld/krefeld_000000_030560_leftImg8bit.png,0,929,319,1036,612
555,train/krefeld/krefeld_000000_030560_leftImg8bit.png,0,1017,335,1146,628
556,train/krefeld/krefeld_000000_030560_leftImg8bit.png,5,1705,390,1769,463
557,train/krefeld/krefeld_000000_030560_leftImg8bit.png,0,1554,371,1623,520
558,train/krefeld/krefeld_000000_029704_leftImg8bit.png,1,1210,384,1289,449
559,train/krefeld/krefeld_000000_029704_leftImg8bit.png,1,1471,398,1531,451
560,train/krefeld/krefeld_000000_029704_leftImg8bit.png,4,1407,404,1483,476
561,train/krefeld/krefeld_000000_029704_leftImg8bit.png,1,1479,213,2048,681
562,train/krefeld/krefeld_000000_029704_leftImg8bit.png,0,381,358,482,614
563,train/krefeld/krefeld_000000_029704_leftImg8bit.png,0,218,350,354,615
564,train/krefeld/krefeld_000000_029704_leftImg8bit.png,0,49,311,173,637
565,train/krefeld/krefeld_000000_029704_leftImg8bit.png,1,1936,504,2048,828
566,train/krefeld/krefeld_000000_029704_leftImg8bit.png,1,830,386,963,542
567,train/krefeld/krefeld_000000_029704_leftImg8bit.png,1,570,376,910,598
568,train/krefeld/krefeld_000000_012505_leftImg8bit.png,3,909,363,1011,431
569,train/krefeld/krefeld_000000_012505_leftImg8bit.png,3,1017,352,1348,434
570,train/krefeld/krefeld_000000_012505_leftImg8bit.png,4,1549,395,1609,496
571,train/krefeld/krefeld_000000_024362_leftImg8bit.png,0,406,345,498,540
572,train/krefeld/krefeld_000000_024362_leftImg8bit.png,0,493,365,579,544
573,train/krefeld/krefeld_000000_024362_leftImg8bit.png,1,910,397,977,453
574,train/krefeld/krefeld_000000_024362_leftImg8bit.png,1,738,294,921,503
575,train/krefeld/krefeld_000000_024362_leftImg8bit.png,1,1650,305,2048,778
576,train/krefeld/krefeld_000000_024362_leftImg8bit.png,1,1147,388,1199,453
577,train/krefeld/krefeld_000000_024362_leftImg8bit.png,1,1189,379,1288,473
578,train/krefeld/krefeld_000000_024362_leftImg8bit.png,1,1212,386,1277,480
579,train/krefeld/krefeld_000000_024362_leftImg8bit.png,1,1230,367,1426,511
580,train/krefeld/krefeld_000000_021000_leftImg8bit.png,1,1043,383,1234,447
581,train/krefeld/krefeld_000000_021000_leftImg8bit.png,1,1559,348,2047,436
582,train/krefeld/krefeld_000000_021000_leftImg8bit.png,0,1050,390,1123,541
583,train/krefeld/krefeld_000000_021000_leftImg8bit.png,0,978,334,1068,545
584,train/krefeld/krefeld_000000_021000_leftImg8bit.png,0,1387,281,1499,615
585,train/krefeld/krefeld_000000_021000_leftImg8bit.png,0,1231,243,1360,630
586,train/krefeld/krefeld_000000_021000_leftImg8bit.png,4,818,402,946,600
587,train/krefeld/krefeld_000000_010160_leftImg8bit.png,0,1135,346,1208,550
588,train/krefeld/krefeld_000000_010160_leftImg8bit.png,0,1211,337,1293,557
589,train/krefeld/krefeld_000000_010160_leftImg8bit.png,1,1671,400,1744,471
590,train/krefeld/krefeld_000000_010160_leftImg8bit.png,1,1687,405,1748,476
591,train/krefeld/krefeld_000000_010160_leftImg8bit.png,1,1702,404,1784,495
592,train/krefeld/krefeld_000000_010160_leftImg8bit.png,1,1747,395,1856,514
593,train/krefeld/krefeld_000000_010160_leftImg8bit.png,1,1779,399,1977,541
594,train/krefeld/krefeld_000000_027954_leftImg8bit.png,1,893,360,1100,457
595,train/krefeld/krefeld_000000_027954_leftImg8bit.png,0,856,352,910,493
596,train/krefeld/krefeld_000000_027954_leftImg8bit.png,1,1013,386,1185,517
597,train/krefeld/krefeld_000000_027954_leftImg8bit.png,0,1546,260,1626,609
598,train/krefeld/krefeld_000000_027954_leftImg8bit.png,0,1550,245,1757,624
