0,train/tubingen/tubingen_000047_000019_leftImg8bit.png,1,1075,415,1143,477
1,train/tubingen/tubingen_000047_000019_leftImg8bit.png,1,822,407,911,497
2,train/tubingen/tubingen_000047_000019_leftImg8bit.png,1,730,413,850,524
3,train/tubingen/tubingen_000047_000019_leftImg8bit.png,1,623,421,795,544
4,train/tubingen/tubingen_000047_000019_leftImg8bit.png,1,232,407,631,634
5,train/tubingen/tubingen_000047_000019_leftImg8bit.png,4,1019,459,1083,608
6,train/tubingen/tubingen_000062_000019_leftImg8bit.png,1,1891,388,2047,469
7,train/tubingen/tubingen_000062_000019_leftImg8bit.png,1,680,379,1002,616
8,train/tubingen/tubingen_000062_000019_leftImg8bit.png,1,46,317,260,629
9,train/tubingen/tubingen_000062_000019_leftImg8bit.png,1,2,143,144,911
10,train/tubingen/tubingen_000062_000019_leftImg8bit.png,0,1584,375,1661,603
11,train/tubingen/tubingen_000019_000019_leftImg8bit.png,1,504,420,583,498
12,train/tubingen/tubingen_000019_000019_leftImg8bit.png,1,473,436,544,502
13,train/tubingen/tubingen_000019_000019_leftImg8bit.png,1,382,428,484,516
14,train/tubingen/tubingen_000019_000019_leftImg8bit.png,1,247,428,434,527
15,train/tubingen/tubingen_000019_000019_leftImg8bit.png,1,874,453,932,512
16,train/tubingen/tubingen_000019_000019_leftImg8bit.png,1,964,467,1041,526
17,train/tubingen/tubingen_000140_000019_leftImg8bit.png,1,255,333,662,534
18,train/tubingen/tubingen_000140_000019_leftImg8bit.png,1,333,378,538,521
19,train/tubingen/tubingen_000140_000019_leftImg8bit.png,1,0,378,438,533
20,train/tubingen/tubingen_000140_000019_leftImg8bit.png,1,1566,312,2048,889
21,train/tubingen/tubingen_000031_000019_leftImg8bit.png,1,1503,332,2045,908
22,train/tubingen/tubingen_000031_000019_leftImg8bit.png,0,938,357,1029,593
23,train/tubingen/tubingen_000031_000019_leftImg8bit.png,4,344,444,485,525
24,train/tubingen/tubingen_000031_000019_leftImg8bit.png,0,379,389,444,523
25,train/tubingen/tubingen_000031_000019_leftImg8bit.png,4,853,451,1103,601
26,train/tubingen/tubingen_000031_000019_leftImg8bit.png,0,861,378,961,612
27,train/tubingen/tubingen_000057_000019_leftImg8bit.png,0,1105,356,1175,603
28,train/tubingen/tubingen_000057_000019_leftImg8bit.png,1,1338,374,1559,498
29,train/tubingen/tubingen_000057_000019_leftImg8bit.png,1,1491,430,1612,487
30,train/tubingen/tubingen_000057_000019_leftImg8bit.png,0,1382,339,1474,572
31,train/tubingen/tubingen_000057_000019_leftImg8bit.png,1,0,1,397,1024
32,train/tubingen/tubingen_000057_000019_leftImg8bit.png,0,518,322,606,564
33,train/tubingen/tubingen_000057_000019_leftImg8bit.png,4,1357,429,1462,581
34,train/tubingen/tubingen_000057_000019_leftImg8bit.png,0,1260,353,1368,612
35,train/tubingen/tubingen_000057_000019_leftImg8bit.png,4,1212,432,1309,611
36,train/tubingen/tubingen_000028_000019_leftImg8bit.png,0,720,352,776,480
37,train/tubingen/tubingen_000027_000019_leftImg8bit.png,0,430,433,491,565
38,train/tubingen/tubingen_000027_000019_leftImg8bit.png,0,465,443,522,570
39,train/tubingen/tubingen_000024_000019_leftImg8bit.png,0,1195,353,1257,483
40,train/tubingen/tubingen_000024_000019_leftImg8bit.png,1,965,386,1062,474
41,train/tubingen/tubingen_000024_000019_leftImg8bit.png,1,855,395,1024,488
42,train/tubingen/tubingen_000024_000019_leftImg8bit.png,1,574,390,960,526
43,train/tubingen/tubingen_000130_000019_leftImg8bit.png,1,1871,296,2041,381
44,train/tubingen/tubingen_000130_000019_leftImg8bit.png,1,878,292,1380,505
45,train/tubingen/tubingen_000089_000019_leftImg8bit.png,4,111,459,287,568
46,train/tubingen/tubingen_000089_000019_leftImg8bit.png,4,111,459,287,568
47,train/tubingen/tubingen_000089_000019_leftImg8bit.png,1,23,447,138,544
48,train/tubingen/tubingen_000089_000019_leftImg8bit.png,1,1147,465,1237,539
49,train/tubingen/tubingen_000089_000019_leftImg8bit.png,1,1152,467,1277,563
50,train/tubingen/tubingen_000102_000019_leftImg8bit.png,1,955,374,1007,429
51,train/tubingen/tubingen_000102_000019_leftImg8bit.png,1,968,378,1024,441
52,train/tubingen/tubingen_000102_000019_leftImg8bit.png,1,992,378,1066,450
53,train/tubingen/tubingen_000102_000019_leftImg8bit.png,1,1008,383,1095,461
54,train/tubingen/tubingen_000102_000019_leftImg8bit.png,1,1060,382,1200,491
55,train/tubingen/tubingen_000102_000019_leftImg8bit.png,1,1170,387,1436,555
56,train/tubingen/tubingen_000102_000019_leftImg8bit.png,5,1438,393,1614,599
57,train/tubingen/tubingen_000102_000019_leftImg8bit.png,4,1686,408,1809,551
58,train/tubingen/tubingen_000102_000019_leftImg8bit.png,1,1765,387,2048,818
59,train/tubingen/tubingen_000071_000019_leftImg8bit.png,1,1278,323,1587,567
60,train/tubingen/tubingen_000071_000019_leftImg8bit.png,0,1628,304,1715,601
61,train/tubingen/tubingen_000071_000019_leftImg8bit.png,0,1174,335,1269,616
62,train/tubingen/tubingen_000071_000019_leftImg8bit.png,0,1241,304,1332,626
63,train/tubingen/tubingen_000071_000019_leftImg8bit.png,0,1765,267,1916,599
64,train/tubingen/tubingen_000071_000019_leftImg8bit.png,0,1806,313,1883,611
65,train/tubingen/tubingen_000096_000019_leftImg8bit.png,1,995,434,1071,489
66,train/tubingen/tubingen_000096_000019_leftImg8bit.png,1,810,422,1009,486
67,train/tubingen/tubingen_000096_000019_leftImg8bit.png,1,1323,444,1406,509
68,train/tubingen/tubingen_000058_000019_leftImg8bit.png,0,785,353,886,626
69,train/tubingen/tubingen_000058_000019_leftImg8bit.png,1,1351,451,1618,628
70,train/tubingen/tubingen_000064_000019_leftImg8bit.png,1,293,325,545,465
71,train/tubingen/tubingen_000064_000019_leftImg8bit.png,1,27,331,200,515
72,train/tubingen/tubingen_000064_000019_leftImg8bit.png,5,368,418,437,485
73,train/tubingen/tubingen_000064_000019_leftImg8bit.png,4,457,426,521,486
74,train/tubingen/tubingen_000064_000019_leftImg8bit.png,2,1076,255,1288,415
75,train/tubingen/tubingen_000064_000019_leftImg8bit.png,2,1208,198,1472,398
76,train/tubingen/tubingen_000064_000019_leftImg8bit.png,0,1168,328,1242,394
77,train/tubingen/tubingen_000064_000019_leftImg8bit.png,1,538,396,608,453
78,train/tubingen/tubingen_000064_000019_leftImg8bit.png,1,483,431,617,512
79,train/tubingen/tubingen_000064_000019_leftImg8bit.png,1,568,378,688,516
80,train/tubingen/tubingen_000064_000019_leftImg8bit.png,1,607,371,894,531
81,train/tubingen/tubingen_000064_000019_leftImg8bit.png,1,730,383,915,477
82,train/tubingen/tubingen_000064_000019_leftImg8bit.png,1,720,366,988,552
83,train/tubingen/tubingen_000064_000019_leftImg8bit.png,1,894,376,1735,823
84,train/tubingen/tubingen_000064_000019_leftImg8bit.png,1,1628,579,2047,1024
85,train/tubingen/tubingen_000064_000019_leftImg8bit.png,0,967,209,1146,857
86,train/tubingen/tubingen_000025_000019_leftImg8bit.png,0,1783,422,1876,583
87,train/tubingen/tubingen_000076_000019_leftImg8bit.png,2,1042,356,1156,428
88,train/tubingen/tubingen_000076_000019_leftImg8bit.png,5,1222,450,1305,521
89,train/tubingen/tubingen_000076_000019_leftImg8bit.png,5,1246,448,1328,532
90,train/tubingen/tubingen_000076_000019_leftImg8bit.png,1,1304,470,1425,574
91,train/tubingen/tubingen_000076_000019_leftImg8bit.png,1,1401,380,1862,626
92,train/tubingen/tubingen_000076_000019_leftImg8bit.png,1,996,418,1071,471
93,train/tubingen/tubingen_000076_000019_leftImg8bit.png,1,964,414,1022,483
94,train/tubingen/tubingen_000076_000019_leftImg8bit.png,1,856,414,998,537
95,train/tubingen/tubingen_000076_000019_leftImg8bit.png,1,760,412,893,556
96,train/tubingen/tubingen_000076_000019_leftImg8bit.png,1,465,368,813,642
97,train/tubingen/tubingen_000076_000019_leftImg8bit.png,1,2,359,585,836
98,train/tubingen/tubingen_000110_000019_leftImg8bit.png,1,783,367,902,481
99,train/tubingen/tubingen_000110_000019_leftImg8bit.png,1,1196,407,1391,508
100,train/tubingen/tubingen_000110_000019_leftImg8bit.png,1,1348,412,1601,518
101,train/tubingen/tubingen_000113_000019_leftImg8bit.png,0,859,409,911,540
102,train/tubingen/tubingen_000113_000019_leftImg8bit.png,1,1205,470,1289,548
103,train/tubingen/tubingen_000113_000019_leftImg8bit.png,1,1246,470,1333,556
104,train/tubingen/tubingen_000113_000019_leftImg8bit.png,1,1295,465,1400,567
105,train/tubingen/tubingen_000113_000019_leftImg8bit.png,1,1341,463,1443,584
106,train/tubingen/tubingen_000113_000019_leftImg8bit.png,1,1388,446,1585,625
107,train/tubingen/tubingen_000113_000019_leftImg8bit.png,1,1488,449,1768,698
108,train/tubingen/tubingen_000113_000019_leftImg8bit.png,1,1617,441,2047,835
109,train/tubingen/tubingen_000056_000019_leftImg8bit.png,0,113,345,253,669
110,train/tubingen/tubingen_000056_000019_leftImg8bit.png,1,746,398,880,542
111,train/tubingen/tubingen_000056_000019_leftImg8bit.png,1,623,424,845,604
112,train/tubingen/tubingen_000056_000019_leftImg8bit.png,5,510,439,713,616
113,train/tubingen/tubingen_000056_000019_leftImg8bit.png,1,1097,417,1174,480
114,train/tubingen/tubingen_000056_000019_leftImg8bit.png,1,1100,422,1273,550
115,train/tubingen/tubingen_000056_000019_leftImg8bit.png,0,1236,391,1301,599
116,train/tubingen/tubingen_000056_000019_leftImg8bit.png,0,1156,382,1217,589
117,train/tubingen/tubingen_000056_000019_leftImg8bit.png,1,2,372,203,1024
118,train/tubingen/tubingen_000056_000019_leftImg8bit.png,4,532,454,685,625
119,train/tubingen/tubingen_000095_000019_leftImg8bit.png,1,745,413,991,590
120,train/tubingen/tubingen_000124_000019_leftImg8bit.png,0,1698,357,1758,522
121,train/tubingen/tubingen_000124_000019_leftImg8bit.png,0,1666,396,1726,544
122,train/tubingen/tubingen_000124_000019_leftImg8bit.png,0,1636,321,1713,552
123,train/tubingen/tubingen_000124_000019_leftImg8bit.png,0,1561,321,1644,558
124,train/tubingen/tubingen_000124_000019_leftImg8bit.png,0,1731,427,1828,534
125,train/tubingen/tubingen_000124_000019_leftImg8bit.png,0,1807,324,1872,547
126,train/tubingen/tubingen_000124_000019_leftImg8bit.png,1,746,401,813,452
127,train/tubingen/tubingen_000124_000019_leftImg8bit.png,1,443,386,640,523
128,train/tubingen/tubingen_000124_000019_leftImg8bit.png,0,0,330,64,524
129,train/tubingen/tubingen_000124_000019_leftImg8bit.png,4,1458,443,1550,622
130,train/tubingen/tubingen_000112_000019_leftImg8bit.png,0,663,323,755,620
131,train/tubingen/tubingen_000112_000019_leftImg8bit.png,0,660,353,795,632
132,train/tubingen/tubingen_000048_000019_leftImg8bit.png,1,1206,413,1319,520
133,train/tubingen/tubingen_000048_000019_leftImg8bit.png,0,1378,379,1437,524
134,train/tubingen/tubingen_000048_000019_leftImg8bit.png,1,820,416,885,484
135,train/tubingen/tubingen_000048_000019_leftImg8bit.png,1,748,409,824,492
136,train/tubingen/tubingen_000048_000019_leftImg8bit.png,3,925,391,1016,477
137,train/tubingen/tubingen_000048_000019_leftImg8bit.png,1,1852,394,2047,469
138,train/tubingen/tubingen_000048_000019_leftImg8bit.png,1,1516,407,2048,819
139,train/tubingen/tubingen_000048_000019_leftImg8bit.png,4,1156,459,1241,633
140,train/tubingen/tubingen_000048_000019_leftImg8bit.png,4,695,441,758,575
141,train/tubingen/tubingen_000048_000019_leftImg8bit.png,0,1378,379,1444,524
142,train/tubingen/tubingen_000114_000019_leftImg8bit.png,1,946,521,1083,601
143,train/tubingen/tubingen_000114_000019_leftImg8bit.png,0,1510,431,1567,616
144,train/tubingen/tubingen_000060_000019_leftImg8bit.png,0,886,366,938,517
145,train/tubingen/tubingen_000060_000019_leftImg8bit.png,1,1276,368,1395,484
146,train/tubingen/tubingen_000060_000019_leftImg8bit.png,1,1510,382,1773,585
147,train/tubingen/tubingen_000060_000019_leftImg8bit.png,4,733,408,822,515
148,train/tubingen/tubingen_000002_000019_leftImg8bit.png,1,1075,408,1199,479
149,train/tubingen/tubingen_000002_000019_leftImg8bit.png,1,886,419,1048,481
150,train/tubingen/tubingen_000002_000019_leftImg8bit.png,1,807,416,878,468
151,train/tubingen/tubingen_000002_000019_leftImg8bit.png,1,2,378,159,642
152,train/tubingen/tubingen_000002_000019_leftImg8bit.png,1,1261,382,1440,546
153,train/tubingen/tubingen_000002_000019_leftImg8bit.png,1,1523,326,1807,573
154,train/tubingen/tubingen_000002_000019_leftImg8bit.png,4,1090,435,1177,490
155,train/tubingen/tubingen_000120_000019_leftImg8bit.png,1,1615,354,1686,408
156,train/tubingen/tubingen_000120_000019_leftImg8bit.png,1,1568,382,1648,446
157,train/tubingen/tubingen_000120_000019_leftImg8bit.png,1,1387,372,1610,515
158,train/tubingen/tubingen_000120_000019_leftImg8bit.png,1,1161,386,1400,547
159,train/tubingen/tubingen_000070_000019_leftImg8bit.png,1,1145,426,1222,537
160,train/tubingen/tubingen_000070_000019_leftImg8bit.png,1,953,404,1193,586
161,train/tubingen/tubingen_000070_000019_leftImg8bit.png,4,629,452,686,553
162,train/tubingen/tubingen_000134_000019_leftImg8bit.png,3,1017,385,1134,465
163,train/tubingen/tubingen_000108_000019_leftImg8bit.png,1,1404,415,1488,480
164,train/tubingen/tubingen_000108_000019_leftImg8bit.png,0,1714,369,1766,518
165,train/tubingen/tubingen_000108_000019_leftImg8bit.png,0,1942,406,2042,529
166,train/tubingen/tubingen_000108_000019_leftImg8bit.png,0,1908,337,1997,544
167,train/tubingen/tubingen_000108_000019_leftImg8bit.png,0,1790,356,1872,547
168,train/tubingen/tubingen_000108_000019_leftImg8bit.png,1,1000,391,1158,531
169,train/tubingen/tubingen_000108_000019_leftImg8bit.png,1,1134,398,1363,576
170,train/tubingen/tubingen_000108_000019_leftImg8bit.png,5,742,440,910,625
171,train/tubingen/tubingen_000092_000019_leftImg8bit.png,1,1224,522,1499,636
172,train/tubingen/tubingen_000092_000019_leftImg8bit.png,1,856,469,1089,613
173,train/tubingen/tubingen_000092_000019_leftImg8bit.png,1,604,458,893,601
174,train/tubingen/tubingen_000117_000019_leftImg8bit.png,1,634,440,728,498
175,train/tubingen/tubingen_000107_000019_leftImg8bit.png,1,730,415,802,487
176,train/tubingen/tubingen_000107_000019_leftImg8bit.png,1,845,421,927,494
177,train/tubingen/tubingen_000107_000019_leftImg8bit.png,1,314,396,517,554
178,train/tubingen/tubingen_000107_000019_leftImg8bit.png,1,0,393,362,665
179,train/tubingen/tubingen_000107_000019_leftImg8bit.png,1,399,394,781,655
180,train/tubingen/tubingen_000107_000019_leftImg8bit.png,1,886,341,1153,608
181,train/tubingen/tubingen_000107_000019_leftImg8bit.png,0,1718,366,1832,660
182,train/tubingen/tubingen_000111_000019_leftImg8bit.png,1,577,438,675,511
183,train/tubingen/tubingen_000111_000019_leftImg8bit.png,1,1133,423,1216,491
184,train/tubingen/tubingen_000029_000019_leftImg8bit.png,0,541,365,606,556
185,train/tubingen/tubingen_000029_000019_leftImg8bit.png,0,614,344,706,548
186,train/tubingen/tubingen_000029_000019_leftImg8bit.png,1,0,379,121,541
187,train/tubingen/tubingen_000081_000019_leftImg8bit.png,0,1361,382,1419,478
188,train/tubingen/tubingen_000081_000019_leftImg8bit.png,0,306,331,364,460
189,train/tubingen/tubingen_000081_000019_leftImg8bit.png,0,315,407,372,573
190,train/tubingen/tubingen_000081_000019_leftImg8bit.png,0,176,340,263,575
191,train/tubingen/tubingen_000081_000019_leftImg8bit.png,0,176,329,275,579
192,train/tubingen/tubingen_000081_000019_leftImg8bit.png,0,1473,338,1560,417
193,train/tubingen/tubingen_000081_000019_leftImg8bit.png,0,1593,353,1658,417
194,train/tubingen/tubingen_000081_000019_leftImg8bit.png,0,1718,348,1783,448
195,train/tubingen/tubingen_000081_000019_leftImg8bit.png,0,1841,331,1938,627
196,train/tubingen/tubingen_000081_000019_leftImg8bit.png,1,1317,394,1855,707
197,train/tubingen/tubingen_000081_000019_leftImg8bit.png,4,785,421,943,531
198,train/tubingen/tubingen_000081_000019_leftImg8bit.png,0,828,379,917,533
199,train/tubingen/tubingen_000068_000019_leftImg8bit.png,1,0,309,124,575
200,train/tubingen/tubingen_000068_000019_leftImg8bit.png,1,1445,377,1775,667
201,train/tubingen/tubingen_000068_000019_leftImg8bit.png,1,1592,360,2048,843
202,train/tubingen/tubingen_000038_000019_leftImg8bit.png,1,918,430,1052,539
203,train/tubingen/tubingen_000038_000019_leftImg8bit.png,1,813,428,958,591
204,train/tubingen/tubingen_000038_000019_leftImg8bit.png,1,639,420,874,636
205,train/tubingen/tubingen_000038_000019_leftImg8bit.png,1,205,403,715,765
206,train/tubingen/tubingen_000038_000019_leftImg8bit.png,1,2,391,267,878
207,train/tubingen/tubingen_000038_000019_leftImg8bit.png,1,1327,396,1502,557
208,train/tubingen/tubingen_000038_000019_leftImg8bit.png,1,1361,408,1527,586
209,train/tubingen/tubingen_000038_000019_leftImg8bit.png,1,1399,404,1596,633
210,train/tubingen/tubingen_000038_000019_leftImg8bit.png,1,1473,412,1980,758
211,train/tubingen/tubingen_000133_000019_leftImg8bit.png,1,1068,387,1132,453
212,train/tubingen/tubingen_000133_000019_leftImg8bit.png,1,1036,397,1099,466
213,train/tubingen/tubingen_000133_000019_leftImg8bit.png,1,1194,394,1280,460
214,train/tubingen/tubingen_000133_000019_leftImg8bit.png,1,955,399,1062,475
215,train/tubingen/tubingen_000041_000019_leftImg8bit.png,1,1376,422,1435,473
216,train/tubingen/tubingen_000041_000019_leftImg8bit.png,1,1285,413,1385,483
217,train/tubingen/tubingen_000041_000019_leftImg8bit.png,5,1260,441,1416,528
218,train/tubingen/tubingen_000041_000019_leftImg8bit.png,1,1158,419,1230,473
219,train/tubingen/tubingen_000041_000019_leftImg8bit.png,1,1068,420,1165,485
220,train/tubingen/tubingen_000041_000019_leftImg8bit.png,1,972,417,1085,496
221,train/tubingen/tubingen_000041_000019_leftImg8bit.png,1,701,400,922,572
222,train/tubingen/tubingen_000041_000019_leftImg8bit.png,1,0,292,89,434
223,train/tubingen/tubingen_000041_000019_leftImg8bit.png,1,50,314,357,507
224,train/tubingen/tubingen_000091_000019_leftImg8bit.png,1,1174,374,1352,546
225,train/tubingen/tubingen_000091_000019_leftImg8bit.png,1,1221,410,1484,600
226,train/tubingen/tubingen_000091_000019_leftImg8bit.png,1,1551,386,2047,1023
227,train/tubingen/tubingen_000091_000019_leftImg8bit.png,3,842,309,1061,522
228,train/tubingen/tubingen_000085_000019_leftImg8bit.png,0,1617,324,1710,657
229,train/tubingen/tubingen_000085_000019_leftImg8bit.png,0,233,442,292,533
230,train/tubingen/tubingen_000085_000019_leftImg8bit.png,1,151,453,691,623
231,train/tubingen/tubingen_000085_000019_leftImg8bit.png,0,676,377,731,591
232,train/tubingen/tubingen_000085_000019_leftImg8bit.png,0,407,392,478,615
233,train/tubingen/tubingen_000085_000019_leftImg8bit.png,0,104,392,193,628
234,train/tubingen/tubingen_000085_000019_leftImg8bit.png,0,845,408,919,571
235,train/tubingen/tubingen_000085_000019_leftImg8bit.png,0,894,420,958,573
236,train/tubingen/tubingen_000085_000019_leftImg8bit.png,0,1337,414,1396,553
237,train/tubingen/tubingen_000085_000019_leftImg8bit.png,0,1369,393,1421,561
238,train/tubingen/tubingen_000085_000019_leftImg8bit.png,0,1492,548,1570,684
239,train/tubingen/tubingen_000085_000019_leftImg8bit.png,0,1401,314,1626,702
240,train/tubingen/tubingen_000085_000019_leftImg8bit.png,0,1533,264,1773,752
241,train/tubingen/tubingen_000085_000019_leftImg8bit.png,0,1116,285,1223,674
242,train/tubingen/tubingen_000085_000019_leftImg8bit.png,0,1010,333,1232,706
243,train/tubingen/tubingen_000044_000019_leftImg8bit.png,1,1191,411,1263,478
244,train/tubingen/tubingen_000044_000019_leftImg8bit.png,4,651,466,732,603
245,train/tubingen/tubingen_000138_000019_leftImg8bit.png,1,1180,425,1300,498
246,train/tubingen/tubingen_000126_000019_leftImg8bit.png,1,908,417,965,473
247,train/tubingen/tubingen_000126_000019_leftImg8bit.png,1,873,410,927,502
248,train/tubingen/tubingen_000126_000019_leftImg8bit.png,1,730,372,903,534
249,train/tubingen/tubingen_000126_000019_leftImg8bit.png,1,614,395,839,570
250,train/tubingen/tubingen_000126_000019_leftImg8bit.png,1,134,360,659,726
251,train/tubingen/tubingen_000126_000019_leftImg8bit.png,1,0,593,76,1024
252,train/tubingen/tubingen_000126_000019_leftImg8bit.png,1,1212,405,1420,557
253,train/tubingen/tubingen_000069_000019_leftImg8bit.png,1,530,440,625,495
254,train/tubingen/tubingen_000069_000019_leftImg8bit.png,1,654,431,780,511
255,train/tubingen/tubingen_000069_000019_leftImg8bit.png,1,251,420,509,575
256,train/tubingen/tubingen_000069_000019_leftImg8bit.png,1,1208,421,1372,480
257,train/tubingen/tubingen_000069_000019_leftImg8bit.png,1,906,429,977,482
258,train/tubingen/tubingen_000069_000019_leftImg8bit.png,1,975,419,1114,524
259,train/tubingen/tubingen_000069_000019_leftImg8bit.png,0,1347,384,1399,532
260,train/tubingen/tubingen_000069_000019_leftImg8bit.png,0,1236,373,1304,538
261,train/tubingen/tubingen_000014_000019_leftImg8bit.png,1,942,447,1043,500
262,train/tubingen/tubingen_000014_000019_leftImg8bit.png,1,633,420,792,517
263,train/tubingen/tubingen_000014_000019_leftImg8bit.png,1,0,397,232,608
264,train/tubingen/tubingen_000014_000019_leftImg8bit.png,1,1386,432,1489,513
265,train/tubingen/tubingen_000014_000019_leftImg8bit.png,1,1442,421,1581,525
266,train/tubingen/tubingen_000014_000019_leftImg8bit.png,1,1490,424,1667,546
267,train/tubingen/tubingen_000014_000019_leftImg8bit.png,1,1653,399,1973,606
268,train/tubingen/tubingen_000084_000019_leftImg8bit.png,1,985,405,1059,468
269,train/tubingen/tubingen_000084_000019_leftImg8bit.png,1,1539,414,1641,557
270,train/tubingen/tubingen_000084_000019_leftImg8bit.png,1,1584,396,1754,570
271,train/tubingen/tubingen_000084_000019_leftImg8bit.png,1,1689,323,2047,632
272,train/tubingen/tubingen_000084_000019_leftImg8bit.png,4,1936,542,2048,700
273,train/tubingen/tubingen_000084_000019_leftImg8bit.png,1,979,411,1124,530
274,train/tubingen/tubingen_000084_000019_leftImg8bit.png,0,1287,392,1364,555
275,train/tubingen/tubingen_000084_000019_leftImg8bit.png,4,217,477,338,596
276,train/tubingen/tubingen_000084_000019_leftImg8bit.png,4,362,478,459,607
277,train/tubingen/tubingen_000084_000019_leftImg8bit.png,4,208,459,435,610
278,train/tubingen/tubingen_000084_000019_leftImg8bit.png,4,1979,621,2048,750
279,train/tubingen/tubingen_000084_000019_leftImg8bit.png,4,98,450,237,566
280,train/tubingen/tubingen_000084_000019_leftImg8bit.png,1,1,421,246,710
281,train/tubingen/tubingen_000018_000019_leftImg8bit.png,1,2,390,337,633
282,train/tubingen/tubingen_000018_000019_leftImg8bit.png,0,567,423,635,551
283,train/tubingen/tubingen_000018_000019_leftImg8bit.png,1,1784,411,1868,475
284,train/tubingen/tubingen_000128_000019_leftImg8bit.png,1,1307,333,1511,438
285,train/tubingen/tubingen_000128_000019_leftImg8bit.png,1,1583,369,2016,527
286,train/tubingen/tubingen_000128_000019_leftImg8bit.png,1,439,423,754,633
287,train/tubingen/tubingen_000128_000019_leftImg8bit.png,1,2,504,203,863
288,train/tubingen/tubingen_000046_000019_leftImg8bit.png,1,830,407,906,491
289,train/tubingen/tubingen_000046_000019_leftImg8bit.png,1,797,416,892,498
290,train/tubingen/tubingen_000046_000019_leftImg8bit.png,1,743,417,821,537
291,train/tubingen/tubingen_000046_000019_leftImg8bit.png,1,566,400,775,559
292,train/tubingen/tubingen_000046_000019_leftImg8bit.png,4,604,464,728,634
293,train/tubingen/tubingen_000046_000019_leftImg8bit.png,4,1221,452,1288,575
294,train/tubingen/tubingen_000034_000019_leftImg8bit.png,0,1471,394,1526,511
295,train/tubingen/tubingen_000034_000019_leftImg8bit.png,0,1487,405,1539,513
296,train/tubingen/tubingen_000034_000019_leftImg8bit.png,1,1661,384,2046,874
297,train/tubingen/tubingen_000034_000019_leftImg8bit.png,1,285,301,730,674
298,train/tubingen/tubingen_000034_000019_leftImg8bit.png,4,997,453,1061,508
299,train/tubingen/tubingen_000034_000019_leftImg8bit.png,4,928,439,1015,507
300,train/tubingen/tubingen_000034_000019_leftImg8bit.png,4,1562,459,1712,542
301,train/tubingen/tubingen_000077_000019_leftImg8bit.png,0,622,422,685,556
302,train/tubingen/tubingen_000077_000019_leftImg8bit.png,0,733,335,838,612
303,train/tubingen/tubingen_000077_000019_leftImg8bit.png,0,1051,357,1197,615
304,train/tubingen/tubingen_000077_000019_leftImg8bit.png,4,164,488,383,593
305,train/tubingen/tubingen_000077_000019_leftImg8bit.png,4,203,444,452,597
306,train/tubingen/tubingen_000050_000019_leftImg8bit.png,0,652,386,742,566
307,train/tubingen/tubingen_000050_000019_leftImg8bit.png,1,1629,396,1908,643
308,train/tubingen/tubingen_000050_000019_leftImg8bit.png,1,1737,393,2047,746
309,train/tubingen/tubingen_000050_000019_leftImg8bit.png,4,1429,480,1517,681
310,train/tubingen/tubingen_000086_000019_leftImg8bit.png,0,1696,366,1791,618
311,train/tubingen/tubingen_000086_000019_leftImg8bit.png,1,774,436,910,488
312,train/tubingen/tubingen_000033_000019_leftImg8bit.png,1,682,388,768,476
313,train/tubingen/tubingen_000033_000019_leftImg8bit.png,1,639,408,742,488
314,train/tubingen/tubingen_000033_000019_leftImg8bit.png,3,905,352,1014,472
315,train/tubingen/tubingen_000033_000019_leftImg8bit.png,1,488,451,541,505
316,train/tubingen/tubingen_000033_000019_leftImg8bit.png,1,1232,390,1400,569
317,train/tubingen/tubingen_000033_000019_leftImg8bit.png,1,1265,396,1614,641
318,train/tubingen/tubingen_000052_000019_leftImg8bit.png,1,1625,424,1753,480
319,train/tubingen/tubingen_000052_000019_leftImg8bit.png,1,159,403,231,498
320,train/tubingen/tubingen_000052_000019_leftImg8bit.png,1,0,357,203,507
321,train/tubingen/tubingen_000052_000019_leftImg8bit.png,1,0,362,181,515
322,train/tubingen/tubingen_000052_000019_leftImg8bit.png,1,246,403,362,488
323,train/tubingen/tubingen_000052_000019_leftImg8bit.png,1,410,406,524,486
324,train/tubingen/tubingen_000052_000019_leftImg8bit.png,1,587,387,710,482
325,train/tubingen/tubingen_000052_000019_leftImg8bit.png,1,695,381,836,483
326,train/tubingen/tubingen_000052_000019_leftImg8bit.png,1,784,382,1078,488
327,train/tubingen/tubingen_000052_000019_leftImg8bit.png,5,1211,375,1347,525
328,train/tubingen/tubingen_000023_000019_leftImg8bit.png,1,1377,408,1546,486
329,train/tubingen/tubingen_000023_000019_leftImg8bit.png,1,1397,422,1569,489
330,train/tubingen/tubingen_000023_000019_leftImg8bit.png,1,1422,411,1575,489
331,train/tubingen/tubingen_000023_000019_leftImg8bit.png,1,1495,407,1624,495
332,train/tubingen/tubingen_000023_000019_leftImg8bit.png,1,1591,400,1924,544
333,train/tubingen/tubingen_000023_000019_leftImg8bit.png,1,1686,398,2015,559
334,train/tubingen/tubingen_000023_000019_leftImg8bit.png,1,1789,411,2046,608
335,train/tubingen/tubingen_000023_000019_leftImg8bit.png,0,1327,382,1394,539
336,train/tubingen/tubingen_000023_000019_leftImg8bit.png,0,1467,369,1531,539
337,train/tubingen/tubingen_000098_000019_leftImg8bit.png,1,854,424,906,475
338,train/tubingen/tubingen_000098_000019_leftImg8bit.png,1,827,421,884,511
339,train/tubingen/tubingen_000098_000019_leftImg8bit.png,1,751,422,860,521
340,train/tubingen/tubingen_000098_000019_leftImg8bit.png,1,731,437,806,559
341,train/tubingen/tubingen_000098_000019_leftImg8bit.png,1,512,412,763,601
342,train/tubingen/tubingen_000049_000019_leftImg8bit.png,1,967,424,1036,476
343,train/tubingen/tubingen_000049_000019_leftImg8bit.png,4,1463,467,1529,602
344,train/tubingen/tubingen_000119_000019_leftImg8bit.png,1,587,347,743,437
345,train/tubingen/tubingen_000119_000019_leftImg8bit.png,1,1347,353,1631,458
346,train/tubingen/tubingen_000100_000019_leftImg8bit.png,1,1130,438,1267,551
347,train/tubingen/tubingen_000100_000019_leftImg8bit.png,1,1549,408,1777,571
348,train/tubingen/tubingen_000100_000019_leftImg8bit.png,0,1321,430,1372,598
349,train/tubingen/tubingen_000100_000019_leftImg8bit.png,0,1367,426,1436,596
350,train/tubingen/tubingen_000100_000019_leftImg8bit.png,1,786,474,900,571
351,train/tubingen/tubingen_000100_000019_leftImg8bit.png,1,713,459,814,609
352,train/tubingen/tubingen_000100_000019_leftImg8bit.png,1,508,460,764,658
353,train/tubingen/tubingen_000100_000019_leftImg8bit.png,1,0,430,445,904
354,train/tubingen/tubingen_000100_000019_leftImg8bit.png,1,1665,401,2048,658
355,train/tubingen/tubingen_000125_000019_leftImg8bit.png,1,1146,418,1214,477
356,train/tubingen/tubingen_000125_000019_leftImg8bit.png,1,1030,418,1098,473
357,train/tubingen/tubingen_000008_000019_leftImg8bit.png,0,514,303,623,618
358,train/tubingen/tubingen_000008_000019_leftImg8bit.png,0,628,298,733,621
359,train/tubingen/tubingen_000008_000019_leftImg8bit.png,1,1029,416,1105,483
360,train/tubingen/tubingen_000008_000019_leftImg8bit.png,1,1519,406,1695,648
361,train/tubingen/tubingen_000008_000019_leftImg8bit.png,1,1624,371,2046,707
362,train/tubingen/tubingen_000080_000019_leftImg8bit.png,4,513,400,646,522
363,train/tubingen/tubingen_000080_000019_leftImg8bit.png,0,457,327,557,595
364,train/tubingen/tubingen_000080_000019_leftImg8bit.png,0,1234,351,1334,615
365,train/tubingen/tubingen_000080_000019_leftImg8bit.png,0,1169,325,1322,634
366,train/tubingen/tubingen_000080_000019_leftImg8bit.png,4,1477,412,1530,501
367,train/tubingen/tubingen_000080_000019_leftImg8bit.png,4,1437,408,1506,496
368,train/tubingen/tubingen_000080_000019_leftImg8bit.png,0,1505,346,1565,507
369,train/tubingen/tubingen_000080_000019_leftImg8bit.png,0,1677,358,1790,553
370,train/tubingen/tubingen_000080_000019_leftImg8bit.png,4,903,430,986,608
371,train/tubingen/tubingen_000080_000019_leftImg8bit.png,4,716,391,784,499
372,train/tubingen/tubingen_000066_000019_leftImg8bit.png,4,1940,587,2047,832
373,train/tubingen/tubingen_000066_000019_leftImg8bit.png,4,681,412,1358,839
374,train/tubingen/tubingen_000143_000019_leftImg8bit.png,1,1118,416,1175,470
375,train/tubingen/tubingen_000143_000019_leftImg8bit.png,1,1126,421,1196,474
376,train/tubingen/tubingen_000143_000019_leftImg8bit.png,0,1556,480,1620,539
377,train/tubingen/tubingen_000143_000019_leftImg8bit.png,0,1655,443,1715,547
378,train/tubingen/tubingen_000143_000019_leftImg8bit.png,1,1027,424,1109,485
379,train/tubingen/tubingen_000143_000019_leftImg8bit.png,1,871,417,967,490
380,train/tubingen/tubingen_000054_000019_leftImg8bit.png,0,1295,381,1356,516
381,train/tubingen/tubingen_000054_000019_leftImg8bit.png,1,1544,404,1618,509
382,train/tubingen/tubingen_000054_000019_leftImg8bit.png,1,1744,362,1979,487
383,train/tubingen/tubingen_000054_000019_leftImg8bit.png,1,1742,389,2048,633
384,train/tubingen/tubingen_000054_000019_leftImg8bit.png,0,1692,327,1806,670
385,train/tubingen/tubingen_000054_000019_leftImg8bit.png,0,1592,303,1737,676
386,train/tubingen/tubingen_000054_000019_leftImg8bit.png,1,504,414,799,535
387,train/tubingen/tubingen_000054_000019_leftImg8bit.png,1,422,421,682,552
388,train/tubingen/tubingen_000054_000019_leftImg8bit.png,1,148,420,505,572
389,train/tubingen/tubingen_000054_000019_leftImg8bit.png,4,345,460,416,592
390,train/tubingen/tubingen_000054_000019_leftImg8bit.png,4,307,459,373,593
391,train/tubingen/tubingen_000054_000019_leftImg8bit.png,4,229,462,317,595
392,train/tubingen/tubingen_000054_000019_leftImg8bit.png,4,138,469,204,593
393,train/tubingen/tubingen_000013_000019_leftImg8bit.png,1,82,378,167,466
394,train/tubingen/tubingen_000013_000019_leftImg8bit.png,1,0,375,137,482
395,train/tubingen/tubingen_000013_000019_leftImg8bit.png,1,359,384,447,447
396,train/tubingen/tubingen_000013_000019_leftImg8bit.png,1,499,395,613,460
397,train/tubingen/tubingen_000013_000019_leftImg8bit.png,1,588,397,724,471
398,train/tubingen/tubingen_000013_000019_leftImg8bit.png,1,751,400,911,494
399,train/tubingen/tubingen_000013_000019_leftImg8bit.png,5,915,423,988,512
400,train/tubingen/tubingen_000013_000019_leftImg8bit.png,1,1073,396,1403,590
401,train/tubingen/tubingen_000013_000019_leftImg8bit.png,5,1426,400,1655,651
402,train/tubingen/tubingen_000013_000019_leftImg8bit.png,1,1649,371,2046,778
403,train/tubingen/tubingen_000103_000019_leftImg8bit.png,1,1711,395,2046,508
404,train/tubingen/tubingen_000103_000019_leftImg8bit.png,5,591,367,773,504
405,train/tubingen/tubingen_000103_000019_leftImg8bit.png,1,1002,391,1455,599
406,train/tubingen/tubingen_000063_000019_leftImg8bit.png,1,985,420,1084,530
407,train/tubingen/tubingen_000063_000019_leftImg8bit.png,1,1002,417,1156,536
408,train/tubingen/tubingen_000063_000019_leftImg8bit.png,5,1129,446,1186,546
409,train/tubingen/tubingen_000063_000019_leftImg8bit.png,5,946,431,1074,578
410,train/tubingen/tubingen_000063_000019_leftImg8bit.png,5,781,421,923,581
411,train/tubingen/tubingen_000063_000019_leftImg8bit.png,1,498,403,723,596
412,train/tubingen/tubingen_000063_000019_leftImg8bit.png,0,1180,383,1242,558
413,train/tubingen/tubingen_000012_000019_leftImg8bit.png,5,664,379,719,454
414,train/tubingen/tubingen_000012_000019_leftImg8bit.png,1,353,394,499,483
415,train/tubingen/tubingen_000012_000019_leftImg8bit.png,1,140,393,318,478
416,train/tubingen/tubingen_000012_000019_leftImg8bit.png,1,1072,400,1138,455
417,train/tubingen/tubingen_000001_000019_leftImg8bit.png,3,542,372,806,505
418,train/tubingen/tubingen_000001_000019_leftImg8bit.png,1,695,433,806,509
419,train/tubingen/tubingen_000001_000019_leftImg8bit.png,4,779,443,887,517
420,train/tubingen/tubingen_000132_000019_leftImg8bit.png,1,759,417,966,498
421,train/tubingen/tubingen_000132_000019_leftImg8bit.png,1,899,317,1484,594
422,train/tubingen/tubingen_000132_000019_leftImg8bit.png,1,1067,346,1645,619
423,train/tubingen/tubingen_000132_000019_leftImg8bit.png,5,570,427,839,604
424,train/tubingen/tubingen_000132_000019_leftImg8bit.png,1,0,435,310,629
425,train/tubingen/tubingen_000065_000019_leftImg8bit.png,2,801,309,963,494
426,train/tubingen/tubingen_000065_000019_leftImg8bit.png,2,1008,281,1485,485
427,train/tubingen/tubingen_000065_000019_leftImg8bit.png,5,1087,421,1169,533
428,train/tubingen/tubingen_000065_000019_leftImg8bit.png,4,1247,430,1406,548
429,train/tubingen/tubingen_000065_000019_leftImg8bit.png,1,1433,353,1727,503
430,train/tubingen/tubingen_000065_000019_leftImg8bit.png,1,1374,395,1721,685
431,train/tubingen/tubingen_000065_000019_leftImg8bit.png,1,1659,270,2047,747
432,train/tubingen/tubingen_000065_000019_leftImg8bit.png,0,956,353,1033,559
433,train/tubingen/tubingen_000065_000019_leftImg8bit.png,1,324,230,776,625
434,train/tubingen/tubingen_000115_000019_leftImg8bit.png,0,716,394,774,544
435,train/tubingen/tubingen_000083_000019_leftImg8bit.png,1,1667,380,1766,467
436,train/tubingen/tubingen_000083_000019_leftImg8bit.png,1,1733,387,1863,481
437,train/tubingen/tubingen_000083_000019_leftImg8bit.png,0,1739,330,1829,485
438,train/tubingen/tubingen_000083_000019_leftImg8bit.png,0,846,314,927,490
439,train/tubingen/tubingen_000083_000019_leftImg8bit.png,0,681,287,758,529
440,train/tubingen/tubingen_000083_000019_leftImg8bit.png,1,1128,334,1396,554
441,train/tubingen/tubingen_000006_000019_leftImg8bit.png,1,1785,438,2047,743
442,train/tubingen/tubingen_000006_000019_leftImg8bit.png,0,984,366,1212,725
443,train/tubingen/tubingen_000007_000019_leftImg8bit.png,1,529,392,659,467
444,train/tubingen/tubingen_000007_000019_leftImg8bit.png,1,636,385,751,458
445,train/tubingen/tubingen_000007_000019_leftImg8bit.png,1,113,353,425,539
446,train/tubingen/tubingen_000007_000019_leftImg8bit.png,1,698,396,946,576
447,train/tubingen/tubingen_000007_000019_leftImg8bit.png,0,1128,376,1214,572
448,train/tubingen/tubingen_000007_000019_leftImg8bit.png,0,1086,442,1137,578
449,train/tubingen/tubingen_000007_000019_leftImg8bit.png,0,1683,369,1754,562
450,train/tubingen/tubingen_000007_000019_leftImg8bit.png,4,824,463,1019,599
451,train/tubingen/tubingen_000139_000019_leftImg8bit.png,1,623,439,719,507
452,train/tubingen/tubingen_000139_000019_leftImg8bit.png,0,709,259,988,816
453,train/tubingen/tubingen_000139_000019_leftImg8bit.png,0,1361,325,1541,753
454,train/tubingen/tubingen_000139_000019_leftImg8bit.png,0,1174,295,1410,779
455,train/tubingen/tubingen_000131_000019_leftImg8bit.png,2,1238,317,1447,421
456,train/tubingen/tubingen_000131_000019_leftImg8bit.png,1,1276,372,1397,436
457,train/tubingen/tubingen_000131_000019_leftImg8bit.png,1,1313,378,1467,438
458,train/tubingen/tubingen_000131_000019_leftImg8bit.png,0,1588,344,1639,422
459,train/tubingen/tubingen_000131_000019_leftImg8bit.png,5,1647,358,1737,471
460,train/tubingen/tubingen_000074_000019_leftImg8bit.png,1,1408,437,1468,493
461,train/tubingen/tubingen_000074_000019_leftImg8bit.png,1,1251,427,1377,526
462,train/tubingen/tubingen_000022_000019_leftImg8bit.png,0,1205,364,1299,525
463,train/tubingen/tubingen_000106_000019_leftImg8bit.png,5,1345,404,1399,518
464,train/tubingen/tubingen_000106_000019_leftImg8bit.png,1,852,423,939,494
465,train/tubingen/tubingen_000106_000019_leftImg8bit.png,1,773,433,875,515
466,train/tubingen/tubingen_000106_000019_leftImg8bit.png,1,623,427,802,556
467,train/tubingen/tubingen_000106_000019_leftImg8bit.png,1,265,409,620,649
468,train/tubingen/tubingen_000106_000019_leftImg8bit.png,1,0,382,301,844
469,train/tubingen/tubingen_000051_000019_leftImg8bit.png,1,1199,438,1261,510
470,train/tubingen/tubingen_000051_000019_leftImg8bit.png,1,1226,428,1290,522
471,train/tubingen/tubingen_000051_000019_leftImg8bit.png,1,1251,423,1374,537
472,train/tubingen/tubingen_000051_000019_leftImg8bit.png,1,1301,424,1469,574
473,train/tubingen/tubingen_000051_000019_leftImg8bit.png,1,1380,420,1599,618
474,train/tubingen/tubingen_000051_000019_leftImg8bit.png,1,1481,422,1905,684
475,train/tubingen/tubingen_000051_000019_leftImg8bit.png,1,1807,424,2046,826
476,train/tubingen/tubingen_000141_000019_leftImg8bit.png,1,915,409,980,480
477,train/tubingen/tubingen_000141_000019_leftImg8bit.png,1,815,402,954,503
478,train/tubingen/tubingen_000141_000019_leftImg8bit.png,1,525,368,816,591
479,train/tubingen/tubingen_000141_000019_leftImg8bit.png,1,1139,394,1259,521
480,train/tubingen/tubingen_000141_000019_leftImg8bit.png,1,1168,404,1256,551
481,train/tubingen/tubingen_000141_000019_leftImg8bit.png,1,1187,400,1438,587
482,train/tubingen/tubingen_000141_000019_leftImg8bit.png,1,1379,328,2046,988
483,train/tubingen/tubingen_000141_000019_leftImg8bit.png,1,1008,394,1109,486
484,train/tubingen/tubingen_000017_000019_leftImg8bit.png,1,1190,422,1273,484
485,train/tubingen/tubingen_000017_000019_leftImg8bit.png,1,1080,423,1198,514
486,train/tubingen/tubingen_000017_000019_leftImg8bit.png,0,2,350,78,521
487,train/tubingen/tubingen_000017_000019_leftImg8bit.png,0,80,363,162,537
488,train/tubingen/tubingen_000088_000019_leftImg8bit.png,1,1220,419,1336,486
489,train/tubingen/tubingen_000088_000019_leftImg8bit.png,1,1155,427,1267,493
490,train/tubingen/tubingen_000088_000019_leftImg8bit.png,1,1114,427,1204,502
491,train/tubingen/tubingen_000088_000019_leftImg8bit.png,1,1071,418,1145,506
492,train/tubingen/tubingen_000088_000019_leftImg8bit.png,1,951,417,1107,511
493,train/tubingen/tubingen_000088_000019_leftImg8bit.png,1,905,426,1053,519
494,train/tubingen/tubingen_000088_000019_leftImg8bit.png,1,875,430,980,526
495,train/tubingen/tubingen_000088_000019_leftImg8bit.png,1,839,433,956,533
496,train/tubingen/tubingen_000088_000019_leftImg8bit.png,1,748,427,904,539
497,train/tubingen/tubingen_000088_000019_leftImg8bit.png,1,723,427,856,547
498,train/tubingen/tubingen_000088_000019_leftImg8bit.png,1,659,426,773,553
499,train/tubingen/tubingen_000088_000019_leftImg8bit.png,1,463,405,720,567
500,train/tubingen/tubingen_000088_000019_leftImg8bit.png,1,462,427,627,582
501,train/tubingen/tubingen_000088_000019_leftImg8bit.png,1,288,414,522,589
502,train/tubingen/tubingen_000088_000019_leftImg8bit.png,1,24,414,436,626
503,train/tubingen/tubingen_000088_000019_leftImg8bit.png,1,0,407,111,657
504,train/tubingen/tubingen_000032_000019_leftImg8bit.png,1,261,416,349,468
505,train/tubingen/tubingen_000032_000019_leftImg8bit.png,1,616,415,694,478
506,train/tubingen/tubingen_000032_000019_leftImg8bit.png,4,1187,427,1269,600
507,train/tubingen/tubingen_000032_000019_leftImg8bit.png,0,1135,350,1219,605
508,train/tubingen/tubingen_000032_000019_leftImg8bit.png,0,1030,340,1141,607
509,train/tubingen/tubingen_000032_000019_leftImg8bit.png,4,185,442,268,493
510,train/tubingen/tubingen_000026_000019_leftImg8bit.png,1,1605,366,1700,429
511,train/tubingen/tubingen_000026_000019_leftImg8bit.png,0,1410,382,1461,516
512,train/tubingen/tubingen_000026_000019_leftImg8bit.png,0,1479,382,1531,514
513,train/tubingen/tubingen_000104_000019_leftImg8bit.png,1,800,470,916,575
514,train/tubingen/tubingen_000104_000019_leftImg8bit.png,1,877,450,1088,592
515,train/tubingen/tubingen_000099_000019_leftImg8bit.png,1,624,427,705,481
516,train/tubingen/tubingen_000035_000019_leftImg8bit.png,4,2,473,218,731
517,train/tubingen/tubingen_000035_000019_leftImg8bit.png,4,364,530,655,736
518,train/tubingen/tubingen_000035_000019_leftImg8bit.png,4,1503,488,1954,735
519,train/tubingen/tubingen_000067_000019_leftImg8bit.png,4,937,390,1148,546
520,train/tubingen/tubingen_000020_000019_leftImg8bit.png,1,545,365,764,507
521,train/tubingen/tubingen_000105_000019_leftImg8bit.png,1,1150,423,1261,499
522,train/tubingen/tubingen_000082_000019_leftImg8bit.png,0,689,337,744,489
523,train/tubingen/tubingen_000082_000019_leftImg8bit.png,0,808,357,865,492
524,train/tubingen/tubingen_000082_000019_leftImg8bit.png,1,896,362,1038,472
525,train/tubingen/tubingen_000082_000019_leftImg8bit.png,0,898,355,974,518
526,train/tubingen/tubingen_000082_000019_leftImg8bit.png,0,1298,318,1371,542
527,train/tubingen/tubingen_000082_000019_leftImg8bit.png,0,1232,345,1326,549
528,train/tubingen/tubingen_000082_000019_leftImg8bit.png,0,1505,306,1635,650
529,train/tubingen/tubingen_000082_000019_leftImg8bit.png,0,1857,231,2029,734
530,train/tubingen/tubingen_000137_000019_leftImg8bit.png,1,489,431,573,486
531,train/tubingen/tubingen_000137_000019_leftImg8bit.png,1,326,436,446,504
532,train/tubingen/tubingen_000137_000019_leftImg8bit.png,1,14,422,284,558
533,train/tubingen/tubingen_000137_000019_leftImg8bit.png,1,1198,411,1285,480
534,train/tubingen/tubingen_000137_000019_leftImg8bit.png,1,1323,396,1509,536
535,train/tubingen/tubingen_000137_000019_leftImg8bit.png,1,1821,359,2047,740
536,train/tubingen/tubingen_000137_000019_leftImg8bit.png,0,1090,347,1264,659
537,train/tubingen/tubingen_000127_000019_leftImg8bit.png,3,418,311,885,493
538,train/tubingen/tubingen_000127_000019_leftImg8bit.png,1,1657,386,1794,456
539,train/tubingen/tubingen_000127_000019_leftImg8bit.png,1,1670,399,1826,464
540,train/tubingen/tubingen_000127_000019_leftImg8bit.png,1,1342,400,1412,464
541,train/tubingen/tubingen_000127_000019_leftImg8bit.png,1,1373,394,1565,538
542,train/tubingen/tubingen_000121_000019_leftImg8bit.png,1,1263,406,1338,486
543,train/tubingen/tubingen_000121_000019_leftImg8bit.png,1,1211,425,1332,509
544,train/tubingen/tubingen_000121_000019_leftImg8bit.png,1,1139,420,1213,487
545,train/tubingen/tubingen_000121_000019_leftImg8bit.png,1,1327,351,1801,699
546,train/tubingen/tubingen_000093_000019_leftImg8bit.png,1,1259,460,1750,654
547,train/tubingen/tubingen_000093_000019_leftImg8bit.png,1,965,522,1271,622
548,train/tubingen/tubingen_000015_000019_leftImg8bit.png,1,440,425,512,499
549,train/tubingen/tubingen_000015_000019_leftImg8bit.png,1,798,436,871,490
550,train/tubingen/tubingen_000015_000019_leftImg8bit.png,1,0,408,131,702
551,train/tubingen/tubingen_000055_000019_leftImg8bit.png,0,244,348,337,530
552,train/tubingen/tubingen_000055_000019_leftImg8bit.png,0,230,336,295,539
553,train/tubingen/tubingen_000055_000019_leftImg8bit.png,0,105,302,334,707
554,train/tubingen/tubingen_000055_000019_leftImg8bit.png,0,435,333,488,416
555,train/tubingen/tubingen_000055_000019_leftImg8bit.png,5,562,382,616,521
556,train/tubingen/tubingen_000055_000019_leftImg8bit.png,5,692,388,751,521
557,train/tubingen/tubingen_000055_000019_leftImg8bit.png,0,353,279,473,507
558,train/tubingen/tubingen_000055_000019_leftImg8bit.png,4,425,479,491,630
559,train/tubingen/tubingen_000055_000019_leftImg8bit.png,0,416,311,597,694
560,train/tubingen/tubingen_000055_000019_leftImg8bit.png,0,1293,374,1346,505
561,train/tubingen/tubingen_000055_000019_leftImg8bit.png,1,1777,416,2047,826
562,train/tubingen/tubingen_000055_000019_leftImg8bit.png,4,1257,436,1315,529
563,train/tubingen/tubingen_000055_000019_leftImg8bit.png,4,811,412,877,520
564,train/tubingen/tubingen_000055_000019_leftImg8bit.png,4,911,425,978,523
565,train/tubingen/tubingen_000055_000019_leftImg8bit.png,4,1015,428,1071,529
566,train/tubingen/tubingen_000011_000019_leftImg8bit.png,1,648,361,715,420
567,train/tubingen/tubingen_000011_000019_leftImg8bit.png,1,817,390,927,477
568,train/tubingen/tubingen_000011_000019_leftImg8bit.png,0,1633,304,1767,595
569,train/tubingen/tubingen_000011_000019_leftImg8bit.png,0,1734,313,1883,614
570,train/tubingen/tubingen_000087_000019_leftImg8bit.png,0,567,368,632,547
571,train/tubingen/tubingen_000087_000019_leftImg8bit.png,1,1119,427,1176,482
572,train/tubingen/tubingen_000087_000019_leftImg8bit.png,1,1151,421,1234,493
573,train/tubingen/tubingen_000087_000019_leftImg8bit.png,1,1197,429,1270,511
574,train/tubingen/tubingen_000087_000019_leftImg8bit.png,1,1212,428,1272,521
575,train/tubingen/tubingen_000087_000019_leftImg8bit.png,1,1239,424,1320,533
576,train/tubingen/tubingen_000087_000019_leftImg8bit.png,1,1270,411,1428,550
577,train/tubingen/tubingen_000087_000019_leftImg8bit.png,1,1328,420,1493,574
578,train/tubingen/tubingen_000087_000019_leftImg8bit.png,1,1426,399,1698,623
579,train/tubingen/tubingen_000087_000019_leftImg8bit.png,1,1566,383,2048,734
580,train/tubingen/tubingen_000090_000019_leftImg8bit.png,5,446,403,539,575
581,train/tubingen/tubingen_000090_000019_leftImg8bit.png,1,1119,425,1180,487
582,train/tubingen/tubingen_000090_000019_leftImg8bit.png,1,1126,438,1185,491
583,train/tubingen/tubingen_000090_000019_leftImg8bit.png,1,1184,432,1244,522
584,train/tubingen/tubingen_000090_000019_leftImg8bit.png,1,1206,430,1350,539
585,train/tubingen/tubingen_000090_000019_leftImg8bit.png,1,1306,423,1574,608
586,train/tubingen/tubingen_000090_000019_leftImg8bit.png,1,1571,412,2048,800
587,train/tubingen/tubingen_000030_000019_leftImg8bit.png,1,178,430,548,544
588,train/tubingen/tubingen_000030_000019_leftImg8bit.png,1,1017,411,1098,488
589,train/tubingen/tubingen_000030_000019_leftImg8bit.png,1,1167,382,1267,477
590,train/tubingen/tubingen_000030_000019_leftImg8bit.png,1,1598,397,1797,494
591,train/tubingen/tubingen_000030_000019_leftImg8bit.png,5,2,452,196,575
592,train/tubingen/tubingen_000030_000019_leftImg8bit.png,1,1803,380,2047,819
593,train/tubingen/tubingen_000040_000019_leftImg8bit.png,1,802,412,878,499
594,train/tubingen/tubingen_000040_000019_leftImg8bit.png,1,726,404,848,502
595,train/tubingen/tubingen_000040_000019_leftImg8bit.png,1,513,404,770,596
596,train/tubingen/tubingen_000040_000019_leftImg8bit.png,1,1056,413,1145,488
597,train/tubingen/tubingen_000040_000019_leftImg8bit.png,1,1115,407,1284,533
598,train/tubingen/tubingen_000040_000019_leftImg8bit.png,5,1181,417,1310,541
599,train/tubingen/tubingen_000129_000019_leftImg8bit.png,1,947,461,1019,525
600,train/tubingen/tubingen_000129_000019_leftImg8bit.png,1,994,449,1130,553
601,train/tubingen/tubingen_000129_000019_leftImg8bit.png,1,529,443,725,597
602,train/tubingen/tubingen_000061_000019_leftImg8bit.png,1,1083,434,1197,519
603,train/tubingen/tubingen_000061_000019_leftImg8bit.png,1,891,400,1029,549
604,train/tubingen/tubingen_000061_000019_leftImg8bit.png,1,715,418,941,583
605,train/tubingen/tubingen_000061_000019_leftImg8bit.png,1,1368,436,1465,555
606,train/tubingen/tubingen_000061_000019_leftImg8bit.png,1,1382,435,1520,587
607,train/tubingen/tubingen_000061_000019_leftImg8bit.png,1,1449,414,1741,636
608,train/tubingen/tubingen_000061_000019_leftImg8bit.png,1,0,397,538,768
609,train/tubingen/tubingen_000061_000019_leftImg8bit.png,1,0,401,216,874
610,train/tubingen/tubingen_000123_000019_leftImg8bit.png,0,1099,430,1211,639
611,train/tubingen/tubingen_000123_000019_leftImg8bit.png,0,1353,435,1434,621
612,train/tubingen/tubingen_000123_000019_leftImg8bit.png,0,1744,392,1860,666
613,train/tubingen/tubingen_000123_000019_leftImg8bit.png,0,1635,395,1737,667
614,train/tubingen/tubingen_000123_000019_leftImg8bit.png,4,816,482,1038,650
615,train/tubingen/tubingen_000010_000019_leftImg8bit.png,0,1379,394,1432,520
616,train/tubingen/tubingen_000010_000019_leftImg8bit.png,3,683,302,947,525
617,train/tubingen/tubingen_000010_000019_leftImg8bit.png,4,1119,433,1234,514
618,train/tubingen/tubingen_000078_000019_leftImg8bit.png,0,953,319,1019,486
619,train/tubingen/tubingen_000078_000019_leftImg8bit.png,0,1066,331,1126,469
620,train/tubingen/tubingen_000078_000019_leftImg8bit.png,0,1880,422,1940,570
621,train/tubingen/tubingen_000078_000019_leftImg8bit.png,0,198,365,287,519
622,train/tubingen/tubingen_000078_000019_leftImg8bit.png,0,323,352,418,627
623,train/tubingen/tubingen_000078_000019_leftImg8bit.png,4,0,482,168,632
624,train/tubingen/tubingen_000078_000019_leftImg8bit.png,4,281,446,581,616
625,train/tubingen/tubingen_000078_000019_leftImg8bit.png,4,467,451,605,639
626,train/tubingen/tubingen_000078_000019_leftImg8bit.png,0,345,314,519,651
627,train/tubingen/tubingen_000078_000019_leftImg8bit.png,4,286,441,459,649
628,train/tubingen/tubingen_000078_000019_leftImg8bit.png,4,982,397,1121,528
629,train/tubingen/tubingen_000078_000019_leftImg8bit.png,4,1526,435,1744,616
630,train/tubingen/tubingen_000059_000019_leftImg8bit.png,0,1123,364,1191,564
631,train/tubingen/tubingen_000059_000019_leftImg8bit.png,0,1621,209,1890,910
632,train/tubingen/tubingen_000059_000019_leftImg8bit.png,0,765,346,824,441
633,train/tubingen/tubingen_000059_000019_leftImg8bit.png,0,854,346,937,563
634,train/tubingen/tubingen_000059_000019_leftImg8bit.png,5,109,395,303,709
635,train/tubingen/tubingen_000059_000019_leftImg8bit.png,0,397,246,563,735
636,train/tubingen/tubingen_000059_000019_leftImg8bit.png,0,398,261,477,459
637,train/tubingen/tubingen_000059_000019_leftImg8bit.png,4,759,392,863,704
638,train/tubingen/tubingen_000059_000019_leftImg8bit.png,4,642,458,770,745
639,train/tubingen/tubingen_000043_000019_leftImg8bit.png,4,1449,438,1548,526
640,train/tubingen/tubingen_000043_000019_leftImg8bit.png,4,1289,431,1385,535
641,train/tubingen/tubingen_000036_000019_leftImg8bit.png,1,197,466,348,559
642,train/tubingen/tubingen_000036_000019_leftImg8bit.png,1,302,457,570,561
643,train/tubingen/tubingen_000036_000019_leftImg8bit.png,0,734,381,797,568
644,train/tubingen/tubingen_000036_000019_leftImg8bit.png,0,736,383,821,574
645,train/tubingen/tubingen_000036_000019_leftImg8bit.png,4,901,423,983,535
646,train/tubingen/tubingen_000036_000019_leftImg8bit.png,0,1350,316,1440,565
647,train/tubingen/tubingen_000036_000019_leftImg8bit.png,0,1422,329,1522,600
648,train/tubingen/tubingen_000036_000019_leftImg8bit.png,4,1203,417,1299,492
649,train/tubingen/tubingen_000037_000019_leftImg8bit.png,1,865,399,933,457
650,train/tubingen/tubingen_000037_000019_leftImg8bit.png,1,819,406,878,459
651,train/tubingen/tubingen_000037_000019_leftImg8bit.png,1,772,405,838,469
652,train/tubingen/tubingen_000037_000019_leftImg8bit.png,1,708,411,797,479
653,train/tubingen/tubingen_000037_000019_leftImg8bit.png,1,640,413,734,490
654,train/tubingen/tubingen_000037_000019_leftImg8bit.png,1,577,412,666,506
655,train/tubingen/tubingen_000037_000019_leftImg8bit.png,1,518,410,613,519
656,train/tubingen/tubingen_000037_000019_leftImg8bit.png,1,400,401,560,545
657,train/tubingen/tubingen_000037_000019_leftImg8bit.png,1,407,428,542,568
658,train/tubingen/tubingen_000037_000019_leftImg8bit.png,1,128,379,431,619
659,train/tubingen/tubingen_000037_000019_leftImg8bit.png,1,0,423,261,704
660,train/tubingen/tubingen_000037_000019_leftImg8bit.png,1,1574,497,1813,567
661,train/tubingen/tubingen_000037_000019_leftImg8bit.png,1,1045,382,1110,438
662,train/tubingen/tubingen_000037_000019_leftImg8bit.png,1,1010,393,1085,457
663,train/tubingen/tubingen_000037_000019_leftImg8bit.png,1,971,399,1055,469
664,train/tubingen/tubingen_000037_000019_leftImg8bit.png,4,825,462,954,563
665,train/tubingen/tubingen_000037_000019_leftImg8bit.png,4,995,456,1158,569
666,train/tubingen/tubingen_000072_000019_leftImg8bit.png,0,1264,400,1326,551
667,train/tubingen/tubingen_000072_000019_leftImg8bit.png,0,971,404,1030,547
668,train/tubingen/tubingen_000072_000019_leftImg8bit.png,0,567,355,660,616
669,train/tubingen/tubingen_000072_000019_leftImg8bit.png,0,0,225,229,913
670,train/tubingen/tubingen_000072_000019_leftImg8bit.png,0,1774,327,2039,845
671,train/tubingen/tubingen_000053_000019_leftImg8bit.png,1,2,450,487,741
672,train/tubingen/tubingen_000053_000019_leftImg8bit.png,0,1833,367,1936,678
673,train/tubingen/tubingen_000053_000019_leftImg8bit.png,0,1958,346,2047,659
674,train/tubingen/tubingen_000053_000019_leftImg8bit.png,4,431,449,915,800
675,train/tubingen/tubingen_000021_000019_leftImg8bit.png,1,460,411,544,485
676,train/tubingen/tubingen_000021_000019_leftImg8bit.png,1,417,405,507,487
677,train/tubingen/tubingen_000021_000019_leftImg8bit.png,1,416,413,483,489
678,train/tubingen/tubingen_000021_000019_leftImg8bit.png,1,295,397,438,493
679,train/tubingen/tubingen_000021_000019_leftImg8bit.png,1,113,401,376,501
680,train/tubingen/tubingen_000079_000019_leftImg8bit.png,0,1053,346,1108,461
681,train/tubingen/tubingen_000079_000019_leftImg8bit.png,0,1032,350,1089,464
682,train/tubingen/tubingen_000079_000019_leftImg8bit.png,0,382,317,497,674
683,train/tubingen/tubingen_000079_000019_leftImg8bit.png,0,442,260,587,697
684,train/tubingen/tubingen_000079_000019_leftImg8bit.png,0,1767,311,1906,614
685,train/tubingen/tubingen_000079_000019_leftImg8bit.png,1,1235,368,1489,557
686,train/tubingen/tubingen_000073_000019_leftImg8bit.png,1,1087,424,1177,500
687,train/tubingen/tubingen_000073_000019_leftImg8bit.png,4,1139,437,1218,507
688,train/tubingen/tubingen_000073_000019_leftImg8bit.png,1,1194,393,1309,532
689,train/tubingen/tubingen_000073_000019_leftImg8bit.png,1,1254,384,1451,559
690,train/tubingen/tubingen_000073_000019_leftImg8bit.png,1,1352,391,1675,603
691,train/tubingen/tubingen_000073_000019_leftImg8bit.png,1,1603,372,2045,789
692,train/tubingen/tubingen_000073_000019_leftImg8bit.png,0,793,366,854,512
693,train/tubingen/tubingen_000000_000019_leftImg8bit.png,1,727,430,882,545
694,train/tubingen/tubingen_000000_000019_leftImg8bit.png,1,971,425,1134,565
695,train/tubingen/tubingen_000000_000019_leftImg8bit.png,1,1543,382,1704,498
696,train/tubingen/tubingen_000000_000019_leftImg8bit.png,1,0,421,549,757
697,train/tubingen/tubingen_000094_000019_leftImg8bit.png,1,859,403,914,475
698,train/tubingen/tubingen_000094_000019_leftImg8bit.png,1,913,375,1055,494
699,train/tubingen/tubingen_000094_000019_leftImg8bit.png,1,1515,391,2048,767
700,train/tubingen/tubingen_000016_000019_leftImg8bit.png,1,744,433,837,500
701,train/tubingen/tubingen_000016_000019_leftImg8bit.png,1,278,415,562,600
702,train/tubingen/tubingen_000016_000019_leftImg8bit.png,1,1578,417,1669,477
703,train/tubingen/tubingen_000016_000019_leftImg8bit.png,1,1906,392,1985,469
704,train/tubingen/tubingen_000016_000019_leftImg8bit.png,1,1769,396,1918,480
705,train/tubingen/tubingen_000016_000019_leftImg8bit.png,1,1930,414,1995,480
706,train/tubingen/tubingen_000016_000019_leftImg8bit.png,1,1723,409,1902,487
707,train/tubingen/tubingen_000016_000019_leftImg8bit.png,1,1608,416,1853,488
708,train/tubingen/tubingen_000016_000019_leftImg8bit.png,1,1445,404,1536,475
709,train/tubingen/tubingen_000016_000019_leftImg8bit.png,1,1541,416,1600,474
710,train/tubingen/tubingen_000009_000019_leftImg8bit.png,1,1199,405,1313,493
711,train/tubingen/tubingen_000009_000019_leftImg8bit.png,0,1669,303,1775,546
712,train/tubingen/tubingen_000009_000019_leftImg8bit.png,1,654,411,805,505
713,train/tubingen/tubingen_000009_000019_leftImg8bit.png,1,199,402,570,629
714,train/tubingen/tubingen_000009_000019_leftImg8bit.png,1,2,404,186,719
715,train/tubingen/tubingen_000116_000019_leftImg8bit.png,1,1196,417,1298,484
716,train/tubingen/tubingen_000116_000019_leftImg8bit.png,1,1225,420,1320,492
717,train/tubingen/tubingen_000116_000019_leftImg8bit.png,1,1264,412,1430,546
718,train/tubingen/tubingen_000116_000019_leftImg8bit.png,1,1350,392,1811,609
719,train/tubingen/tubingen_000116_000019_leftImg8bit.png,1,1552,365,2048,662
720,train/tubingen/tubingen_000118_000019_leftImg8bit.png,1,777,401,829,454
721,train/tubingen/tubingen_000118_000019_leftImg8bit.png,4,397,441,454,512
722,train/tubingen/tubingen_000003_000019_leftImg8bit.png,1,1644,410,1726,533
723,train/tubingen/tubingen_000003_000019_leftImg8bit.png,1,1788,390,1930,509
724,train/tubingen/tubingen_000003_000019_leftImg8bit.png,0,1434,351,1527,601
725,train/tubingen/tubingen_000003_000019_leftImg8bit.png,1,1739,335,2047,861
726,train/tubingen/tubingen_000003_000019_leftImg8bit.png,1,1007,438,1081,496
727,train/tubingen/tubingen_000003_000019_leftImg8bit.png,0,408,435,461,546
728,train/tubingen/tubingen_000003_000019_leftImg8bit.png,0,55,412,110,567
729,train/tubingen/tubingen_000003_000019_leftImg8bit.png,4,746,450,813,519
730,train/tubingen/tubingen_000005_000019_leftImg8bit.png,1,1521,398,2046,949
731,train/tubingen/tubingen_000005_000019_leftImg8bit.png,1,1135,353,1268,514
732,train/tubingen/tubingen_000005_000019_leftImg8bit.png,1,1183,403,1335,539
733,train/tubingen/tubingen_000005_000019_leftImg8bit.png,1,1227,433,1386,560
734,train/tubingen/tubingen_000005_000019_leftImg8bit.png,1,1257,415,1497,603
735,train/tubingen/tubingen_000005_000019_leftImg8bit.png,1,917,430,1000,497
736,train/tubingen/tubingen_000005_000019_leftImg8bit.png,1,891,440,990,513
737,train/tubingen/tubingen_000005_000019_leftImg8bit.png,1,668,421,872,589
738,train/tubingen/tubingen_000005_000019_leftImg8bit.png,1,65,389,723,817
739,train/tubingen/tubingen_000136_000019_leftImg8bit.png,1,1334,276,2047,636
740,train/tubingen/tubingen_000075_000019_leftImg8bit.png,1,984,391,1090,464
741,train/tubingen/tubingen_000075_000019_leftImg8bit.png,1,1304,404,1358,503
742,train/tubingen/tubingen_000075_000019_leftImg8bit.png,1,1316,400,1432,515
743,train/tubingen/tubingen_000075_000019_leftImg8bit.png,1,1345,416,1475,536
744,train/tubingen/tubingen_000075_000019_leftImg8bit.png,1,1440,391,1624,558
745,train/tubingen/tubingen_000075_000019_leftImg8bit.png,1,1513,390,1809,618
746,train/tubingen/tubingen_000075_000019_leftImg8bit.png,1,1662,345,2047,734
747,train/tubingen/tubingen_000075_000019_leftImg8bit.png,4,431,401,494,523
748,train/tubingen/tubingen_000122_000019_leftImg8bit.png,0,635,322,717,585
749,train/tubingen/tubingen_000122_000019_leftImg8bit.png,0,537,330,661,596
750,train/tubingen/tubingen_000122_000019_leftImg8bit.png,0,503,331,606,599
751,train/tubingen/tubingen_000122_000019_leftImg8bit.png,1,934,283,1253,617
752,train/tubingen/tubingen_000122_000019_leftImg8bit.png,1,1396,397,1450,461
753,train/tubingen/tubingen_000122_000019_leftImg8bit.png,1,1419,388,1541,482
754,train/tubingen/tubingen_000122_000019_leftImg8bit.png,4,88,434,307,744
755,train/tubingen/tubingen_000122_000019_leftImg8bit.png,4,0,409,224,775
756,train/tubingen/tubingen_000097_000019_leftImg8bit.png,1,1163,432,1299,529
757,train/tubingen/tubingen_000097_000019_leftImg8bit.png,1,1274,382,1520,608
758,train/tubingen/tubingen_000097_000019_leftImg8bit.png,1,1420,380,1753,683
759,train/tubingen/tubingen_000097_000019_leftImg8bit.png,1,1558,375,2047,855
760,train/tubingen/tubingen_000039_000019_leftImg8bit.png,1,1183,430,1266,536
761,train/tubingen/tubingen_000039_000019_leftImg8bit.png,1,1206,426,1340,554
762,train/tubingen/tubingen_000039_000019_leftImg8bit.png,1,1270,423,1465,595
763,train/tubingen/tubingen_000039_000019_leftImg8bit.png,1,1364,397,1733,678
764,train/tubingen/tubingen_000039_000019_leftImg8bit.png,1,1563,372,2046,894
765,train/tubingen/tubingen_000039_000019_leftImg8bit.png,1,894,432,971,514
766,train/tubingen/tubingen_000039_000019_leftImg8bit.png,1,839,428,925,542
767,train/tubingen/tubingen_000039_000019_leftImg8bit.png,1,687,420,884,560
768,train/tubingen/tubingen_000039_000019_leftImg8bit.png,1,0,362,545,967
769,train/tubingen/tubingen_000109_000019_leftImg8bit.png,1,1146,430,1211,486
770,train/tubingen/tubingen_000109_000019_leftImg8bit.png,1,993,425,1120,527
771,train/tubingen/tubingen_000109_000019_leftImg8bit.png,1,770,404,935,544
772,train/tubingen/tubingen_000109_000019_leftImg8bit.png,0,1680,391,1737,539
773,train/tubingen/tubingen_000109_000019_leftImg8bit.png,0,1731,362,1815,569
774,train/tubingen/tubingen_000109_000019_leftImg8bit.png,4,174,446,264,552
775,train/tubingen/tubingen_000109_000019_leftImg8bit.png,5,1086,489,1171,579
776,train/tubingen/tubingen_000004_000019_leftImg8bit.png,1,2,412,118,511
777,train/tubingen/tubingen_000004_000019_leftImg8bit.png,0,758,328,827,533
778,train/tubingen/tubingen_000004_000019_leftImg8bit.png,0,874,364,966,584
779,train/tubingen/tubingen_000004_000019_leftImg8bit.png,0,983,358,1102,572
780,train/tubingen/tubingen_000004_000019_leftImg8bit.png,5,1145,416,1338,556
781,train/tubingen/tubingen_000004_000019_leftImg8bit.png,0,298,333,369,517
782,train/tubingen/tubingen_000101_000019_leftImg8bit.png,1,890,429,972,492
783,train/tubingen/tubingen_000042_000019_leftImg8bit.png,1,321,396,390,461
784,train/tubingen/tubingen_000042_000019_leftImg8bit.png,1,768,402,930,510
785,train/tubingen/tubingen_000042_000019_leftImg8bit.png,1,377,305,566,543
786,train/tubingen/tubingen_000042_000019_leftImg8bit.png,1,309,401,541,588
787,train/tubingen/tubingen_000042_000019_leftImg8bit.png,4,1943,449,2047,647
788,train/tubingen/tubingen_000042_000019_leftImg8bit.png,0,1221,380,1297,562
789,train/tubingen/tubingen_000135_000019_leftImg8bit.png,1,2,374,163,438
790,train/tubingen/tubingen_000135_000019_leftImg8bit.png,1,951,390,1038,460
