0,train/ulm/ulm_000087_000019_leftImg8bit.png,1,1140,404,1291,490
1,train/ulm/ulm_000087_000019_leftImg8bit.png,1,1169,416,1279,513
2,train/ulm/ulm_000087_000019_leftImg8bit.png,1,1235,411,1390,517
3,train/ulm/ulm_000087_000019_leftImg8bit.png,1,1296,363,1714,566
4,train/ulm/ulm_000087_000019_leftImg8bit.png,1,609,414,737,495
5,train/ulm/ulm_000087_000019_leftImg8bit.png,1,440,393,703,507
6,train/ulm/ulm_000087_000019_leftImg8bit.png,1,391,415,632,512
7,train/ulm/ulm_000087_000019_leftImg8bit.png,0,146,365,199,502
8,train/ulm/ulm_000087_000019_leftImg8bit.png,0,748,347,828,613
9,train/ulm/ulm_000087_000019_leftImg8bit.png,0,677,347,846,628
10,train/ulm/ulm_000006_000019_leftImg8bit.png,4,993,456,1060,507
11,train/ulm/ulm_000006_000019_leftImg8bit.png,4,911,450,1011,511
12,train/ulm/ulm_000006_000019_leftImg8bit.png,4,1154,453,1230,511
13,train/ulm/ulm_000006_000019_leftImg8bit.png,4,1082,450,1177,511
14,train/ulm/ulm_000006_000019_leftImg8bit.png,0,1731,408,1783,505
15,train/ulm/ulm_000006_000019_leftImg8bit.png,1,567,454,648,510
16,train/ulm/ulm_000006_000019_leftImg8bit.png,1,469,451,583,520
17,train/ulm/ulm_000006_000019_leftImg8bit.png,1,137,463,287,542
18,train/ulm/ulm_000006_000019_leftImg8bit.png,4,993,456,1060,507
19,train/ulm/ulm_000006_000019_leftImg8bit.png,4,911,450,1011,511
20,train/ulm/ulm_000006_000019_leftImg8bit.png,4,1082,450,1177,511
21,train/ulm/ulm_000006_000019_leftImg8bit.png,4,1154,453,1230,511
22,train/ulm/ulm_000039_000019_leftImg8bit.png,1,791,416,855,470
23,train/ulm/ulm_000039_000019_leftImg8bit.png,1,779,418,844,472
24,train/ulm/ulm_000039_000019_leftImg8bit.png,1,674,416,806,475
25,train/ulm/ulm_000039_000019_leftImg8bit.png,1,610,424,728,485
26,train/ulm/ulm_000039_000019_leftImg8bit.png,1,490,414,652,501
27,train/ulm/ulm_000039_000019_leftImg8bit.png,1,286,412,521,500
28,train/ulm/ulm_000039_000019_leftImg8bit.png,1,1157,423,1223,474
29,train/ulm/ulm_000086_000019_leftImg8bit.png,1,770,430,880,490
30,train/ulm/ulm_000086_000019_leftImg8bit.png,1,763,432,835,498
31,train/ulm/ulm_000086_000019_leftImg8bit.png,1,701,428,813,523
32,train/ulm/ulm_000086_000019_leftImg8bit.png,1,591,428,752,517
33,train/ulm/ulm_000086_000019_leftImg8bit.png,1,387,429,689,525
34,train/ulm/ulm_000086_000019_leftImg8bit.png,5,316,443,438,561
35,train/ulm/ulm_000086_000019_leftImg8bit.png,5,122,424,353,584
36,train/ulm/ulm_000047_000019_leftImg8bit.png,2,1048,330,1128,446
37,train/ulm/ulm_000047_000019_leftImg8bit.png,1,1045,410,1120,475
38,train/ulm/ulm_000047_000019_leftImg8bit.png,1,702,419,777,472
39,train/ulm/ulm_000047_000019_leftImg8bit.png,1,569,440,646,513
40,train/ulm/ulm_000047_000019_leftImg8bit.png,1,480,440,600,537
41,train/ulm/ulm_000047_000019_leftImg8bit.png,1,268,435,529,584
42,train/ulm/ulm_000047_000019_leftImg8bit.png,1,852,356,975,504
43,train/ulm/ulm_000078_000019_leftImg8bit.png,1,684,418,771,506
44,train/ulm/ulm_000078_000019_leftImg8bit.png,1,670,438,737,517
45,train/ulm/ulm_000078_000019_leftImg8bit.png,1,605,438,697,532
46,train/ulm/ulm_000078_000019_leftImg8bit.png,1,756,430,883,522
47,train/ulm/ulm_000078_000019_leftImg8bit.png,1,552,443,642,549
48,train/ulm/ulm_000078_000019_leftImg8bit.png,1,436,437,593,569
49,train/ulm/ulm_000078_000019_leftImg8bit.png,1,293,442,498,599
50,train/ulm/ulm_000078_000019_leftImg8bit.png,1,-1,438,369,688
51,train/ulm/ulm_000065_000019_leftImg8bit.png,1,758,440,838,496
52,train/ulm/ulm_000065_000019_leftImg8bit.png,1,1959,377,2045,500
53,train/ulm/ulm_000065_000019_leftImg8bit.png,5,379,441,437,501
54,train/ulm/ulm_000065_000019_leftImg8bit.png,1,908,416,1131,592
55,train/ulm/ulm_000049_000019_leftImg8bit.png,1,814,397,879,453
56,train/ulm/ulm_000049_000019_leftImg8bit.png,1,722,405,835,488
57,train/ulm/ulm_000049_000019_leftImg8bit.png,1,1327,340,1389,392
58,train/ulm/ulm_000049_000019_leftImg8bit.png,1,1144,390,1253,469
59,train/ulm/ulm_000026_000019_leftImg8bit.png,1,832,416,952,513
60,train/ulm/ulm_000026_000019_leftImg8bit.png,1,969,418,1110,532
61,train/ulm/ulm_000026_000019_leftImg8bit.png,1,1159,401,1267,509
62,train/ulm/ulm_000026_000019_leftImg8bit.png,1,1205,413,1295,539
63,train/ulm/ulm_000026_000019_leftImg8bit.png,1,1228,411,1396,558
64,train/ulm/ulm_000026_000019_leftImg8bit.png,1,1303,408,1540,623
65,train/ulm/ulm_000026_000019_leftImg8bit.png,1,1430,387,1959,711
66,train/ulm/ulm_000015_000019_leftImg8bit.png,0,472,360,524,423
67,train/ulm/ulm_000015_000019_leftImg8bit.png,0,27,252,137,428
68,train/ulm/ulm_000015_000019_leftImg8bit.png,1,20,344,601,679
69,train/ulm/ulm_000015_000019_leftImg8bit.png,1,1515,371,1952,619
70,train/ulm/ulm_000015_000019_leftImg8bit.png,0,1597,396,1732,612
71,train/ulm/ulm_000015_000019_leftImg8bit.png,1,1790,357,2045,750
72,train/ulm/ulm_000007_000019_leftImg8bit.png,1,-2,385,52,453
73,train/ulm/ulm_000007_000019_leftImg8bit.png,1,245,374,436,533
74,train/ulm/ulm_000007_000019_leftImg8bit.png,1,-2,374,364,591
75,train/ulm/ulm_000007_000019_leftImg8bit.png,1,1129,387,1360,488
76,train/ulm/ulm_000007_000019_leftImg8bit.png,1,758,351,1148,517
77,train/ulm/ulm_000007_000019_leftImg8bit.png,1,1715,396,1832,466
78,train/ulm/ulm_000007_000019_leftImg8bit.png,1,1786,332,2045,521
79,train/ulm/ulm_000053_000019_leftImg8bit.png,0,1075,400,1171,587
80,train/ulm/ulm_000008_000019_leftImg8bit.png,0,1591,314,1706,590
81,train/ulm/ulm_000008_000019_leftImg8bit.png,1,448,371,521,440
82,train/ulm/ulm_000008_000019_leftImg8bit.png,1,-2,348,419,676
83,train/ulm/ulm_000008_000019_leftImg8bit.png,1,979,391,1057,450
84,train/ulm/ulm_000008_000019_leftImg8bit.png,1,1077,375,1208,492
85,train/ulm/ulm_000071_000019_leftImg8bit.png,1,885,402,950,471
86,train/ulm/ulm_000071_000019_leftImg8bit.png,1,709,433,816,509
87,train/ulm/ulm_000071_000019_leftImg8bit.png,1,462,433,670,565
88,train/ulm/ulm_000071_000019_leftImg8bit.png,1,157,435,493,623
89,train/ulm/ulm_000071_000019_leftImg8bit.png,1,1182,332,1317,496
90,train/ulm/ulm_000071_000019_leftImg8bit.png,1,1842,391,2045,512
91,train/ulm/ulm_000071_000019_leftImg8bit.png,1,1944,477,2045,785
92,train/ulm/ulm_000033_000019_leftImg8bit.png,1,459,338,611,414
93,train/ulm/ulm_000033_000019_leftImg8bit.png,1,631,379,819,549
94,train/ulm/ulm_000033_000019_leftImg8bit.png,1,521,383,734,592
95,train/ulm/ulm_000033_000019_leftImg8bit.png,1,120,343,289,418
96,train/ulm/ulm_000033_000019_leftImg8bit.png,1,211,363,658,672
97,train/ulm/ulm_000033_000019_leftImg8bit.png,1,850,410,930,483
98,train/ulm/ulm_000033_000019_leftImg8bit.png,1,923,416,1010,494
99,train/ulm/ulm_000033_000019_leftImg8bit.png,1,973,415,1104,507
100,train/ulm/ulm_000033_000019_leftImg8bit.png,1,-2,322,413,948
101,train/ulm/ulm_000069_000019_leftImg8bit.png,2,962,329,1052,382
102,train/ulm/ulm_000069_000019_leftImg8bit.png,1,1068,355,1347,607
103,train/ulm/ulm_000069_000019_leftImg8bit.png,1,739,396,869,525
104,train/ulm/ulm_000069_000019_leftImg8bit.png,1,457,389,809,611
105,train/ulm/ulm_000069_000019_leftImg8bit.png,1,-2,263,354,902
106,train/ulm/ulm_000069_000019_leftImg8bit.png,1,1413,387,1541,535
107,train/ulm/ulm_000069_000019_leftImg8bit.png,1,1502,381,1558,537
108,train/ulm/ulm_000069_000019_leftImg8bit.png,1,1513,323,2044,573
109,train/ulm/ulm_000069_000019_leftImg8bit.png,5,1063,378,1278,433
110,train/ulm/ulm_000069_000019_leftImg8bit.png,5,981,403,1123,567
111,train/ulm/ulm_000069_000019_leftImg8bit.png,5,843,578,1051,936
112,train/ulm/ulm_000069_000019_leftImg8bit.png,5,1109,400,1249,756
113,train/ulm/ulm_000001_000019_leftImg8bit.png,1,808,401,883,467
114,train/ulm/ulm_000001_000019_leftImg8bit.png,1,644,416,716,496
115,train/ulm/ulm_000001_000019_leftImg8bit.png,1,571,418,695,513
116,train/ulm/ulm_000001_000019_leftImg8bit.png,1,250,408,494,591
117,train/ulm/ulm_000001_000019_leftImg8bit.png,1,-2,398,326,676
118,train/ulm/ulm_000001_000019_leftImg8bit.png,1,1854,433,1993,536
119,train/ulm/ulm_000001_000019_leftImg8bit.png,1,898,344,986,437
120,train/ulm/ulm_000001_000019_leftImg8bit.png,1,891,409,944,512
121,train/ulm/ulm_000001_000019_leftImg8bit.png,1,914,402,1067,532
122,train/ulm/ulm_000001_000019_leftImg8bit.png,1,1363,381,1559,533
123,train/ulm/ulm_000001_000019_leftImg8bit.png,1,1443,374,1807,537
124,train/ulm/ulm_000072_000019_leftImg8bit.png,1,1022,416,1129,497
125,train/ulm/ulm_000072_000019_leftImg8bit.png,1,1238,392,1376,527
126,train/ulm/ulm_000072_000019_leftImg8bit.png,1,1326,379,1588,577
127,train/ulm/ulm_000072_000019_leftImg8bit.png,1,485,418,661,552
128,train/ulm/ulm_000072_000019_leftImg8bit.png,1,206,404,493,620
129,train/ulm/ulm_000072_000019_leftImg8bit.png,1,-2,433,266,683
130,train/ulm/ulm_000009_000019_leftImg8bit.png,1,126,442,193,517
131,train/ulm/ulm_000009_000019_leftImg8bit.png,1,155,433,281,521
132,train/ulm/ulm_000009_000019_leftImg8bit.png,1,253,417,398,529
133,train/ulm/ulm_000009_000019_leftImg8bit.png,1,337,417,503,537
134,train/ulm/ulm_000009_000019_leftImg8bit.png,1,447,406,658,557
135,train/ulm/ulm_000009_000019_leftImg8bit.png,1,582,404,933,587
136,train/ulm/ulm_000052_000019_leftImg8bit.png,1,1932,394,2045,468
137,train/ulm/ulm_000010_000019_leftImg8bit.png,0,1120,323,1199,516
138,train/ulm/ulm_000010_000019_leftImg8bit.png,5,1403,439,1765,629
139,train/ulm/ulm_000010_000019_leftImg8bit.png,5,1228,379,1572,644
140,train/ulm/ulm_000010_000019_leftImg8bit.png,5,1163,429,1420,654
141,train/ulm/ulm_000010_000019_leftImg8bit.png,5,1071,389,1334,678
142,train/ulm/ulm_000010_000019_leftImg8bit.png,5,918,451,1181,702
143,train/ulm/ulm_000010_000019_leftImg8bit.png,5,743,371,987,744
144,train/ulm/ulm_000010_000019_leftImg8bit.png,5,476,424,671,767
145,train/ulm/ulm_000042_000019_leftImg8bit.png,1,1156,409,1252,477
146,train/ulm/ulm_000068_000019_leftImg8bit.png,1,707,373,807,471
147,train/ulm/ulm_000068_000019_leftImg8bit.png,2,270,167,745,612
148,train/ulm/ulm_000012_000019_leftImg8bit.png,1,1293,437,1367,495
149,train/ulm/ulm_000012_000019_leftImg8bit.png,1,658,391,762,558
150,train/ulm/ulm_000012_000019_leftImg8bit.png,1,535,373,734,638
151,train/ulm/ulm_000012_000019_leftImg8bit.png,1,119,343,662,742
152,train/ulm/ulm_000012_000019_leftImg8bit.png,1,-1,324,342,892
153,train/ulm/ulm_000012_000019_leftImg8bit.png,1,1323,406,1548,579
154,train/ulm/ulm_000012_000019_leftImg8bit.png,1,1452,400,1919,648
155,train/ulm/ulm_000012_000019_leftImg8bit.png,1,1758,382,2045,780
156,train/ulm/ulm_000012_000019_leftImg8bit.png,4,1142,474,1225,687
157,train/ulm/ulm_000012_000019_leftImg8bit.png,4,1142,474,1225,687
158,train/ulm/ulm_000090_000019_leftImg8bit.png,1,1036,265,1118,320
159,train/ulm/ulm_000090_000019_leftImg8bit.png,1,892,268,1064,323
160,train/ulm/ulm_000090_000019_leftImg8bit.png,1,1165,230,1256,319
161,train/ulm/ulm_000090_000019_leftImg8bit.png,1,1122,257,1227,346
162,train/ulm/ulm_000077_000019_leftImg8bit.png,1,1004,424,1164,553
163,train/ulm/ulm_000077_000019_leftImg8bit.png,2,-2,284,179,571
164,train/ulm/ulm_000077_000019_leftImg8bit.png,1,1635,366,2045,893
165,train/ulm/ulm_000024_000019_leftImg8bit.png,1,99,439,210,523
166,train/ulm/ulm_000024_000019_leftImg8bit.png,4,903,447,1086,744
167,train/ulm/ulm_000024_000019_leftImg8bit.png,1,1601,433,2045,596
168,train/ulm/ulm_000024_000019_leftImg8bit.png,4,903,447,1086,744
169,train/ulm/ulm_000024_000019_leftImg8bit.png,0,1318,348,1439,653
170,train/ulm/ulm_000024_000019_leftImg8bit.png,0,1139,369,1254,648
171,train/ulm/ulm_000011_000019_leftImg8bit.png,1,1152,442,1229,529
172,train/ulm/ulm_000011_000019_leftImg8bit.png,1,1190,439,1275,539
173,train/ulm/ulm_000011_000019_leftImg8bit.png,1,1322,406,1572,585
174,train/ulm/ulm_000011_000019_leftImg8bit.png,4,1238,329,1376,652
175,train/ulm/ulm_000011_000019_leftImg8bit.png,4,1264,470,1374,688
176,train/ulm/ulm_000011_000019_leftImg8bit.png,1,1542,307,2045,723
177,train/ulm/ulm_000011_000019_leftImg8bit.png,1,756,426,854,554
178,train/ulm/ulm_000011_000019_leftImg8bit.png,1,665,418,815,572
179,train/ulm/ulm_000011_000019_leftImg8bit.png,1,520,381,727,644
180,train/ulm/ulm_000011_000019_leftImg8bit.png,1,-2,243,594,817
181,train/ulm/ulm_000011_000019_leftImg8bit.png,4,1264,470,1374,688
182,train/ulm/ulm_000044_000019_leftImg8bit.png,1,1008,433,1083,492
183,train/ulm/ulm_000044_000019_leftImg8bit.png,1,1057,425,1151,504
184,train/ulm/ulm_000044_000019_leftImg8bit.png,1,901,427,996,501
185,train/ulm/ulm_000044_000019_leftImg8bit.png,1,558,414,665,498
186,train/ulm/ulm_000044_000019_leftImg8bit.png,3,698,352,842,497
187,train/ulm/ulm_000044_000019_leftImg8bit.png,1,218,404,436,544
188,train/ulm/ulm_000044_000019_leftImg8bit.png,1,-2,370,205,605
189,train/ulm/ulm_000063_000019_leftImg8bit.png,1,237,446,462,571
190,train/ulm/ulm_000063_000019_leftImg8bit.png,1,0,458,213,604
191,train/ulm/ulm_000051_000019_leftImg8bit.png,1,855,455,954,525
192,train/ulm/ulm_000051_000019_leftImg8bit.png,1,968,402,1442,604
193,train/ulm/ulm_000088_000019_leftImg8bit.png,1,835,367,988,424
194,train/ulm/ulm_000088_000019_leftImg8bit.png,1,705,371,863,443
195,train/ulm/ulm_000088_000019_leftImg8bit.png,1,621,359,838,458
196,train/ulm/ulm_000088_000019_leftImg8bit.png,1,683,378,773,460
197,train/ulm/ulm_000088_000019_leftImg8bit.png,1,481,355,712,480
198,train/ulm/ulm_000088_000019_leftImg8bit.png,1,192,351,534,499
199,train/ulm/ulm_000088_000019_leftImg8bit.png,1,1497,371,1648,572
200,train/ulm/ulm_000088_000019_leftImg8bit.png,1,1336,371,1598,537
201,train/ulm/ulm_000088_000019_leftImg8bit.png,1,1498,378,1598,554
202,train/ulm/ulm_000088_000019_leftImg8bit.png,1,1515,361,1789,601
203,train/ulm/ulm_000088_000019_leftImg8bit.png,1,1617,350,2032,639
204,train/ulm/ulm_000088_000019_leftImg8bit.png,1,1762,397,2013,666
205,train/ulm/ulm_000088_000019_leftImg8bit.png,1,1869,354,2045,780
206,train/ulm/ulm_000038_000019_leftImg8bit.png,1,1939,378,2046,444
207,train/ulm/ulm_000038_000019_leftImg8bit.png,1,753,420,943,512
208,train/ulm/ulm_000038_000019_leftImg8bit.png,1,21,310,800,741
209,train/ulm/ulm_000080_000019_leftImg8bit.png,1,1885,379,1994,449
210,train/ulm/ulm_000080_000019_leftImg8bit.png,0,1381,356,1573,690
211,train/ulm/ulm_000080_000019_leftImg8bit.png,0,1491,327,1691,709
212,train/ulm/ulm_000040_000019_leftImg8bit.png,2,963,424,1024,491
213,train/ulm/ulm_000040_000019_leftImg8bit.png,0,1366,381,1435,560
214,train/ulm/ulm_000036_000019_leftImg8bit.png,1,1707,396,1861,497
215,train/ulm/ulm_000075_000019_leftImg8bit.png,0,1637,377,1688,457
216,train/ulm/ulm_000075_000019_leftImg8bit.png,1,1197,411,1267,471
217,train/ulm/ulm_000075_000019_leftImg8bit.png,1,1239,402,1372,479
218,train/ulm/ulm_000075_000019_leftImg8bit.png,1,1249,411,1324,474
219,train/ulm/ulm_000075_000019_leftImg8bit.png,1,1266,409,1374,488
220,train/ulm/ulm_000075_000019_leftImg8bit.png,1,1283,411,1361,491
221,train/ulm/ulm_000075_000019_leftImg8bit.png,1,1308,409,1398,502
222,train/ulm/ulm_000075_000019_leftImg8bit.png,1,1324,409,1572,513
223,train/ulm/ulm_000075_000019_leftImg8bit.png,2,846,353,962,507
224,train/ulm/ulm_000075_000019_leftImg8bit.png,1,687,334,884,531
225,train/ulm/ulm_000075_000019_leftImg8bit.png,1,952,385,1231,622
226,train/ulm/ulm_000075_000019_leftImg8bit.png,4,1420,448,1485,544
227,train/ulm/ulm_000075_000019_leftImg8bit.png,4,1546,432,1599,536
228,train/ulm/ulm_000075_000019_leftImg8bit.png,4,1600,424,1657,482
229,train/ulm/ulm_000075_000019_leftImg8bit.png,4,1892,418,1991,537
230,train/ulm/ulm_000075_000019_leftImg8bit.png,4,1975,426,2046,546
231,train/ulm/ulm_000075_000019_leftImg8bit.png,4,1688,437,1747,526
232,train/ulm/ulm_000075_000019_leftImg8bit.png,4,1629,439,1736,613
233,train/ulm/ulm_000075_000019_leftImg8bit.png,0,1748,338,1914,724
234,train/ulm/ulm_000083_000019_leftImg8bit.png,2,206,130,882,554
235,train/ulm/ulm_000083_000019_leftImg8bit.png,1,1259,420,1331,497
236,train/ulm/ulm_000083_000019_leftImg8bit.png,1,1153,411,1290,527
237,train/ulm/ulm_000060_000019_leftImg8bit.png,1,175,404,275,479
238,train/ulm/ulm_000060_000019_leftImg8bit.png,1,1040,399,1156,459
239,train/ulm/ulm_000060_000019_leftImg8bit.png,1,598,415,814,641
240,train/ulm/ulm_000060_000019_leftImg8bit.png,1,195,401,713,837
241,train/ulm/ulm_000060_000019_leftImg8bit.png,1,-2,291,296,1020
242,train/ulm/ulm_000060_000019_leftImg8bit.png,2,1268,174,1823,668
243,train/ulm/ulm_000060_000019_leftImg8bit.png,1,1158,419,1235,493
244,train/ulm/ulm_000060_000019_leftImg8bit.png,0,1190,371,1269,560
245,train/ulm/ulm_000029_000019_leftImg8bit.png,1,-2,347,751,892
246,train/ulm/ulm_000029_000019_leftImg8bit.png,1,895,425,956,513
247,train/ulm/ulm_000029_000019_leftImg8bit.png,1,747,415,935,565
248,train/ulm/ulm_000045_000019_leftImg8bit.png,1,606,353,683,429
249,train/ulm/ulm_000045_000019_leftImg8bit.png,1,907,381,1098,514
250,train/ulm/ulm_000045_000019_leftImg8bit.png,3,317,282,613,442
251,train/ulm/ulm_000085_000019_leftImg8bit.png,1,400,428,631,530
252,train/ulm/ulm_000085_000019_leftImg8bit.png,1,-2,415,507,581
253,train/ulm/ulm_000017_000019_leftImg8bit.png,1,425,405,519,466
254,train/ulm/ulm_000017_000019_leftImg8bit.png,1,412,419,531,522
255,train/ulm/ulm_000017_000019_leftImg8bit.png,1,711,418,858,475
256,train/ulm/ulm_000017_000019_leftImg8bit.png,4,937,454,1051,529
257,train/ulm/ulm_000017_000019_leftImg8bit.png,4,937,454,1051,529
258,train/ulm/ulm_000017_000019_leftImg8bit.png,5,1429,446,1537,564
259,train/ulm/ulm_000017_000019_leftImg8bit.png,4,1513,474,1865,686
260,train/ulm/ulm_000017_000019_leftImg8bit.png,4,937,454,1051,529
261,train/ulm/ulm_000017_000019_leftImg8bit.png,5,961,437,1103,547
262,train/ulm/ulm_000017_000019_leftImg8bit.png,4,1428,462,1727,656
263,train/ulm/ulm_000017_000019_leftImg8bit.png,4,1531,414,1807,679
264,train/ulm/ulm_000091_000019_leftImg8bit.png,1,456,401,762,526
265,train/ulm/ulm_000091_000019_leftImg8bit.png,1,335,396,708,534
266,train/ulm/ulm_000091_000019_leftImg8bit.png,1,1230,406,1399,514
267,train/ulm/ulm_000091_000019_leftImg8bit.png,1,1237,419,1567,525
268,train/ulm/ulm_000091_000019_leftImg8bit.png,0,1191,392,1254,526
269,train/ulm/ulm_000074_000019_leftImg8bit.png,1,120,413,242,510
270,train/ulm/ulm_000074_000019_leftImg8bit.png,1,23,426,172,532
271,train/ulm/ulm_000074_000019_leftImg8bit.png,1,-2,438,55,568
272,train/ulm/ulm_000074_000019_leftImg8bit.png,1,187,402,509,639
273,train/ulm/ulm_000074_000019_leftImg8bit.png,1,1486,432,1575,491
274,train/ulm/ulm_000074_000019_leftImg8bit.png,1,1401,417,1490,492
275,train/ulm/ulm_000074_000019_leftImg8bit.png,1,1196,425,1335,516
276,train/ulm/ulm_000074_000019_leftImg8bit.png,4,1000,448,1055,504
277,train/ulm/ulm_000089_000019_leftImg8bit.png,1,836,465,976,522
278,train/ulm/ulm_000089_000019_leftImg8bit.png,1,1278,432,1379,530
279,train/ulm/ulm_000089_000019_leftImg8bit.png,1,1337,389,1595,544
280,train/ulm/ulm_000089_000019_leftImg8bit.png,1,1398,380,1776,614
281,train/ulm/ulm_000089_000019_leftImg8bit.png,1,1524,380,1824,636
282,train/ulm/ulm_000089_000019_leftImg8bit.png,1,1786,223,2044,733
283,train/ulm/ulm_000089_000019_leftImg8bit.png,1,648,458,802,561
284,train/ulm/ulm_000089_000019_leftImg8bit.png,1,640,460,744,563
285,train/ulm/ulm_000089_000019_leftImg8bit.png,1,571,450,724,577
286,train/ulm/ulm_000089_000019_leftImg8bit.png,1,357,440,619,591
287,train/ulm/ulm_000089_000019_leftImg8bit.png,1,309,444,480,603
288,train/ulm/ulm_000089_000019_leftImg8bit.png,1,161,429,412,621
289,train/ulm/ulm_000089_000019_leftImg8bit.png,1,0,378,218,639
290,train/ulm/ulm_000089_000019_leftImg8bit.png,1,-2,427,130,635
291,train/ulm/ulm_000027_000019_leftImg8bit.png,0,1587,370,1716,650
292,train/ulm/ulm_000027_000019_leftImg8bit.png,1,933,446,989,518
293,train/ulm/ulm_000027_000019_leftImg8bit.png,1,808,427,960,555
294,train/ulm/ulm_000027_000019_leftImg8bit.png,1,-2,429,340,576
295,train/ulm/ulm_000061_000019_leftImg8bit.png,1,699,424,781,480
296,train/ulm/ulm_000061_000019_leftImg8bit.png,1,698,427,760,483
297,train/ulm/ulm_000061_000019_leftImg8bit.png,1,673,418,724,490
298,train/ulm/ulm_000061_000019_leftImg8bit.png,1,560,417,713,497
299,train/ulm/ulm_000061_000019_leftImg8bit.png,1,518,433,668,505
300,train/ulm/ulm_000061_000019_leftImg8bit.png,1,481,436,584,503
301,train/ulm/ulm_000061_000019_leftImg8bit.png,1,415,427,520,530
302,train/ulm/ulm_000061_000019_leftImg8bit.png,1,170,407,446,551
303,train/ulm/ulm_000061_000019_leftImg8bit.png,1,2,428,311,558
304,train/ulm/ulm_000003_000019_leftImg8bit.png,1,1031,429,1110,488
305,train/ulm/ulm_000003_000019_leftImg8bit.png,1,1184,431,1299,513
306,train/ulm/ulm_000003_000019_leftImg8bit.png,1,1343,426,1425,501
307,train/ulm/ulm_000003_000019_leftImg8bit.png,1,1361,429,1427,508
308,train/ulm/ulm_000003_000019_leftImg8bit.png,1,1394,424,1524,516
309,train/ulm/ulm_000003_000019_leftImg8bit.png,1,1607,411,1871,574
310,train/ulm/ulm_000003_000019_leftImg8bit.png,1,525,350,740,537
311,train/ulm/ulm_000082_000019_leftImg8bit.png,4,1695,429,1820,583
312,train/ulm/ulm_000014_000019_leftImg8bit.png,1,1460,420,1621,606
313,train/ulm/ulm_000014_000019_leftImg8bit.png,0,938,395,1011,573
314,train/ulm/ulm_000014_000019_leftImg8bit.png,0,1028,399,1099,584
315,train/ulm/ulm_000014_000019_leftImg8bit.png,0,1119,409,1171,577
316,train/ulm/ulm_000014_000019_leftImg8bit.png,0,1159,369,1247,627
317,train/ulm/ulm_000014_000019_leftImg8bit.png,0,1142,347,1284,633
318,train/ulm/ulm_000014_000019_leftImg8bit.png,0,1291,422,1348,551
319,train/ulm/ulm_000014_000019_leftImg8bit.png,0,1247,429,1298,578
320,train/ulm/ulm_000014_000019_leftImg8bit.png,5,168,394,269,543
321,train/ulm/ulm_000014_000019_leftImg8bit.png,5,3,380,99,510
322,train/ulm/ulm_000014_000019_leftImg8bit.png,1,-2,415,134,789
323,train/ulm/ulm_000043_000019_leftImg8bit.png,0,1635,385,1690,551
324,train/ulm/ulm_000043_000019_leftImg8bit.png,1,940,444,1007,495
325,train/ulm/ulm_000022_000019_leftImg8bit.png,3,845,279,973,427
326,train/ulm/ulm_000028_000019_leftImg8bit.png,4,1043,440,1149,538
327,train/ulm/ulm_000028_000019_leftImg8bit.png,0,1242,417,1300,471
328,train/ulm/ulm_000028_000019_leftImg8bit.png,0,1571,383,1636,515
329,train/ulm/ulm_000025_000019_leftImg8bit.png,1,819,417,965,536
330,train/ulm/ulm_000025_000019_leftImg8bit.png,4,250,443,310,501
331,train/ulm/ulm_000025_000019_leftImg8bit.png,1,1165,414,1296,530
332,train/ulm/ulm_000025_000019_leftImg8bit.png,4,250,443,310,501
333,train/ulm/ulm_000030_000019_leftImg8bit.png,1,832,422,957,534
334,train/ulm/ulm_000030_000019_leftImg8bit.png,1,628,359,855,641
335,train/ulm/ulm_000030_000019_leftImg8bit.png,1,381,367,757,756
336,train/ulm/ulm_000030_000019_leftImg8bit.png,1,-2,335,519,1021
337,train/ulm/ulm_000030_000019_leftImg8bit.png,1,1247,434,1346,487
338,train/ulm/ulm_000030_000019_leftImg8bit.png,1,1265,430,1398,492
339,train/ulm/ulm_000030_000019_leftImg8bit.png,1,1279,430,1523,488
340,train/ulm/ulm_000030_000019_leftImg8bit.png,0,1482,329,1588,586
341,train/ulm/ulm_000030_000019_leftImg8bit.png,1,1073,439,1141,490
342,train/ulm/ulm_000002_000019_leftImg8bit.png,1,952,380,1007,444
343,train/ulm/ulm_000002_000019_leftImg8bit.png,1,994,414,1045,507
344,train/ulm/ulm_000002_000019_leftImg8bit.png,1,1004,414,1072,520
345,train/ulm/ulm_000002_000019_leftImg8bit.png,1,1035,416,1098,535
346,train/ulm/ulm_000002_000019_leftImg8bit.png,1,1051,387,1250,573
347,train/ulm/ulm_000002_000019_leftImg8bit.png,1,1093,396,1393,617
348,train/ulm/ulm_000002_000019_leftImg8bit.png,1,809,386,863,450
349,train/ulm/ulm_000002_000019_leftImg8bit.png,1,778,405,829,479
350,train/ulm/ulm_000002_000019_leftImg8bit.png,1,733,406,812,491
351,train/ulm/ulm_000002_000019_leftImg8bit.png,1,670,418,776,520
352,train/ulm/ulm_000002_000019_leftImg8bit.png,1,668,427,736,541
353,train/ulm/ulm_000002_000019_leftImg8bit.png,1,545,418,715,568
354,train/ulm/ulm_000002_000019_leftImg8bit.png,1,522,412,628,618
355,train/ulm/ulm_000002_000019_leftImg8bit.png,1,842,412,969,515
356,train/ulm/ulm_000002_000019_leftImg8bit.png,0,1708,266,1873,741
357,train/ulm/ulm_000002_000019_leftImg8bit.png,0,1858,523,1973,721
358,train/ulm/ulm_000002_000019_leftImg8bit.png,1,203,338,560,687
359,train/ulm/ulm_000002_000019_leftImg8bit.png,1,-1,371,399,905
360,train/ulm/ulm_000004_000019_leftImg8bit.png,1,1254,416,1309,472
361,train/ulm/ulm_000004_000019_leftImg8bit.png,1,1277,415,1384,504
362,train/ulm/ulm_000004_000019_leftImg8bit.png,1,1345,410,1579,574
363,train/ulm/ulm_000004_000019_leftImg8bit.png,0,1870,349,1978,590
364,train/ulm/ulm_000004_000019_leftImg8bit.png,1,1114,416,1212,488
365,train/ulm/ulm_000018_000019_leftImg8bit.png,1,223,456,322,526
366,train/ulm/ulm_000018_000019_leftImg8bit.png,1,438,446,583,509
367,train/ulm/ulm_000018_000019_leftImg8bit.png,1,572,454,654,519
368,train/ulm/ulm_000018_000019_leftImg8bit.png,5,364,459,450,532
369,train/ulm/ulm_000018_000019_leftImg8bit.png,1,1647,416,1775,502
370,train/ulm/ulm_000018_000019_leftImg8bit.png,1,1531,418,1670,502
371,train/ulm/ulm_000018_000019_leftImg8bit.png,1,1409,414,1543,500
372,train/ulm/ulm_000018_000019_leftImg8bit.png,1,1693,448,1884,513
373,train/ulm/ulm_000018_000019_leftImg8bit.png,0,1642,413,1722,546
374,train/ulm/ulm_000018_000019_leftImg8bit.png,0,1726,406,1791,544
375,train/ulm/ulm_000018_000019_leftImg8bit.png,0,1770,416,1866,560
376,train/ulm/ulm_000018_000019_leftImg8bit.png,1,1894,418,1969,526
377,train/ulm/ulm_000018_000019_leftImg8bit.png,1,1933,412,2015,533
378,train/ulm/ulm_000018_000019_leftImg8bit.png,1,1977,405,2046,516
379,train/ulm/ulm_000018_000019_leftImg8bit.png,1,1991,424,2045,530
380,train/ulm/ulm_000018_000019_leftImg8bit.png,0,1176,321,1427,716
381,train/ulm/ulm_000031_000019_leftImg8bit.png,1,857,406,947,474
382,train/ulm/ulm_000031_000019_leftImg8bit.png,1,502,400,795,551
383,train/ulm/ulm_000031_000019_leftImg8bit.png,1,10,405,299,507
384,train/ulm/ulm_000031_000019_leftImg8bit.png,1,0,456,62,535
385,train/ulm/ulm_000005_000019_leftImg8bit.png,3,840,415,918,480
386,train/ulm/ulm_000005_000019_leftImg8bit.png,1,470,447,583,515
387,train/ulm/ulm_000005_000019_leftImg8bit.png,1,171,458,298,533
388,train/ulm/ulm_000005_000019_leftImg8bit.png,4,1424,446,1496,500
389,train/ulm/ulm_000005_000019_leftImg8bit.png,4,1424,446,1496,500
390,train/ulm/ulm_000005_000019_leftImg8bit.png,0,1233,316,1528,810
391,train/ulm/ulm_000005_000019_leftImg8bit.png,0,1741,225,2045,989
392,train/ulm/ulm_000067_000019_leftImg8bit.png,2,895,321,983,377
393,train/ulm/ulm_000067_000019_leftImg8bit.png,1,864,335,919,396
394,train/ulm/ulm_000067_000019_leftImg8bit.png,1,1039,370,1135,444
395,train/ulm/ulm_000094_000019_leftImg8bit.png,3,857,405,913,471
396,train/ulm/ulm_000066_000019_leftImg8bit.png,1,482,425,576,486
397,train/ulm/ulm_000066_000019_leftImg8bit.png,1,755,417,854,502
398,train/ulm/ulm_000066_000019_leftImg8bit.png,1,1304,452,1493,538
399,train/ulm/ulm_000066_000019_leftImg8bit.png,1,1686,446,1880,548
400,train/ulm/ulm_000066_000019_leftImg8bit.png,1,1911,418,2045,546
401,train/ulm/ulm_000066_000019_leftImg8bit.png,1,99,387,422,571
402,train/ulm/ulm_000000_000019_leftImg8bit.png,1,1024,414,1122,497
403,train/ulm/ulm_000062_000019_leftImg8bit.png,1,738,427,864,492
404,train/ulm/ulm_000062_000019_leftImg8bit.png,5,-2,413,188,652
405,train/ulm/ulm_000062_000019_leftImg8bit.png,1,349,392,894,602
406,train/ulm/ulm_000062_000019_leftImg8bit.png,5,1296,417,1680,630
407,train/ulm/ulm_000057_000019_leftImg8bit.png,1,1621,417,1853,504
408,train/ulm/ulm_000057_000019_leftImg8bit.png,2,1022,377,1102,491
409,train/ulm/ulm_000057_000019_leftImg8bit.png,2,836,352,1018,510
410,train/ulm/ulm_000057_000019_leftImg8bit.png,1,643,415,709,550
411,train/ulm/ulm_000057_000019_leftImg8bit.png,1,1,454,67,513
412,train/ulm/ulm_000057_000019_leftImg8bit.png,1,37,451,148,514
413,train/ulm/ulm_000057_000019_leftImg8bit.png,1,26,439,197,619
414,train/ulm/ulm_000057_000019_leftImg8bit.png,1,677,409,907,588
415,train/ulm/ulm_000057_000019_leftImg8bit.png,1,77,347,686,758
416,train/ulm/ulm_000057_000019_leftImg8bit.png,4,1666,458,1752,510
417,train/ulm/ulm_000064_000019_leftImg8bit.png,1,711,428,800,479
418,train/ulm/ulm_000064_000019_leftImg8bit.png,1,627,427,781,488
419,train/ulm/ulm_000064_000019_leftImg8bit.png,2,912,374,1075,473
420,train/ulm/ulm_000064_000019_leftImg8bit.png,1,339,428,458,536
421,train/ulm/ulm_000064_000019_leftImg8bit.png,1,239,430,385,554
422,train/ulm/ulm_000064_000019_leftImg8bit.png,1,0,426,290,586
423,train/ulm/ulm_000064_000019_leftImg8bit.png,0,1926,374,2014,614
424,train/ulm/ulm_000064_000019_leftImg8bit.png,0,1840,345,1985,622
425,train/ulm/ulm_000092_000019_leftImg8bit.png,1,1274,409,1456,468
426,train/ulm/ulm_000092_000019_leftImg8bit.png,1,1598,424,1827,610
427,train/ulm/ulm_000092_000019_leftImg8bit.png,1,1720,410,2045,667
428,train/ulm/ulm_000092_000019_leftImg8bit.png,1,928,370,1050,421
429,train/ulm/ulm_000092_000019_leftImg8bit.png,1,871,384,983,448
430,train/ulm/ulm_000092_000019_leftImg8bit.png,1,795,389,969,464
431,train/ulm/ulm_000092_000019_leftImg8bit.png,1,748,406,849,506
432,train/ulm/ulm_000092_000019_leftImg8bit.png,1,692,402,803,484
433,train/ulm/ulm_000092_000019_leftImg8bit.png,1,699,447,802,527
434,train/ulm/ulm_000092_000019_leftImg8bit.png,1,528,392,753,538
435,train/ulm/ulm_000092_000019_leftImg8bit.png,1,535,400,718,520
436,train/ulm/ulm_000092_000019_leftImg8bit.png,1,412,399,620,479
437,train/ulm/ulm_000092_000019_leftImg8bit.png,1,245,388,659,589
438,train/ulm/ulm_000092_000019_leftImg8bit.png,1,-2,356,302,627
439,train/ulm/ulm_000092_000019_leftImg8bit.png,0,1082,392,1145,525
440,train/ulm/ulm_000020_000019_leftImg8bit.png,0,1771,255,2017,755
441,train/ulm/ulm_000020_000019_leftImg8bit.png,0,186,397,237,488
442,train/ulm/ulm_000020_000019_leftImg8bit.png,0,964,399,1018,506
443,train/ulm/ulm_000020_000019_leftImg8bit.png,0,716,301,870,760
444,train/ulm/ulm_000037_000019_leftImg8bit.png,1,989,429,1096,505
445,train/ulm/ulm_000037_000019_leftImg8bit.png,4,1568,438,1695,531
446,train/ulm/ulm_000037_000019_leftImg8bit.png,1,568,433,700,524
447,train/ulm/ulm_000037_000019_leftImg8bit.png,4,1568,438,1695,531
448,train/ulm/ulm_000059_000019_leftImg8bit.png,1,896,390,985,474
449,train/ulm/ulm_000059_000019_leftImg8bit.png,1,732,399,900,528
450,train/ulm/ulm_000059_000019_leftImg8bit.png,1,-2,340,513,822
451,train/ulm/ulm_000059_000019_leftImg8bit.png,1,1153,409,1226,463
452,train/ulm/ulm_000059_000019_leftImg8bit.png,1,1201,405,1254,484
453,train/ulm/ulm_000059_000019_leftImg8bit.png,1,1222,401,1332,495
454,train/ulm/ulm_000059_000019_leftImg8bit.png,1,1285,410,1353,509
455,train/ulm/ulm_000059_000019_leftImg8bit.png,1,1494,393,1656,450
456,train/ulm/ulm_000059_000019_leftImg8bit.png,1,1483,405,1730,523
457,train/ulm/ulm_000059_000019_leftImg8bit.png,1,1292,393,1536,556
458,train/ulm/ulm_000059_000019_leftImg8bit.png,5,1420,384,1580,589
459,train/ulm/ulm_000059_000019_leftImg8bit.png,0,1373,356,1455,582
460,train/ulm/ulm_000059_000019_leftImg8bit.png,1,1781,466,2045,746
461,train/ulm/ulm_000023_000019_leftImg8bit.png,1,908,416,1064,543
462,train/ulm/ulm_000023_000019_leftImg8bit.png,1,742,422,810,541
463,train/ulm/ulm_000023_000019_leftImg8bit.png,1,453,421,564,524
464,train/ulm/ulm_000023_000019_leftImg8bit.png,1,536,400,783,589
465,train/ulm/ulm_000023_000019_leftImg8bit.png,1,296,397,492,542
466,train/ulm/ulm_000023_000019_leftImg8bit.png,1,16,419,80,481
467,train/ulm/ulm_000023_000019_leftImg8bit.png,1,59,393,382,578
468,train/ulm/ulm_000023_000019_leftImg8bit.png,1,-2,391,111,628
469,train/ulm/ulm_000046_000019_leftImg8bit.png,2,654,317,730,422
470,train/ulm/ulm_000046_000019_leftImg8bit.png,1,663,385,726,442
471,train/ulm/ulm_000046_000019_leftImg8bit.png,1,726,339,863,476
472,train/ulm/ulm_000046_000019_leftImg8bit.png,1,314,309,541,472
473,train/ulm/ulm_000055_000019_leftImg8bit.png,1,1399,417,1452,472
474,train/ulm/ulm_000055_000019_leftImg8bit.png,1,1223,416,1352,511
475,train/ulm/ulm_000055_000019_leftImg8bit.png,1,1371,412,1701,607
476,train/ulm/ulm_000055_000019_leftImg8bit.png,1,690,416,804,493
477,train/ulm/ulm_000055_000019_leftImg8bit.png,1,594,422,664,475
478,train/ulm/ulm_000055_000019_leftImg8bit.png,1,281,400,664,618
479,train/ulm/ulm_000055_000019_leftImg8bit.png,1,990,416,1099,510
480,train/ulm/ulm_000073_000019_leftImg8bit.png,1,1127,428,1206,488
481,train/ulm/ulm_000073_000019_leftImg8bit.png,0,1558,391,1611,470
482,train/ulm/ulm_000073_000019_leftImg8bit.png,0,1674,368,1727,504
483,train/ulm/ulm_000073_000019_leftImg8bit.png,5,1468,422,1618,534
484,train/ulm/ulm_000073_000019_leftImg8bit.png,1,1187,405,1315,524
485,train/ulm/ulm_000073_000019_leftImg8bit.png,1,1226,411,1414,537
486,train/ulm/ulm_000073_000019_leftImg8bit.png,1,729,425,803,515
487,train/ulm/ulm_000073_000019_leftImg8bit.png,1,699,425,771,522
488,train/ulm/ulm_000073_000019_leftImg8bit.png,1,774,432,920,537
489,train/ulm/ulm_000073_000019_leftImg8bit.png,1,965,415,1119,536
490,train/ulm/ulm_000073_000019_leftImg8bit.png,1,376,404,747,652
491,train/ulm/ulm_000058_000019_leftImg8bit.png,1,1528,388,1611,445
492,train/ulm/ulm_000058_000019_leftImg8bit.png,1,1419,402,1566,511
493,train/ulm/ulm_000058_000019_leftImg8bit.png,0,85,451,144,585
494,train/ulm/ulm_000058_000019_leftImg8bit.png,0,28,407,90,583
495,train/ulm/ulm_000019_000019_leftImg8bit.png,3,1452,346,1738,421
496,train/ulm/ulm_000019_000019_leftImg8bit.png,1,1569,375,1712,462
497,train/ulm/ulm_000019_000019_leftImg8bit.png,1,1734,347,2015,497
498,train/ulm/ulm_000019_000019_leftImg8bit.png,1,1892,360,2046,499
499,train/ulm/ulm_000019_000019_leftImg8bit.png,2,1054,327,1152,459
500,train/ulm/ulm_000019_000019_leftImg8bit.png,0,545,396,605,523
501,train/ulm/ulm_000019_000019_leftImg8bit.png,3,-2,258,521,573
502,train/ulm/ulm_000019_000019_leftImg8bit.png,0,328,377,390,559
503,train/ulm/ulm_000019_000019_leftImg8bit.png,0,295,400,359,558
504,train/ulm/ulm_000019_000019_leftImg8bit.png,0,231,357,289,589
505,train/ulm/ulm_000019_000019_leftImg8bit.png,0,41,367,115,601
506,train/ulm/ulm_000019_000019_leftImg8bit.png,0,-2,404,59,619
507,train/ulm/ulm_000019_000019_leftImg8bit.png,0,63,357,184,627
508,train/ulm/ulm_000050_000019_leftImg8bit.png,1,388,386,978,608
509,train/ulm/ulm_000050_000019_leftImg8bit.png,1,1057,458,1162,527
510,train/ulm/ulm_000081_000019_leftImg8bit.png,1,1273,413,1395,520
511,train/ulm/ulm_000081_000019_leftImg8bit.png,1,1369,342,1665,583
512,train/ulm/ulm_000081_000019_leftImg8bit.png,1,1476,401,1852,644
513,train/ulm/ulm_000032_000019_leftImg8bit.png,2,875,367,1109,465
514,train/ulm/ulm_000032_000019_leftImg8bit.png,1,875,408,950,461
515,train/ulm/ulm_000032_000019_leftImg8bit.png,1,845,416,937,477
516,train/ulm/ulm_000032_000019_leftImg8bit.png,1,818,418,883,477
517,train/ulm/ulm_000032_000019_leftImg8bit.png,1,586,405,828,495
518,train/ulm/ulm_000032_000019_leftImg8bit.png,1,-2,349,417,554
519,train/ulm/ulm_000084_000019_leftImg8bit.png,4,1358,431,1445,559
520,train/ulm/ulm_000084_000019_leftImg8bit.png,3,970,387,1026,449
521,train/ulm/ulm_000084_000019_leftImg8bit.png,0,128,340,193,506
522,train/ulm/ulm_000084_000019_leftImg8bit.png,1,850,404,947,482
523,train/ulm/ulm_000084_000019_leftImg8bit.png,4,1358,431,1445,559
524,train/ulm/ulm_000021_000019_leftImg8bit.png,3,-2,88,690,602
525,train/ulm/ulm_000021_000019_leftImg8bit.png,3,677,216,1046,561
526,train/ulm/ulm_000079_000019_leftImg8bit.png,5,482,448,542,519
527,train/ulm/ulm_000070_000019_leftImg8bit.png,1,191,377,336,436
528,train/ulm/ulm_000070_000019_leftImg8bit.png,1,49,388,256,469
529,train/ulm/ulm_000070_000019_leftImg8bit.png,1,-2,392,104,469
530,train/ulm/ulm_000070_000019_leftImg8bit.png,1,525,389,698,459
531,train/ulm/ulm_000070_000019_leftImg8bit.png,1,986,395,1104,451
532,train/ulm/ulm_000070_000019_leftImg8bit.png,1,1731,388,1863,458
533,train/ulm/ulm_000070_000019_leftImg8bit.png,1,1393,379,1564,448
534,train/ulm/ulm_000070_000019_leftImg8bit.png,1,1280,391,1465,469
535,train/ulm/ulm_000070_000019_leftImg8bit.png,1,667,371,1025,502
536,train/ulm/ulm_000070_000019_leftImg8bit.png,1,174,367,564,518
537,train/ulm/ulm_000016_000019_leftImg8bit.png,1,1669,401,1775,472
538,train/ulm/ulm_000016_000019_leftImg8bit.png,1,1394,421,1477,477
539,train/ulm/ulm_000016_000019_leftImg8bit.png,1,1326,424,1429,485
540,train/ulm/ulm_000016_000019_leftImg8bit.png,1,1221,421,1339,494
541,train/ulm/ulm_000016_000019_leftImg8bit.png,1,-2,408,321,545
542,train/ulm/ulm_000016_000019_leftImg8bit.png,0,603,289,823,778
543,train/ulm/ulm_000016_000019_leftImg8bit.png,1,1611,405,1697,490
544,train/ulm/ulm_000013_000019_leftImg8bit.png,1,1075,423,1128,490
545,train/ulm/ulm_000013_000019_leftImg8bit.png,1,803,431,936,493
546,train/ulm/ulm_000013_000019_leftImg8bit.png,0,871,426,960,543
547,train/ulm/ulm_000013_000019_leftImg8bit.png,0,811,376,891,579
548,train/ulm/ulm_000013_000019_leftImg8bit.png,1,1473,315,1958,683
549,train/ulm/ulm_000013_000019_leftImg8bit.png,4,1937,347,2045,574
550,train/ulm/ulm_000093_000019_leftImg8bit.png,1,836,486,906,539
551,train/ulm/ulm_000093_000019_leftImg8bit.png,1,525,459,774,556
552,train/ulm/ulm_000093_000019_leftImg8bit.png,1,1173,485,1270,543
553,train/ulm/ulm_000093_000019_leftImg8bit.png,1,1271,481,1374,554
554,train/ulm/ulm_000093_000019_leftImg8bit.png,1,1294,485,1375,560
555,train/ulm/ulm_000093_000019_leftImg8bit.png,1,1348,470,1472,535
556,train/ulm/ulm_000093_000019_leftImg8bit.png,1,1346,474,1506,600
557,train/ulm/ulm_000093_000019_leftImg8bit.png,1,1460,491,1595,608
558,train/ulm/ulm_000093_000019_leftImg8bit.png,1,1533,342,2045,665
559,train/ulm/ulm_000093_000019_leftImg8bit.png,1,1743,416,2043,710
560,train/ulm/ulm_000093_000019_leftImg8bit.png,1,1843,446,2045,735
561,train/ulm/ulm_000056_000019_leftImg8bit.png,3,1629,395,1727,456
562,train/ulm/ulm_000056_000019_leftImg8bit.png,3,1448,371,1568,474
563,train/ulm/ulm_000056_000019_leftImg8bit.png,1,1485,406,1684,504
564,train/ulm/ulm_000056_000019_leftImg8bit.png,1,1792,420,2013,498
565,train/ulm/ulm_000048_000019_leftImg8bit.png,2,1477,0,2045,743
566,train/ulm/ulm_000048_000019_leftImg8bit.png,1,1037,381,1110,483
567,train/ulm/ulm_000048_000019_leftImg8bit.png,1,826,433,911,505
568,train/ulm/ulm_000076_000019_leftImg8bit.png,1,1472,386,1554,465
569,train/ulm/ulm_000076_000019_leftImg8bit.png,2,890,358,974,438
570,train/ulm/ulm_000076_000019_leftImg8bit.png,1,945,399,1022,508
571,train/ulm/ulm_000076_000019_leftImg8bit.png,1,959,400,1015,522
572,train/ulm/ulm_000076_000019_leftImg8bit.png,1,1146,397,1285,506
573,train/ulm/ulm_000076_000019_leftImg8bit.png,1,964,391,1156,551
574,train/ulm/ulm_000076_000019_leftImg8bit.png,1,1251,368,1515,565
575,train/ulm/ulm_000076_000019_leftImg8bit.png,1,1426,361,2043,736
576,train/ulm/ulm_000076_000019_leftImg8bit.png,1,525,418,659,491
577,train/ulm/ulm_000076_000019_leftImg8bit.png,1,461,418,648,514
578,train/ulm/ulm_000076_000019_leftImg8bit.png,1,-2,281,568,592
