0,train/weimar/weimar_000020_000019_leftImg8bit.png,1,1121,348,1313,418
1,train/weimar/weimar_000020_000019_leftImg8bit.png,1,1830,343,2048,480
2,train/weimar/weimar_000020_000019_leftImg8bit.png,1,1779,411,2048,701
3,train/weimar/weimar_000020_000019_leftImg8bit.png,1,369,371,431,433
4,train/weimar/weimar_000020_000019_leftImg8bit.png,1,394,372,500,442
5,train/weimar/weimar_000020_000019_leftImg8bit.png,0,677,331,739,538
6,train/weimar/weimar_000020_000019_leftImg8bit.png,0,575,355,627,533
7,train/weimar/weimar_000133_000019_leftImg8bit.png,1,1117,434,1197,501
8,train/weimar/weimar_000133_000019_leftImg8bit.png,1,1164,427,1281,532
9,train/weimar/weimar_000133_000019_leftImg8bit.png,4,0,576,51,827
10,train/weimar/weimar_000133_000019_leftImg8bit.png,0,433,404,509,565
11,train/weimar/weimar_000133_000019_leftImg8bit.png,4,448,492,557,677
12,train/weimar/weimar_000133_000019_leftImg8bit.png,1,1234,426,1360,570
13,train/weimar/weimar_000133_000019_leftImg8bit.png,1,1233,429,1521,635
14,train/weimar/weimar_000133_000019_leftImg8bit.png,1,1611,375,2047,1023
15,train/weimar/weimar_000075_000019_leftImg8bit.png,1,992,422,1069,485
16,train/weimar/weimar_000075_000019_leftImg8bit.png,1,1107,410,1197,483
17,train/weimar/weimar_000075_000019_leftImg8bit.png,1,996,428,1100,505
18,train/weimar/weimar_000075_000019_leftImg8bit.png,0,1478,375,1532,534
19,train/weimar/weimar_000075_000019_leftImg8bit.png,0,1541,364,1604,527
20,train/weimar/weimar_000075_000019_leftImg8bit.png,4,0,491,69,643
21,train/weimar/weimar_000075_000019_leftImg8bit.png,3,807,355,972,501
22,train/weimar/weimar_000029_000019_leftImg8bit.png,1,1333,433,1397,493
23,train/weimar/weimar_000029_000019_leftImg8bit.png,1,1280,431,1352,504
24,train/weimar/weimar_000029_000019_leftImg8bit.png,1,1203,425,1299,514
25,train/weimar/weimar_000029_000019_leftImg8bit.png,1,1110,429,1266,532
26,train/weimar/weimar_000029_000019_leftImg8bit.png,1,1554,427,1659,515
27,train/weimar/weimar_000096_000019_leftImg8bit.png,0,52,346,167,726
28,train/weimar/weimar_000096_000019_leftImg8bit.png,0,0,350,97,748
29,train/weimar/weimar_000096_000019_leftImg8bit.png,1,1600,473,1652,528
30,train/weimar/weimar_000096_000019_leftImg8bit.png,1,1622,483,1692,540
31,train/weimar/weimar_000096_000019_leftImg8bit.png,0,1916,386,1985,614
32,train/weimar/weimar_000096_000019_leftImg8bit.png,0,1804,380,1894,620
33,train/weimar/weimar_000096_000019_leftImg8bit.png,0,1718,410,1789,607
34,train/weimar/weimar_000096_000019_leftImg8bit.png,0,1529,426,1591,629
35,train/weimar/weimar_000096_000019_leftImg8bit.png,0,1642,406,1709,610
36,train/weimar/weimar_000018_000019_leftImg8bit.png,0,650,335,776,718
37,train/weimar/weimar_000018_000019_leftImg8bit.png,0,494,293,649,750
38,train/weimar/weimar_000018_000019_leftImg8bit.png,0,1451,345,1578,719
39,train/weimar/weimar_000076_000019_leftImg8bit.png,0,572,325,730,685
40,train/weimar/weimar_000048_000019_leftImg8bit.png,2,1166,373,1223,429
41,train/weimar/weimar_000048_000019_leftImg8bit.png,1,1158,409,1223,477
42,train/weimar/weimar_000048_000019_leftImg8bit.png,1,1174,408,1244,485
43,train/weimar/weimar_000048_000019_leftImg8bit.png,1,1179,409,1295,494
44,train/weimar/weimar_000048_000019_leftImg8bit.png,5,1215,408,1282,507
45,train/weimar/weimar_000048_000019_leftImg8bit.png,1,913,412,990,478
46,train/weimar/weimar_000002_000019_leftImg8bit.png,1,461,312,692,411
47,train/weimar/weimar_000002_000019_leftImg8bit.png,4,1693,390,1930,534
48,train/weimar/weimar_000002_000019_leftImg8bit.png,0,1491,342,1573,515
49,train/weimar/weimar_000002_000019_leftImg8bit.png,0,1398,329,1466,518
50,train/weimar/weimar_000002_000019_leftImg8bit.png,1,1104,345,1220,445
51,train/weimar/weimar_000002_000019_leftImg8bit.png,1,1106,350,1257,472
52,train/weimar/weimar_000030_000019_leftImg8bit.png,1,902,436,958,533
53,train/weimar/weimar_000030_000019_leftImg8bit.png,1,816,422,932,570
54,train/weimar/weimar_000030_000019_leftImg8bit.png,1,719,421,865,605
55,train/weimar/weimar_000030_000019_leftImg8bit.png,1,498,406,810,672
56,train/weimar/weimar_000030_000019_leftImg8bit.png,1,0,252,569,809
57,train/weimar/weimar_000030_000019_leftImg8bit.png,1,1304,411,1510,578
58,train/weimar/weimar_000030_000019_leftImg8bit.png,1,1353,430,1521,610
59,train/weimar/weimar_000030_000019_leftImg8bit.png,1,1421,408,1845,688
60,train/weimar/weimar_000073_000019_leftImg8bit.png,0,305,330,405,592
61,train/weimar/weimar_000073_000019_leftImg8bit.png,1,1095,432,1246,533
62,train/weimar/weimar_000073_000019_leftImg8bit.png,4,1708,481,1879,750
63,train/weimar/weimar_000055_000019_leftImg8bit.png,0,112,383,176,567
64,train/weimar/weimar_000055_000019_leftImg8bit.png,0,16,383,92,565
65,train/weimar/weimar_000071_000019_leftImg8bit.png,1,726,408,868,511
66,train/weimar/weimar_000071_000019_leftImg8bit.png,1,447,394,633,540
67,train/weimar/weimar_000071_000019_leftImg8bit.png,1,38,361,484,643
68,train/weimar/weimar_000045_000019_leftImg8bit.png,1,845,411,938,497
69,train/weimar/weimar_000045_000019_leftImg8bit.png,0,849,410,901,506
70,train/weimar/weimar_000045_000019_leftImg8bit.png,0,831,414,887,512
71,train/weimar/weimar_000045_000019_leftImg8bit.png,0,1972,216,2048,730
72,train/weimar/weimar_000053_000019_leftImg8bit.png,1,1130,386,1277,491
73,train/weimar/weimar_000053_000019_leftImg8bit.png,1,1130,395,1339,572
74,train/weimar/weimar_000053_000019_leftImg8bit.png,1,238,440,615,692
75,train/weimar/weimar_000098_000019_leftImg8bit.png,0,205,339,302,532
76,train/weimar/weimar_000098_000019_leftImg8bit.png,0,284,337,392,527
77,train/weimar/weimar_000098_000019_leftImg8bit.png,1,427,368,589,427
78,train/weimar/weimar_000098_000019_leftImg8bit.png,0,768,325,835,523
79,train/weimar/weimar_000098_000019_leftImg8bit.png,0,710,290,834,531
80,train/weimar/weimar_000098_000019_leftImg8bit.png,1,881,337,993,422
81,train/weimar/weimar_000098_000019_leftImg8bit.png,0,846,323,903,463
82,train/weimar/weimar_000098_000019_leftImg8bit.png,0,1034,296,1087,464
83,train/weimar/weimar_000098_000019_leftImg8bit.png,0,1069,308,1169,529
84,train/weimar/weimar_000098_000019_leftImg8bit.png,0,1325,308,1435,512
85,train/weimar/weimar_000098_000019_leftImg8bit.png,0,1359,286,1482,520
86,train/weimar/weimar_000098_000019_leftImg8bit.png,0,1294,293,1423,536
87,train/weimar/weimar_000098_000019_leftImg8bit.png,0,1514,268,1662,687
88,train/weimar/weimar_000077_000019_leftImg8bit.png,1,812,416,960,521
89,train/weimar/weimar_000077_000019_leftImg8bit.png,1,1685,317,1848,428
90,train/weimar/weimar_000042_000019_leftImg8bit.png,0,129,427,218,693
91,train/weimar/weimar_000042_000019_leftImg8bit.png,4,326,532,434,687
92,train/weimar/weimar_000042_000019_leftImg8bit.png,1,1682,458,1767,549
93,train/weimar/weimar_000042_000019_leftImg8bit.png,1,1383,487,1456,547
94,train/weimar/weimar_000042_000019_leftImg8bit.png,1,1473,489,1565,548
95,train/weimar/weimar_000042_000019_leftImg8bit.png,1,1575,470,1674,547
96,train/weimar/weimar_000042_000019_leftImg8bit.png,1,1405,492,1488,560
97,train/weimar/weimar_000042_000019_leftImg8bit.png,1,1518,495,1584,550
98,train/weimar/weimar_000042_000019_leftImg8bit.png,1,1610,496,1701,558
99,train/weimar/weimar_000042_000019_leftImg8bit.png,0,1489,491,1542,570
100,train/weimar/weimar_000042_000019_leftImg8bit.png,1,981,489,1039,547
101,train/weimar/weimar_000042_000019_leftImg8bit.png,4,942,514,1011,574
102,train/weimar/weimar_000042_000019_leftImg8bit.png,4,101,526,305,757
103,train/weimar/weimar_000031_000019_leftImg8bit.png,0,722,352,808,586
104,train/weimar/weimar_000031_000019_leftImg8bit.png,0,556,361,645,601
105,train/weimar/weimar_000031_000019_leftImg8bit.png,0,1382,309,1468,568
106,train/weimar/weimar_000031_000019_leftImg8bit.png,0,1444,285,1569,603
107,train/weimar/weimar_000017_000019_leftImg8bit.png,0,1096,354,1169,518
108,train/weimar/weimar_000017_000019_leftImg8bit.png,5,760,409,989,710
109,train/weimar/weimar_000017_000019_leftImg8bit.png,1,1848,353,2048,611
110,train/weimar/weimar_000017_000019_leftImg8bit.png,1,1354,413,1510,511
111,train/weimar/weimar_000082_000019_leftImg8bit.png,1,374,385,608,493
112,train/weimar/weimar_000082_000019_leftImg8bit.png,1,566,475,630,531
113,train/weimar/weimar_000082_000019_leftImg8bit.png,1,468,429,589,497
114,train/weimar/weimar_000082_000019_leftImg8bit.png,1,146,420,600,562
115,train/weimar/weimar_000082_000019_leftImg8bit.png,1,95,420,522,585
116,train/weimar/weimar_000082_000019_leftImg8bit.png,1,1086,468,1210,527
117,train/weimar/weimar_000082_000019_leftImg8bit.png,1,1112,469,1205,530
118,train/weimar/weimar_000082_000019_leftImg8bit.png,1,1138,466,1305,531
119,train/weimar/weimar_000082_000019_leftImg8bit.png,0,1478,376,1546,591
120,train/weimar/weimar_000081_000019_leftImg8bit.png,0,588,385,654,568
121,train/weimar/weimar_000081_000019_leftImg8bit.png,0,1448,365,1514,547
122,train/weimar/weimar_000081_000019_leftImg8bit.png,1,1567,346,1872,508
123,train/weimar/weimar_000081_000019_leftImg8bit.png,1,1590,377,1955,557
124,train/weimar/weimar_000108_000019_leftImg8bit.png,0,751,394,804,526
125,train/weimar/weimar_000108_000019_leftImg8bit.png,1,1006,420,1093,486
126,train/weimar/weimar_000119_000019_leftImg8bit.png,1,734,444,991,658
127,train/weimar/weimar_000119_000019_leftImg8bit.png,1,999,494,1107,584
128,train/weimar/weimar_000062_000019_leftImg8bit.png,1,928,414,1005,499
129,train/weimar/weimar_000062_000019_leftImg8bit.png,1,926,424,990,513
130,train/weimar/weimar_000062_000019_leftImg8bit.png,1,760,386,960,542
131,train/weimar/weimar_000062_000019_leftImg8bit.png,1,705,419,901,573
132,train/weimar/weimar_000062_000019_leftImg8bit.png,5,386,438,595,657
133,train/weimar/weimar_000062_000019_leftImg8bit.png,1,1157,400,1232,475
134,train/weimar/weimar_000062_000019_leftImg8bit.png,1,1174,408,1256,490
135,train/weimar/weimar_000062_000019_leftImg8bit.png,1,1216,399,1331,513
136,train/weimar/weimar_000062_000019_leftImg8bit.png,1,1250,416,1345,523
137,train/weimar/weimar_000062_000019_leftImg8bit.png,1,1253,420,1376,552
138,train/weimar/weimar_000062_000019_leftImg8bit.png,1,1311,411,1535,589
139,train/weimar/weimar_000062_000019_leftImg8bit.png,1,1444,305,1983,745
140,train/weimar/weimar_000011_000019_leftImg8bit.png,3,513,262,609,345
141,train/weimar/weimar_000011_000019_leftImg8bit.png,3,387,279,445,349
142,train/weimar/weimar_000011_000019_leftImg8bit.png,3,426,269,518,349
143,train/weimar/weimar_000011_000019_leftImg8bit.png,3,614,285,803,405
144,train/weimar/weimar_000011_000019_leftImg8bit.png,1,0,327,91,486
145,train/weimar/weimar_000095_000019_leftImg8bit.png,0,229,370,290,543
146,train/weimar/weimar_000095_000019_leftImg8bit.png,1,1831,430,2048,518
147,train/weimar/weimar_000095_000019_leftImg8bit.png,0,1852,411,1906,546
148,train/weimar/weimar_000095_000019_leftImg8bit.png,0,1908,410,1966,545
149,train/weimar/weimar_000095_000019_leftImg8bit.png,0,1963,394,2031,551
150,train/weimar/weimar_000141_000019_leftImg8bit.png,1,511,413,835,635
151,train/weimar/weimar_000141_000019_leftImg8bit.png,1,875,423,997,513
152,train/weimar/weimar_000141_000019_leftImg8bit.png,1,1262,406,1365,529
153,train/weimar/weimar_000141_000019_leftImg8bit.png,1,1324,353,1617,622
154,train/weimar/weimar_000141_000019_leftImg8bit.png,1,1439,365,1948,738
155,train/weimar/weimar_000141_000019_leftImg8bit.png,1,1782,342,2047,963
156,train/weimar/weimar_000050_000019_leftImg8bit.png,4,1155,426,1316,533
157,train/weimar/weimar_000050_000019_leftImg8bit.png,4,1314,458,1385,530
158,train/weimar/weimar_000050_000019_leftImg8bit.png,4,1200,453,1326,537
159,train/weimar/weimar_000050_000019_leftImg8bit.png,4,1391,435,1457,545
160,train/weimar/weimar_000050_000019_leftImg8bit.png,0,970,389,1050,526
161,train/weimar/weimar_000100_000019_leftImg8bit.png,4,524,471,578,556
162,train/weimar/weimar_000114_000019_leftImg8bit.png,1,550,407,615,464
163,train/weimar/weimar_000114_000019_leftImg8bit.png,3,661,373,884,455
164,train/weimar/weimar_000114_000019_leftImg8bit.png,1,914,399,983,459
165,train/weimar/weimar_000114_000019_leftImg8bit.png,1,851,410,920,467
166,train/weimar/weimar_000049_000019_leftImg8bit.png,1,196,408,489,525
167,train/weimar/weimar_000049_000019_leftImg8bit.png,1,19,418,408,538
168,train/weimar/weimar_000049_000019_leftImg8bit.png,1,0,456,126,578
169,train/weimar/weimar_000049_000019_leftImg8bit.png,4,1211,437,1273,535
170,train/weimar/weimar_000049_000019_leftImg8bit.png,0,1990,393,2048,643
171,train/weimar/weimar_000049_000019_leftImg8bit.png,0,1925,359,2020,643
172,train/weimar/weimar_000049_000019_leftImg8bit.png,0,1894,368,1996,652
173,train/weimar/weimar_000049_000019_leftImg8bit.png,1,626,414,793,543
174,train/weimar/weimar_000126_000019_leftImg8bit.png,1,931,453,1114,605
175,train/weimar/weimar_000052_000019_leftImg8bit.png,1,855,410,920,470
176,train/weimar/weimar_000052_000019_leftImg8bit.png,1,798,430,879,491
177,train/weimar/weimar_000052_000019_leftImg8bit.png,1,741,432,823,512
178,train/weimar/weimar_000052_000019_leftImg8bit.png,1,681,428,776,530
179,train/weimar/weimar_000052_000019_leftImg8bit.png,1,554,423,719,569
180,train/weimar/weimar_000052_000019_leftImg8bit.png,4,566,477,640,577
181,train/weimar/weimar_000089_000019_leftImg8bit.png,0,696,342,812,592
182,train/weimar/weimar_000089_000019_leftImg8bit.png,0,791,306,873,596
183,train/weimar/weimar_000089_000019_leftImg8bit.png,1,920,382,1044,475
184,train/weimar/weimar_000089_000019_leftImg8bit.png,1,1040,406,1171,504
185,train/weimar/weimar_000089_000019_leftImg8bit.png,4,1195,427,1271,480
186,train/weimar/weimar_000089_000019_leftImg8bit.png,0,1395,383,1460,565
187,train/weimar/weimar_000089_000019_leftImg8bit.png,0,1459,372,1521,563
188,train/weimar/weimar_000132_000019_leftImg8bit.png,1,995,438,1109,528
189,train/weimar/weimar_000132_000019_leftImg8bit.png,1,1424,389,1636,606
190,train/weimar/weimar_000132_000019_leftImg8bit.png,1,1610,407,2048,804
191,train/weimar/weimar_000132_000019_leftImg8bit.png,0,542,391,611,473
192,train/weimar/weimar_000132_000019_leftImg8bit.png,0,555,404,609,562
193,train/weimar/weimar_000132_000019_leftImg8bit.png,1,0,396,254,947
194,train/weimar/weimar_000132_000019_leftImg8bit.png,1,894,432,1020,575
195,train/weimar/weimar_000132_000019_leftImg8bit.png,1,678,416,952,635
196,train/weimar/weimar_000059_000019_leftImg8bit.png,1,908,420,975,509
197,train/weimar/weimar_000059_000019_leftImg8bit.png,1,843,417,951,522
198,train/weimar/weimar_000059_000019_leftImg8bit.png,1,692,411,900,579
199,train/weimar/weimar_000059_000019_leftImg8bit.png,1,1110,408,1177,483
200,train/weimar/weimar_000059_000019_leftImg8bit.png,1,1122,422,1182,490
201,train/weimar/weimar_000059_000019_leftImg8bit.png,1,1137,409,1245,508
202,train/weimar/weimar_000059_000019_leftImg8bit.png,1,1209,374,1438,559
203,train/weimar/weimar_000059_000019_leftImg8bit.png,1,1262,415,1564,602
204,train/weimar/weimar_000094_000019_leftImg8bit.png,1,0,343,539,751
205,train/weimar/weimar_000094_000019_leftImg8bit.png,0,1144,363,1333,766
206,train/weimar/weimar_000094_000019_leftImg8bit.png,1,1849,487,2048,680
207,train/weimar/weimar_000094_000019_leftImg8bit.png,0,1971,444,2048,704
208,train/weimar/weimar_000014_000019_leftImg8bit.png,1,1785,341,1916,396
209,train/weimar/weimar_000014_000019_leftImg8bit.png,1,1962,432,2041,536
210,train/weimar/weimar_000014_000019_leftImg8bit.png,1,1582,425,1906,543
211,train/weimar/weimar_000014_000019_leftImg8bit.png,1,595,358,754,418
212,train/weimar/weimar_000014_000019_leftImg8bit.png,1,818,358,992,416
213,train/weimar/weimar_000014_000019_leftImg8bit.png,1,1018,355,1140,411
214,train/weimar/weimar_000014_000019_leftImg8bit.png,1,1173,352,1333,403
215,train/weimar/weimar_000014_000019_leftImg8bit.png,1,1570,344,1721,401
216,train/weimar/weimar_000014_000019_leftImg8bit.png,1,1076,390,1456,545
217,train/weimar/weimar_000014_000019_leftImg8bit.png,1,29,362,200,419
218,train/weimar/weimar_000014_000019_leftImg8bit.png,1,0,405,108,489
219,train/weimar/weimar_000014_000019_leftImg8bit.png,1,63,403,242,497
220,train/weimar/weimar_000014_000019_leftImg8bit.png,1,214,411,452,511
221,train/weimar/weimar_000014_000019_leftImg8bit.png,1,425,417,664,526
222,train/weimar/weimar_000027_000019_leftImg8bit.png,1,1270,396,1344,534
223,train/weimar/weimar_000027_000019_leftImg8bit.png,1,1262,381,1474,553
224,train/weimar/weimar_000027_000019_leftImg8bit.png,1,1014,400,1157,469
225,train/weimar/weimar_000027_000019_leftImg8bit.png,0,1696,286,1818,421
226,train/weimar/weimar_000027_000019_leftImg8bit.png,1,1418,362,1887,674
227,train/weimar/weimar_000027_000019_leftImg8bit.png,0,690,371,742,535
228,train/weimar/weimar_000027_000019_leftImg8bit.png,0,762,360,816,539
229,train/weimar/weimar_000083_000019_leftImg8bit.png,1,0,296,149,702
230,train/weimar/weimar_000083_000019_leftImg8bit.png,1,1317,431,1587,551
231,train/weimar/weimar_000083_000019_leftImg8bit.png,1,1390,434,1609,569
232,train/weimar/weimar_000083_000019_leftImg8bit.png,1,1458,422,1826,577
233,train/weimar/weimar_000083_000019_leftImg8bit.png,1,1955,449,2048,529
234,train/weimar/weimar_000127_000019_leftImg8bit.png,3,1090,343,1291,498
235,train/weimar/weimar_000127_000019_leftImg8bit.png,1,1749,406,2048,886
236,train/weimar/weimar_000104_000019_leftImg8bit.png,1,0,418,79,505
237,train/weimar/weimar_000104_000019_leftImg8bit.png,5,525,436,613,532
238,train/weimar/weimar_000104_000019_leftImg8bit.png,1,1016,414,1123,475
239,train/weimar/weimar_000104_000019_leftImg8bit.png,1,1045,412,1206,475
240,train/weimar/weimar_000104_000019_leftImg8bit.png,1,1165,404,1326,478
241,train/weimar/weimar_000104_000019_leftImg8bit.png,1,1287,406,1454,479
242,train/weimar/weimar_000104_000019_leftImg8bit.png,1,1482,406,1640,479
243,train/weimar/weimar_000104_000019_leftImg8bit.png,1,854,408,1027,521
244,train/weimar/weimar_000091_000019_leftImg8bit.png,0,318,351,449,674
245,train/weimar/weimar_000091_000019_leftImg8bit.png,0,478,329,615,663
246,train/weimar/weimar_000091_000019_leftImg8bit.png,1,1042,387,1292,594
247,train/weimar/weimar_000091_000019_leftImg8bit.png,1,1717,360,1981,424
248,train/weimar/weimar_000091_000019_leftImg8bit.png,1,1798,364,1982,415
249,train/weimar/weimar_000091_000019_leftImg8bit.png,1,1650,363,1992,464
250,train/weimar/weimar_000091_000019_leftImg8bit.png,1,1534,368,1949,498
251,train/weimar/weimar_000091_000019_leftImg8bit.png,1,1421,421,1892,515
252,train/weimar/weimar_000091_000019_leftImg8bit.png,1,1449,376,1863,562
253,train/weimar/weimar_000058_000019_leftImg8bit.png,4,1261,414,1315,528
254,train/weimar/weimar_000058_000019_leftImg8bit.png,4,1302,415,1392,533
255,train/weimar/weimar_000058_000019_leftImg8bit.png,1,1100,403,1211,486
256,train/weimar/weimar_000058_000019_leftImg8bit.png,1,1001,403,1081,465
257,train/weimar/weimar_000058_000019_leftImg8bit.png,1,895,408,962,464
258,train/weimar/weimar_000058_000019_leftImg8bit.png,1,775,354,912,486
259,train/weimar/weimar_000058_000019_leftImg8bit.png,1,679,411,783,479
260,train/weimar/weimar_000058_000019_leftImg8bit.png,1,539,395,689,513
261,train/weimar/weimar_000058_000019_leftImg8bit.png,1,667,408,830,535
262,train/weimar/weimar_000058_000019_leftImg8bit.png,1,0,404,232,644
263,train/weimar/weimar_000079_000019_leftImg8bit.png,1,1472,458,1537,512
264,train/weimar/weimar_000079_000019_leftImg8bit.png,1,1337,447,1445,514
265,train/weimar/weimar_000079_000019_leftImg8bit.png,1,1177,441,1307,518
266,train/weimar/weimar_000079_000019_leftImg8bit.png,1,1069,442,1194,521
267,train/weimar/weimar_000079_000019_leftImg8bit.png,1,988,432,1132,527
268,train/weimar/weimar_000079_000019_leftImg8bit.png,1,391,393,750,650
269,train/weimar/weimar_000035_000019_leftImg8bit.png,4,919,493,978,551
270,train/weimar/weimar_000035_000019_leftImg8bit.png,4,807,482,892,548
271,train/weimar/weimar_000035_000019_leftImg8bit.png,0,320,362,396,564
272,train/weimar/weimar_000035_000019_leftImg8bit.png,0,422,383,494,522
273,train/weimar/weimar_000035_000019_leftImg8bit.png,0,355,418,423,592
274,train/weimar/weimar_000035_000019_leftImg8bit.png,0,410,398,500,588
275,train/weimar/weimar_000035_000019_leftImg8bit.png,0,183,371,279,595
276,train/weimar/weimar_000035_000019_leftImg8bit.png,0,0,329,51,705
277,train/weimar/weimar_000107_000019_leftImg8bit.png,0,163,378,224,507
278,train/weimar/weimar_000107_000019_leftImg8bit.png,1,429,375,554,498
279,train/weimar/weimar_000107_000019_leftImg8bit.png,1,600,380,718,493
280,train/weimar/weimar_000000_000019_leftImg8bit.png,1,0,290,622,835
281,train/weimar/weimar_000000_000019_leftImg8bit.png,0,1163,358,1221,458
282,train/weimar/weimar_000000_000019_leftImg8bit.png,1,703,370,816,469
283,train/weimar/weimar_000038_000019_leftImg8bit.png,3,958,326,1118,506
284,train/weimar/weimar_000038_000019_leftImg8bit.png,0,1602,389,1655,454
285,train/weimar/weimar_000038_000019_leftImg8bit.png,0,1657,378,1745,533
286,train/weimar/weimar_000038_000019_leftImg8bit.png,0,1731,391,1812,605
287,train/weimar/weimar_000038_000019_leftImg8bit.png,1,1223,420,1427,578
288,train/weimar/weimar_000038_000019_leftImg8bit.png,1,1351,405,1744,692
289,train/weimar/weimar_000056_000019_leftImg8bit.png,1,558,378,795,574
290,train/weimar/weimar_000056_000019_leftImg8bit.png,0,845,370,974,596
291,train/weimar/weimar_000139_000019_leftImg8bit.png,1,916,375,979,446
292,train/weimar/weimar_000139_000019_leftImg8bit.png,1,435,411,679,583
293,train/weimar/weimar_000139_000019_leftImg8bit.png,1,0,403,296,770
294,train/weimar/weimar_000106_000019_leftImg8bit.png,1,643,410,736,498
295,train/weimar/weimar_000106_000019_leftImg8bit.png,1,1961,549,2048,939
296,train/weimar/weimar_000034_000019_leftImg8bit.png,1,450,428,510,481
297,train/weimar/weimar_000034_000019_leftImg8bit.png,1,512,438,578,495
298,train/weimar/weimar_000034_000019_leftImg8bit.png,1,556,434,641,503
299,train/weimar/weimar_000034_000019_leftImg8bit.png,1,602,433,695,508
300,train/weimar/weimar_000034_000019_leftImg8bit.png,1,656,434,744,518
301,train/weimar/weimar_000034_000019_leftImg8bit.png,1,700,427,800,529
302,train/weimar/weimar_000034_000019_leftImg8bit.png,1,740,428,887,540
303,train/weimar/weimar_000034_000019_leftImg8bit.png,1,844,432,933,566
304,train/weimar/weimar_000034_000019_leftImg8bit.png,1,861,413,1128,605
305,train/weimar/weimar_000034_000019_leftImg8bit.png,1,307,424,464,587
306,train/weimar/weimar_000034_000019_leftImg8bit.png,1,132,431,433,643
307,train/weimar/weimar_000034_000019_leftImg8bit.png,0,1220,394,1273,573
308,train/weimar/weimar_000034_000019_leftImg8bit.png,0,1586,348,1682,607
309,train/weimar/weimar_000034_000019_leftImg8bit.png,0,1466,327,1617,643
310,train/weimar/weimar_000037_000019_leftImg8bit.png,1,1157,432,1231,524
311,train/weimar/weimar_000037_000019_leftImg8bit.png,1,1188,429,1355,559
312,train/weimar/weimar_000037_000019_leftImg8bit.png,0,1417,401,1488,545
313,train/weimar/weimar_000037_000019_leftImg8bit.png,0,1484,406,1549,545
314,train/weimar/weimar_000037_000019_leftImg8bit.png,0,1550,395,1612,583
315,train/weimar/weimar_000037_000019_leftImg8bit.png,0,1616,381,1698,577
316,train/weimar/weimar_000023_000019_leftImg8bit.png,1,1717,374,2048,971
317,train/weimar/weimar_000023_000019_leftImg8bit.png,1,975,414,1149,543
318,train/weimar/weimar_000023_000019_leftImg8bit.png,1,1079,404,1239,565
319,train/weimar/weimar_000023_000019_leftImg8bit.png,1,1168,366,1542,609
320,train/weimar/weimar_000023_000019_leftImg8bit.png,1,0,330,242,707
321,train/weimar/weimar_000023_000019_leftImg8bit.png,1,730,386,880,445
322,train/weimar/weimar_000021_000019_leftImg8bit.png,1,690,368,1314,637
323,train/weimar/weimar_000021_000019_leftImg8bit.png,1,1755,347,2023,498
324,train/weimar/weimar_000116_000019_leftImg8bit.png,2,1036,365,1121,416
325,train/weimar/weimar_000116_000019_leftImg8bit.png,1,227,424,597,578
326,train/weimar/weimar_000116_000019_leftImg8bit.png,0,1376,383,1429,510
327,train/weimar/weimar_000041_000019_leftImg8bit.png,0,1029,400,1094,589
328,train/weimar/weimar_000041_000019_leftImg8bit.png,0,1091,407,1158,588
329,train/weimar/weimar_000041_000019_leftImg8bit.png,0,1158,400,1238,588
330,train/weimar/weimar_000041_000019_leftImg8bit.png,0,1216,407,1281,596
331,train/weimar/weimar_000041_000019_leftImg8bit.png,0,691,396,778,544
332,train/weimar/weimar_000084_000019_leftImg8bit.png,1,1072,416,1153,524
333,train/weimar/weimar_000084_000019_leftImg8bit.png,0,1261,416,1316,533
334,train/weimar/weimar_000084_000019_leftImg8bit.png,1,1430,422,1672,571
335,train/weimar/weimar_000084_000019_leftImg8bit.png,0,60,369,146,558
336,train/weimar/weimar_000084_000019_leftImg8bit.png,1,138,378,778,823
337,train/weimar/weimar_000084_000019_leftImg8bit.png,1,0,374,204,1024
338,train/weimar/weimar_000084_000019_leftImg8bit.png,1,1821,504,2048,1012
339,train/weimar/weimar_000044_000019_leftImg8bit.png,4,1690,410,1789,532
340,train/weimar/weimar_000093_000019_leftImg8bit.png,1,344,409,591,571
341,train/weimar/weimar_000093_000019_leftImg8bit.png,0,508,401,583,564
342,train/weimar/weimar_000093_000019_leftImg8bit.png,1,952,433,1246,587
343,train/weimar/weimar_000093_000019_leftImg8bit.png,1,1162,403,1579,608
344,train/weimar/weimar_000093_000019_leftImg8bit.png,1,1520,391,1969,651
345,train/weimar/weimar_000093_000019_leftImg8bit.png,1,1799,404,2048,685
346,train/weimar/weimar_000001_000019_leftImg8bit.png,1,44,429,320,600
347,train/weimar/weimar_000001_000019_leftImg8bit.png,1,0,458,155,661
348,train/weimar/weimar_000001_000019_leftImg8bit.png,1,1175,404,1237,470
349,train/weimar/weimar_000001_000019_leftImg8bit.png,1,1211,311,1381,507
350,train/weimar/weimar_000001_000019_leftImg8bit.png,1,1278,406,1380,530
351,train/weimar/weimar_000001_000019_leftImg8bit.png,1,1306,403,1543,566
352,train/weimar/weimar_000088_000019_leftImg8bit.png,0,1626,319,1707,578
353,train/weimar/weimar_000088_000019_leftImg8bit.png,1,1110,409,1187,461
354,train/weimar/weimar_000088_000019_leftImg8bit.png,1,1146,410,1198,474
355,train/weimar/weimar_000088_000019_leftImg8bit.png,1,1166,340,1289,485
356,train/weimar/weimar_000088_000019_leftImg8bit.png,1,1177,397,1312,496
357,train/weimar/weimar_000088_000019_leftImg8bit.png,1,1035,401,1128,475
358,train/weimar/weimar_000088_000019_leftImg8bit.png,1,1324,393,1629,620
359,train/weimar/weimar_000105_000019_leftImg8bit.png,0,1237,367,1325,673
360,train/weimar/weimar_000105_000019_leftImg8bit.png,1,47,415,149,487
361,train/weimar/weimar_000105_000019_leftImg8bit.png,1,402,428,527,513
362,train/weimar/weimar_000105_000019_leftImg8bit.png,1,649,427,774,492
363,train/weimar/weimar_000105_000019_leftImg8bit.png,4,658,465,744,578
364,train/weimar/weimar_000080_000019_leftImg8bit.png,1,899,431,1028,483
365,train/weimar/weimar_000080_000019_leftImg8bit.png,0,606,412,673,562
366,train/weimar/weimar_000080_000019_leftImg8bit.png,0,484,396,541,554
367,train/weimar/weimar_000080_000019_leftImg8bit.png,0,281,381,372,601
368,train/weimar/weimar_000080_000019_leftImg8bit.png,1,1060,426,1141,521
369,train/weimar/weimar_000080_000019_leftImg8bit.png,1,1060,434,1134,530
370,train/weimar/weimar_000080_000019_leftImg8bit.png,1,1091,427,1198,555
371,train/weimar/weimar_000080_000019_leftImg8bit.png,1,1131,425,1366,578
372,train/weimar/weimar_000080_000019_leftImg8bit.png,1,1287,406,1744,705
373,train/weimar/weimar_000080_000019_leftImg8bit.png,1,1665,396,2048,995
374,train/weimar/weimar_000128_000019_leftImg8bit.png,1,904,402,988,465
375,train/weimar/weimar_000128_000019_leftImg8bit.png,0,496,337,556,526
376,train/weimar/weimar_000128_000019_leftImg8bit.png,0,431,345,490,520
377,train/weimar/weimar_000128_000019_leftImg8bit.png,1,1223,412,1324,492
378,train/weimar/weimar_000128_000019_leftImg8bit.png,1,1597,388,1734,520
379,train/weimar/weimar_000128_000019_leftImg8bit.png,1,1665,237,2048,954
380,train/weimar/weimar_000057_000019_leftImg8bit.png,0,215,433,276,554
381,train/weimar/weimar_000057_000019_leftImg8bit.png,0,295,443,358,560
382,train/weimar/weimar_000057_000019_leftImg8bit.png,1,1626,397,1843,557
383,train/weimar/weimar_000057_000019_leftImg8bit.png,1,509,445,625,521
384,train/weimar/weimar_000057_000019_leftImg8bit.png,1,403,456,547,548
385,train/weimar/weimar_000057_000019_leftImg8bit.png,1,733,431,902,540
386,train/weimar/weimar_000057_000019_leftImg8bit.png,1,960,402,1140,569
387,train/weimar/weimar_000057_000019_leftImg8bit.png,1,1042,388,1384,658
388,train/weimar/weimar_000061_000019_leftImg8bit.png,1,1227,410,1381,563
389,train/weimar/weimar_000061_000019_leftImg8bit.png,1,1264,401,1455,604
390,train/weimar/weimar_000061_000019_leftImg8bit.png,1,1346,362,1794,678
391,train/weimar/weimar_000061_000019_leftImg8bit.png,1,765,374,892,507
392,train/weimar/weimar_000061_000019_leftImg8bit.png,1,681,420,825,537
393,train/weimar/weimar_000061_000019_leftImg8bit.png,1,460,384,719,613
394,train/weimar/weimar_000061_000019_leftImg8bit.png,1,64,408,575,746
395,train/weimar/weimar_000032_000019_leftImg8bit.png,0,1416,357,1505,630
396,train/weimar/weimar_000032_000019_leftImg8bit.png,0,1506,339,1625,631
397,train/weimar/weimar_000019_000019_leftImg8bit.png,0,558,329,645,617
398,train/weimar/weimar_000019_000019_leftImg8bit.png,1,1374,391,1537,493
399,train/weimar/weimar_000019_000019_leftImg8bit.png,0,1430,357,1492,542
400,train/weimar/weimar_000036_000019_leftImg8bit.png,1,1605,478,1713,533
401,train/weimar/weimar_000036_000019_leftImg8bit.png,1,1479,465,1612,531
402,train/weimar/weimar_000036_000019_leftImg8bit.png,1,288,358,671,530
403,train/weimar/weimar_000036_000019_leftImg8bit.png,1,1218,455,1371,525
404,train/weimar/weimar_000036_000019_leftImg8bit.png,1,0,351,377,665
405,train/weimar/weimar_000036_000019_leftImg8bit.png,4,1891,519,1953,578
406,train/weimar/weimar_000036_000019_leftImg8bit.png,4,1691,491,1749,565
407,train/weimar/weimar_000072_000019_leftImg8bit.png,2,954,393,1017,473
408,train/weimar/weimar_000072_000019_leftImg8bit.png,1,0,417,77,732
409,train/weimar/weimar_000072_000019_leftImg8bit.png,5,518,425,610,547
410,train/weimar/weimar_000009_000019_leftImg8bit.png,1,891,444,956,517
411,train/weimar/weimar_000009_000019_leftImg8bit.png,2,891,444,956,517
412,train/weimar/weimar_000009_000019_leftImg8bit.png,1,808,473,895,537
413,train/weimar/weimar_000009_000019_leftImg8bit.png,1,736,481,889,548
414,train/weimar/weimar_000009_000019_leftImg8bit.png,1,936,478,1010,535
415,train/weimar/weimar_000009_000019_leftImg8bit.png,1,549,450,714,592
416,train/weimar/weimar_000009_000019_leftImg8bit.png,1,329,434,607,631
417,train/weimar/weimar_000009_000019_leftImg8bit.png,1,0,449,428,712
418,train/weimar/weimar_000009_000019_leftImg8bit.png,1,1046,477,1127,541
419,train/weimar/weimar_000066_000019_leftImg8bit.png,1,807,427,861,486
420,train/weimar/weimar_000066_000019_leftImg8bit.png,1,722,422,841,520
421,train/weimar/weimar_000066_000019_leftImg8bit.png,1,1101,404,1217,496
422,train/weimar/weimar_000066_000019_leftImg8bit.png,0,909,381,967,547
423,train/weimar/weimar_000066_000019_leftImg8bit.png,0,943,381,1011,546
424,train/weimar/weimar_000066_000019_leftImg8bit.png,1,1732,360,2048,553
425,train/weimar/weimar_000066_000019_leftImg8bit.png,1,1189,391,1399,533
426,train/weimar/weimar_000026_000019_leftImg8bit.png,0,873,430,929,585
427,train/weimar/weimar_000026_000019_leftImg8bit.png,0,921,435,995,589
428,train/weimar/weimar_000026_000019_leftImg8bit.png,0,819,389,894,610
429,train/weimar/weimar_000026_000019_leftImg8bit.png,1,1596,468,1655,536
430,train/weimar/weimar_000026_000019_leftImg8bit.png,0,1638,402,1750,653
431,train/weimar/weimar_000026_000019_leftImg8bit.png,1,1410,438,1623,630
432,train/weimar/weimar_000004_000019_leftImg8bit.png,1,501,392,644,482
433,train/weimar/weimar_000004_000019_leftImg8bit.png,1,821,384,916,436
434,train/weimar/weimar_000004_000019_leftImg8bit.png,1,1070,405,1131,463
435,train/weimar/weimar_000004_000019_leftImg8bit.png,1,976,388,1129,517
436,train/weimar/weimar_000137_000019_leftImg8bit.png,1,609,428,661,526
437,train/weimar/weimar_000137_000019_leftImg8bit.png,1,509,421,642,544
438,train/weimar/weimar_000137_000019_leftImg8bit.png,1,0,259,530,797
439,train/weimar/weimar_000137_000019_leftImg8bit.png,1,0,459,178,1010
440,train/weimar/weimar_000137_000019_leftImg8bit.png,1,828,423,902,493
441,train/weimar/weimar_000137_000019_leftImg8bit.png,1,876,420,978,507
442,train/weimar/weimar_000137_000019_leftImg8bit.png,1,898,436,1012,519
443,train/weimar/weimar_000137_000019_leftImg8bit.png,1,981,430,1171,560
444,train/weimar/weimar_000065_000019_leftImg8bit.png,1,792,414,846,480
445,train/weimar/weimar_000065_000019_leftImg8bit.png,1,759,415,821,487
446,train/weimar/weimar_000065_000019_leftImg8bit.png,1,679,381,791,501
447,train/weimar/weimar_000065_000019_leftImg8bit.png,1,602,420,740,530
448,train/weimar/weimar_000065_000019_leftImg8bit.png,0,603,401,655,535
449,train/weimar/weimar_000065_000019_leftImg8bit.png,1,170,415,491,633
450,train/weimar/weimar_000065_000019_leftImg8bit.png,1,0,418,259,754
451,train/weimar/weimar_000090_000019_leftImg8bit.png,0,550,420,620,502
452,train/weimar/weimar_000090_000019_leftImg8bit.png,0,1219,395,1274,541
453,train/weimar/weimar_000090_000019_leftImg8bit.png,0,1666,415,1726,526
454,train/weimar/weimar_000090_000019_leftImg8bit.png,1,1849,426,2012,543
455,train/weimar/weimar_000040_000019_leftImg8bit.png,1,1202,389,1308,477
456,train/weimar/weimar_000040_000019_leftImg8bit.png,0,485,381,547,523
457,train/weimar/weimar_000040_000019_leftImg8bit.png,0,531,354,608,532
458,train/weimar/weimar_000040_000019_leftImg8bit.png,1,1518,397,1635,475
459,train/weimar/weimar_000040_000019_leftImg8bit.png,1,1538,404,1624,489
460,train/weimar/weimar_000040_000019_leftImg8bit.png,1,1546,409,1634,491
461,train/weimar/weimar_000040_000019_leftImg8bit.png,1,1551,439,1607,517
462,train/weimar/weimar_000040_000019_leftImg8bit.png,1,1580,372,1889,516
463,train/weimar/weimar_000040_000019_leftImg8bit.png,1,1580,408,1889,566
464,train/weimar/weimar_000040_000019_leftImg8bit.png,1,1690,398,1903,588
465,train/weimar/weimar_000040_000019_leftImg8bit.png,1,1778,353,2048,712
466,train/weimar/weimar_000121_000019_leftImg8bit.png,1,857,462,931,526
467,train/weimar/weimar_000121_000019_leftImg8bit.png,1,749,446,873,535
468,train/weimar/weimar_000121_000019_leftImg8bit.png,1,82,318,613,690
469,train/weimar/weimar_000121_000019_leftImg8bit.png,1,1095,449,1169,527
470,train/weimar/weimar_000121_000019_leftImg8bit.png,1,1114,464,1166,526
471,train/weimar/weimar_000121_000019_leftImg8bit.png,2,1160,324,1365,544
472,train/weimar/weimar_000121_000019_leftImg8bit.png,1,1238,328,1435,588
473,train/weimar/weimar_000121_000019_leftImg8bit.png,1,1306,314,1773,672
474,train/weimar/weimar_000121_000019_leftImg8bit.png,1,1444,386,2048,865
475,train/weimar/weimar_000074_000019_leftImg8bit.png,0,192,336,321,617
476,train/weimar/weimar_000074_000019_leftImg8bit.png,1,1135,410,1246,502
477,train/weimar/weimar_000074_000019_leftImg8bit.png,1,1214,423,1305,517
478,train/weimar/weimar_000074_000019_leftImg8bit.png,4,1507,441,1641,694
479,train/weimar/weimar_000074_000019_leftImg8bit.png,4,1761,476,2001,832
480,train/weimar/weimar_000008_000019_leftImg8bit.png,1,842,404,940,494
481,train/weimar/weimar_000008_000019_leftImg8bit.png,1,722,402,858,544
482,train/weimar/weimar_000008_000019_leftImg8bit.png,1,571,408,808,578
483,train/weimar/weimar_000008_000019_leftImg8bit.png,1,243,395,665,657
484,train/weimar/weimar_000008_000019_leftImg8bit.png,1,0,371,345,811
485,train/weimar/weimar_000008_000019_leftImg8bit.png,1,1124,414,1177,469
486,train/weimar/weimar_000008_000019_leftImg8bit.png,1,1150,412,1213,490
487,train/weimar/weimar_000008_000019_leftImg8bit.png,1,1176,409,1241,500
488,train/weimar/weimar_000008_000019_leftImg8bit.png,1,1207,412,1342,520
489,train/weimar/weimar_000008_000019_leftImg8bit.png,1,1288,400,1446,580
490,train/weimar/weimar_000008_000019_leftImg8bit.png,1,1341,396,1670,645
491,train/weimar/weimar_000008_000019_leftImg8bit.png,1,1527,382,2048,808
492,train/weimar/weimar_000025_000019_leftImg8bit.png,1,1106,432,1385,520
493,train/weimar/weimar_000025_000019_leftImg8bit.png,0,715,402,791,543
494,train/weimar/weimar_000025_000019_leftImg8bit.png,0,794,410,865,544
495,train/weimar/weimar_000025_000019_leftImg8bit.png,1,193,423,471,593
496,train/weimar/weimar_000025_000019_leftImg8bit.png,1,0,436,184,655
497,train/weimar/weimar_000025_000019_leftImg8bit.png,1,1453,390,1666,533
498,train/weimar/weimar_000025_000019_leftImg8bit.png,1,1550,396,1642,538
499,train/weimar/weimar_000025_000019_leftImg8bit.png,1,1590,365,1843,554
500,train/weimar/weimar_000025_000019_leftImg8bit.png,1,1692,132,2048,646
501,train/weimar/weimar_000101_000019_leftImg8bit.png,0,325,381,400,489
502,train/weimar/weimar_000101_000019_leftImg8bit.png,0,186,394,270,626
503,train/weimar/weimar_000101_000019_leftImg8bit.png,1,904,438,978,507
504,train/weimar/weimar_000101_000019_leftImg8bit.png,1,873,441,943,518
505,train/weimar/weimar_000101_000019_leftImg8bit.png,1,829,430,912,547
506,train/weimar/weimar_000101_000019_leftImg8bit.png,1,743,432,883,555
507,train/weimar/weimar_000101_000019_leftImg8bit.png,1,653,433,859,611
508,train/weimar/weimar_000101_000019_leftImg8bit.png,1,301,409,737,694
509,train/weimar/weimar_000101_000019_leftImg8bit.png,1,1021,436,1095,489
510,train/weimar/weimar_000101_000019_leftImg8bit.png,1,1168,438,1230,497
511,train/weimar/weimar_000101_000019_leftImg8bit.png,1,1202,435,1255,508
512,train/weimar/weimar_000101_000019_leftImg8bit.png,1,1213,434,1294,517
513,train/weimar/weimar_000101_000019_leftImg8bit.png,1,1259,419,1379,547
514,train/weimar/weimar_000101_000019_leftImg8bit.png,1,1303,421,1503,578
515,train/weimar/weimar_000101_000019_leftImg8bit.png,1,1418,424,1748,644
516,train/weimar/weimar_000112_000019_leftImg8bit.png,1,1336,419,1397,492
517,train/weimar/weimar_000112_000019_leftImg8bit.png,1,1348,385,1647,608
518,train/weimar/weimar_000112_000019_leftImg8bit.png,0,403,352,474,508
519,train/weimar/weimar_000069_000019_leftImg8bit.png,1,992,341,1082,394
520,train/weimar/weimar_000069_000019_leftImg8bit.png,1,916,342,1013,407
521,train/weimar/weimar_000069_000019_leftImg8bit.png,1,844,355,933,409
522,train/weimar/weimar_000069_000019_leftImg8bit.png,1,737,367,872,453
523,train/weimar/weimar_000069_000019_leftImg8bit.png,1,863,356,1002,447
524,train/weimar/weimar_000069_000019_leftImg8bit.png,1,875,355,1571,605
525,train/weimar/weimar_000115_000019_leftImg8bit.png,1,1155,380,1496,597
526,train/weimar/weimar_000115_000019_leftImg8bit.png,1,749,406,1061,647
527,train/weimar/weimar_000115_000019_leftImg8bit.png,4,353,474,452,649
528,train/weimar/weimar_000012_000019_leftImg8bit.png,1,651,421,729,490
529,train/weimar/weimar_000012_000019_leftImg8bit.png,1,802,412,867,468
530,train/weimar/weimar_000012_000019_leftImg8bit.png,1,688,412,831,515
531,train/weimar/weimar_000012_000019_leftImg8bit.png,1,1096,412,1153,463
532,train/weimar/weimar_000012_000019_leftImg8bit.png,1,988,408,1122,514
533,train/weimar/weimar_000043_000019_leftImg8bit.png,1,1456,358,1569,453
534,train/weimar/weimar_000043_000019_leftImg8bit.png,1,1322,381,1438,456
535,train/weimar/weimar_000043_000019_leftImg8bit.png,4,1299,400,1372,464
536,train/weimar/weimar_000043_000019_leftImg8bit.png,1,1158,382,1321,484
537,train/weimar/weimar_000140_000019_leftImg8bit.png,1,777,417,862,484
538,train/weimar/weimar_000102_000019_leftImg8bit.png,0,644,359,709,534
539,train/weimar/weimar_000102_000019_leftImg8bit.png,0,705,349,782,556
540,train/weimar/weimar_000102_000019_leftImg8bit.png,0,624,371,691,546
541,train/weimar/weimar_000102_000019_leftImg8bit.png,1,1127,416,1183,474
542,train/weimar/weimar_000102_000019_leftImg8bit.png,1,1153,423,1253,502
543,train/weimar/weimar_000102_000019_leftImg8bit.png,1,1240,419,1469,576
544,train/weimar/weimar_000102_000019_leftImg8bit.png,1,1486,386,2048,785
545,train/weimar/weimar_000016_000019_leftImg8bit.png,0,0,360,72,592
546,train/weimar/weimar_000016_000019_leftImg8bit.png,0,150,352,252,628
547,train/weimar/weimar_000016_000019_leftImg8bit.png,0,234,352,365,635
548,train/weimar/weimar_000016_000019_leftImg8bit.png,1,1378,418,1432,469
549,train/weimar/weimar_000016_000019_leftImg8bit.png,1,1416,396,1501,495
550,train/weimar/weimar_000122_000019_leftImg8bit.png,1,883,433,949,506
551,train/weimar/weimar_000122_000019_leftImg8bit.png,1,799,429,914,531
552,train/weimar/weimar_000122_000019_leftImg8bit.png,1,1135,404,1213,516
553,train/weimar/weimar_000122_000019_leftImg8bit.png,1,1173,397,1323,534
554,train/weimar/weimar_000122_000019_leftImg8bit.png,1,1206,429,1316,556
555,train/weimar/weimar_000122_000019_leftImg8bit.png,1,1258,424,1366,582
556,train/weimar/weimar_000122_000019_leftImg8bit.png,1,1293,402,1640,665
557,train/weimar/weimar_000110_000019_leftImg8bit.png,1,1788,372,1880,450
558,train/weimar/weimar_000110_000019_leftImg8bit.png,3,1110,265,1805,501
559,train/weimar/weimar_000007_000019_leftImg8bit.png,1,1873,388,2048,493
560,train/weimar/weimar_000007_000019_leftImg8bit.png,1,1344,410,1508,545
561,train/weimar/weimar_000007_000019_leftImg8bit.png,1,1416,409,1664,572
562,train/weimar/weimar_000007_000019_leftImg8bit.png,3,935,406,1068,556
563,train/weimar/weimar_000007_000019_leftImg8bit.png,1,1604,384,2048,662
564,train/weimar/weimar_000125_000019_leftImg8bit.png,1,1142,440,1205,500
565,train/weimar/weimar_000125_000019_leftImg8bit.png,1,1174,443,1257,510
566,train/weimar/weimar_000125_000019_leftImg8bit.png,1,1234,436,1415,574
567,train/weimar/weimar_000125_000019_leftImg8bit.png,1,1583,431,2048,904
568,train/weimar/weimar_000125_000019_leftImg8bit.png,1,935,443,995,507
569,train/weimar/weimar_000125_000019_leftImg8bit.png,1,856,428,957,525
570,train/weimar/weimar_000125_000019_leftImg8bit.png,1,858,443,944,540
571,train/weimar/weimar_000125_000019_leftImg8bit.png,1,760,445,906,565
572,train/weimar/weimar_000125_000019_leftImg8bit.png,1,520,413,813,654
573,train/weimar/weimar_000125_000019_leftImg8bit.png,1,0,467,310,956
574,train/weimar/weimar_000086_000019_leftImg8bit.png,1,814,438,914,574
575,train/weimar/weimar_000086_000019_leftImg8bit.png,1,660,428,862,604
576,train/weimar/weimar_000086_000019_leftImg8bit.png,1,426,441,746,669
577,train/weimar/weimar_000086_000019_leftImg8bit.png,1,0,395,530,837
578,train/weimar/weimar_000086_000019_leftImg8bit.png,0,1132,413,1195,535
579,train/weimar/weimar_000086_000019_leftImg8bit.png,4,1644,434,1795,727
580,train/weimar/weimar_000028_000019_leftImg8bit.png,1,876,433,951,490
581,train/weimar/weimar_000028_000019_leftImg8bit.png,1,535,390,889,556
582,train/weimar/weimar_000028_000019_leftImg8bit.png,0,902,330,1019,571
583,train/weimar/weimar_000028_000019_leftImg8bit.png,0,980,305,1095,576
584,train/weimar/weimar_000028_000019_leftImg8bit.png,0,1309,352,1375,551
585,train/weimar/weimar_000028_000019_leftImg8bit.png,0,1412,373,1463,552
586,train/weimar/weimar_000028_000019_leftImg8bit.png,0,1469,374,1542,556
587,train/weimar/weimar_000028_000019_leftImg8bit.png,0,1611,275,1763,660
588,train/weimar/weimar_000131_000019_leftImg8bit.png,1,751,406,810,468
589,train/weimar/weimar_000131_000019_leftImg8bit.png,1,717,410,803,479
590,train/weimar/weimar_000131_000019_leftImg8bit.png,1,532,393,760,564
591,train/weimar/weimar_000120_000019_leftImg8bit.png,1,869,415,948,488
592,train/weimar/weimar_000120_000019_leftImg8bit.png,1,865,422,931,498
593,train/weimar/weimar_000120_000019_leftImg8bit.png,1,765,417,910,532
594,train/weimar/weimar_000120_000019_leftImg8bit.png,1,339,405,721,681
595,train/weimar/weimar_000120_000019_leftImg8bit.png,1,0,336,398,950
596,train/weimar/weimar_000120_000019_leftImg8bit.png,1,1118,419,1197,502
597,train/weimar/weimar_000120_000019_leftImg8bit.png,1,1161,401,1283,535
598,train/weimar/weimar_000120_000019_leftImg8bit.png,1,1216,408,1423,563
599,train/weimar/weimar_000120_000019_leftImg8bit.png,1,1341,367,1748,682
600,train/weimar/weimar_000046_000019_leftImg8bit.png,1,887,436,959,505
601,train/weimar/weimar_000046_000019_leftImg8bit.png,1,757,434,897,541
602,train/weimar/weimar_000046_000019_leftImg8bit.png,1,0,402,502,819
603,train/weimar/weimar_000092_000019_leftImg8bit.png,0,383,343,445,526
604,train/weimar/weimar_000092_000019_leftImg8bit.png,0,459,347,512,529
605,train/weimar/weimar_000092_000019_leftImg8bit.png,1,725,416,876,527
606,train/weimar/weimar_000092_000019_leftImg8bit.png,1,1285,392,1447,513
607,train/weimar/weimar_000092_000019_leftImg8bit.png,1,1302,455,1400,529
608,train/weimar/weimar_000092_000019_leftImg8bit.png,1,1343,388,1539,581
609,train/weimar/weimar_000092_000019_leftImg8bit.png,1,1425,379,1985,706
610,train/weimar/weimar_000092_000019_leftImg8bit.png,1,1620,409,2048,814
611,train/weimar/weimar_000092_000019_leftImg8bit.png,1,1943,482,2048,808
612,train/weimar/weimar_000103_000019_leftImg8bit.png,4,815,444,873,553
613,train/weimar/weimar_000103_000019_leftImg8bit.png,1,1430,392,1823,685
614,train/weimar/weimar_000103_000019_leftImg8bit.png,1,1558,314,2048,891
615,train/weimar/weimar_000064_000019_leftImg8bit.png,1,585,442,769,573
616,train/weimar/weimar_000064_000019_leftImg8bit.png,1,320,446,616,634
617,train/weimar/weimar_000064_000019_leftImg8bit.png,1,0,450,467,773
618,train/weimar/weimar_000064_000019_leftImg8bit.png,0,1440,387,1514,551
619,train/weimar/weimar_000064_000019_leftImg8bit.png,0,1474,378,1557,575
620,train/weimar/weimar_000063_000019_leftImg8bit.png,0,1241,449,1336,653
621,train/weimar/weimar_000063_000019_leftImg8bit.png,1,693,509,755,568
622,train/weimar/weimar_000063_000019_leftImg8bit.png,1,630,510,707,584
623,train/weimar/weimar_000063_000019_leftImg8bit.png,1,570,511,690,599
624,train/weimar/weimar_000063_000019_leftImg8bit.png,1,438,511,559,645
625,train/weimar/weimar_000063_000019_leftImg8bit.png,1,206,497,523,740
626,train/weimar/weimar_000085_000019_leftImg8bit.png,1,302,433,433,551
627,train/weimar/weimar_000085_000019_leftImg8bit.png,1,236,447,390,574
628,train/weimar/weimar_000085_000019_leftImg8bit.png,1,160,440,329,663
629,train/weimar/weimar_000085_000019_leftImg8bit.png,1,0,388,252,817
630,train/weimar/weimar_000085_000019_leftImg8bit.png,0,1257,390,1386,747
631,train/weimar/weimar_000085_000019_leftImg8bit.png,0,1087,357,1252,797
632,train/weimar/weimar_000085_000019_leftImg8bit.png,4,1690,452,2048,903
633,train/weimar/weimar_000138_000019_leftImg8bit.png,1,1092,402,1144,457
634,train/weimar/weimar_000138_000019_leftImg8bit.png,1,1143,385,1262,484
635,train/weimar/weimar_000138_000019_leftImg8bit.png,1,857,390,927,463
636,train/weimar/weimar_000138_000019_leftImg8bit.png,1,859,404,917,478
637,train/weimar/weimar_000138_000019_leftImg8bit.png,1,809,399,890,498
638,train/weimar/weimar_000138_000019_leftImg8bit.png,1,799,400,851,512
639,train/weimar/weimar_000138_000019_leftImg8bit.png,1,740,379,832,536
640,train/weimar/weimar_000138_000019_leftImg8bit.png,1,621,380,785,566
641,train/weimar/weimar_000138_000019_leftImg8bit.png,0,323,326,397,583
642,train/weimar/weimar_000138_000019_leftImg8bit.png,1,367,383,729,641
643,train/weimar/weimar_000138_000019_leftImg8bit.png,1,0,388,222,950
644,train/weimar/weimar_000138_000019_leftImg8bit.png,1,1185,399,1276,515
645,train/weimar/weimar_000138_000019_leftImg8bit.png,1,1218,369,1378,538
646,train/weimar/weimar_000138_000019_leftImg8bit.png,1,1310,321,1699,618
647,train/weimar/weimar_000138_000019_leftImg8bit.png,1,1550,348,2047,779
648,train/weimar/weimar_000024_000019_leftImg8bit.png,1,707,407,833,481
649,train/weimar/weimar_000024_000019_leftImg8bit.png,1,649,414,716,509
650,train/weimar/weimar_000024_000019_leftImg8bit.png,1,512,386,666,523
651,train/weimar/weimar_000024_000019_leftImg8bit.png,1,385,404,570,540
652,train/weimar/weimar_000024_000019_leftImg8bit.png,1,145,399,426,573
653,train/weimar/weimar_000024_000019_leftImg8bit.png,1,0,395,168,607
654,train/weimar/weimar_000024_000019_leftImg8bit.png,1,748,403,924,529
655,train/weimar/weimar_000024_000019_leftImg8bit.png,1,1268,350,1556,480
656,train/weimar/weimar_000024_000019_leftImg8bit.png,1,1330,391,1444,499
657,train/weimar/weimar_000024_000019_leftImg8bit.png,1,1386,387,1551,503
658,train/weimar/weimar_000024_000019_leftImg8bit.png,1,1431,388,1560,499
659,train/weimar/weimar_000024_000019_leftImg8bit.png,1,1451,373,1826,536
660,train/weimar/weimar_000024_000019_leftImg8bit.png,1,1871,369,1946,424
661,train/weimar/weimar_000024_000019_leftImg8bit.png,1,1511,368,1942,551
662,train/weimar/weimar_000024_000019_leftImg8bit.png,1,1861,343,2048,514
663,train/weimar/weimar_000024_000019_leftImg8bit.png,1,1873,402,2048,618
664,train/weimar/weimar_000024_000019_leftImg8bit.png,1,1103,415,1243,466
665,train/weimar/weimar_000010_000019_leftImg8bit.png,1,907,402,976,455
666,train/weimar/weimar_000010_000019_leftImg8bit.png,1,663,411,783,502
667,train/weimar/weimar_000099_000019_leftImg8bit.png,0,0,404,58,527
668,train/weimar/weimar_000099_000019_leftImg8bit.png,0,54,355,140,525
669,train/weimar/weimar_000099_000019_leftImg8bit.png,1,690,408,774,465
670,train/weimar/weimar_000099_000019_leftImg8bit.png,0,1495,351,1569,538
671,train/weimar/weimar_000099_000019_leftImg8bit.png,0,1394,376,1452,506
672,train/weimar/weimar_000099_000019_leftImg8bit.png,0,1661,378,1732,539
673,train/weimar/weimar_000099_000019_leftImg8bit.png,0,1608,365,1668,540
674,train/weimar/weimar_000130_000019_leftImg8bit.png,5,668,463,754,587
675,train/weimar/weimar_000130_000019_leftImg8bit.png,1,1085,440,1136,506
676,train/weimar/weimar_000130_000019_leftImg8bit.png,1,1133,412,1259,535
677,train/weimar/weimar_000130_000019_leftImg8bit.png,1,0,419,452,892
678,train/weimar/weimar_000039_000019_leftImg8bit.png,0,310,412,378,566
679,train/weimar/weimar_000039_000019_leftImg8bit.png,1,815,415,1048,509
680,train/weimar/weimar_000039_000019_leftImg8bit.png,1,534,409,792,533
681,train/weimar/weimar_000039_000019_leftImg8bit.png,0,401,414,453,553
682,train/weimar/weimar_000039_000019_leftImg8bit.png,0,434,403,501,550
683,train/weimar/weimar_000039_000019_leftImg8bit.png,1,1808,348,1929,438
684,train/weimar/weimar_000039_000019_leftImg8bit.png,1,1560,346,1776,432
685,train/weimar/weimar_000039_000019_leftImg8bit.png,1,1640,375,1758,428
686,train/weimar/weimar_000039_000019_leftImg8bit.png,1,1486,367,1762,450
687,train/weimar/weimar_000039_000019_leftImg8bit.png,1,1446,374,1763,475
688,train/weimar/weimar_000039_000019_leftImg8bit.png,1,1613,423,1699,502
689,train/weimar/weimar_000039_000019_leftImg8bit.png,1,1452,380,1682,493
690,train/weimar/weimar_000039_000019_leftImg8bit.png,1,1454,387,1642,497
691,train/weimar/weimar_000039_000019_leftImg8bit.png,1,1237,370,1642,535
692,train/weimar/weimar_000039_000019_leftImg8bit.png,1,1078,388,1567,552
693,train/weimar/weimar_000039_000019_leftImg8bit.png,0,1814,325,1917,593
694,train/weimar/weimar_000039_000019_leftImg8bit.png,0,1889,284,2024,594
695,train/weimar/weimar_000039_000019_leftImg8bit.png,0,1726,317,1835,603
696,train/weimar/weimar_000123_000019_leftImg8bit.png,3,493,320,1346,518
697,train/weimar/weimar_000123_000019_leftImg8bit.png,1,655,413,799,596
698,train/weimar/weimar_000123_000019_leftImg8bit.png,1,315,408,728,691
699,train/weimar/weimar_000123_000019_leftImg8bit.png,1,0,553,68,1022
700,train/weimar/weimar_000123_000019_leftImg8bit.png,1,1258,414,1510,598
701,train/weimar/weimar_000123_000019_leftImg8bit.png,1,1849,292,2048,955
702,train/weimar/weimar_000006_000019_leftImg8bit.png,1,305,402,378,456
703,train/weimar/weimar_000006_000019_leftImg8bit.png,3,312,199,800,551
704,train/weimar/weimar_000006_000019_leftImg8bit.png,3,800,369,862,439
705,train/weimar/weimar_000006_000019_leftImg8bit.png,4,1684,452,1759,512
706,train/weimar/weimar_000006_000019_leftImg8bit.png,4,1749,444,1801,523
707,train/weimar/weimar_000006_000019_leftImg8bit.png,4,1706,461,2048,793
708,train/weimar/weimar_000006_000019_leftImg8bit.png,1,0,403,258,565
709,train/weimar/weimar_000129_000019_leftImg8bit.png,1,0,471,81,541
710,train/weimar/weimar_000129_000019_leftImg8bit.png,0,1679,395,1749,602
711,train/weimar/weimar_000070_000019_leftImg8bit.png,1,856,389,934,469
712,train/weimar/weimar_000070_000019_leftImg8bit.png,1,858,406,920,475
713,train/weimar/weimar_000015_000019_leftImg8bit.png,1,0,551,606,880
714,train/weimar/weimar_000015_000019_leftImg8bit.png,0,1048,521,1106,638
715,train/weimar/weimar_000015_000019_leftImg8bit.png,0,1178,552,1249,715
716,train/weimar/weimar_000015_000019_leftImg8bit.png,1,1150,543,1823,852
717,train/weimar/weimar_000015_000019_leftImg8bit.png,0,1022,302,1237,657
718,train/weimar/weimar_000015_000019_leftImg8bit.png,0,1444,423,1631,676
719,train/weimar/weimar_000015_000019_leftImg8bit.png,0,1492,425,1745,685
720,train/weimar/weimar_000124_000019_leftImg8bit.png,3,1022,336,1145,466
721,train/weimar/weimar_000124_000019_leftImg8bit.png,1,1580,376,2048,735
722,train/weimar/weimar_000124_000019_leftImg8bit.png,1,1899,506,2048,839
723,train/weimar/weimar_000005_000019_leftImg8bit.png,1,0,418,318,728
724,train/weimar/weimar_000005_000019_leftImg8bit.png,1,1304,415,1537,507
725,train/weimar/weimar_000005_000019_leftImg8bit.png,1,849,408,925,480
726,train/weimar/weimar_000005_000019_leftImg8bit.png,3,688,330,866,511
727,train/weimar/weimar_000005_000019_leftImg8bit.png,1,1007,410,1109,508
728,train/weimar/weimar_000078_000019_leftImg8bit.png,0,1858,340,2048,765
729,train/weimar/weimar_000087_000019_leftImg8bit.png,1,883,396,964,475
730,train/weimar/weimar_000087_000019_leftImg8bit.png,1,899,399,1040,504
731,train/weimar/weimar_000087_000019_leftImg8bit.png,0,440,343,549,637
732,train/weimar/weimar_000087_000019_leftImg8bit.png,0,1497,332,1636,715
733,train/weimar/weimar_000087_000019_leftImg8bit.png,0,1280,302,1362,651
734,train/weimar/weimar_000087_000019_leftImg8bit.png,0,1212,257,1368,701
735,train/weimar/weimar_000087_000019_leftImg8bit.png,0,1123,373,1185,520
736,train/weimar/weimar_000060_000019_leftImg8bit.png,1,957,407,1018,488
737,train/weimar/weimar_000060_000019_leftImg8bit.png,1,934,410,999,502
738,train/weimar/weimar_000060_000019_leftImg8bit.png,1,928,415,990,519
739,train/weimar/weimar_000060_000019_leftImg8bit.png,1,703,373,963,571
740,train/weimar/weimar_000060_000019_leftImg8bit.png,1,1129,381,1201,464
741,train/weimar/weimar_000060_000019_leftImg8bit.png,1,1155,411,1228,482
742,train/weimar/weimar_000060_000019_leftImg8bit.png,1,1186,411,1254,502
743,train/weimar/weimar_000060_000019_leftImg8bit.png,1,1211,410,1293,517
744,train/weimar/weimar_000060_000019_leftImg8bit.png,1,1245,382,1421,545
745,train/weimar/weimar_000060_000019_leftImg8bit.png,1,1284,397,1550,594
746,train/weimar/weimar_000118_000019_leftImg8bit.png,1,1178,415,1250,487
747,train/weimar/weimar_000111_000019_leftImg8bit.png,4,477,449,529,528
748,train/weimar/weimar_000111_000019_leftImg8bit.png,1,827,441,891,514
749,train/weimar/weimar_000111_000019_leftImg8bit.png,1,716,416,858,521
750,train/weimar/weimar_000003_000019_leftImg8bit.png,1,121,396,534,610
751,train/weimar/weimar_000003_000019_leftImg8bit.png,1,602,374,765,503
752,train/weimar/weimar_000003_000019_leftImg8bit.png,1,1172,369,1255,452
753,train/weimar/weimar_000003_000019_leftImg8bit.png,1,1169,368,1257,463
754,train/weimar/weimar_000003_000019_leftImg8bit.png,1,1212,367,1289,479
755,train/weimar/weimar_000003_000019_leftImg8bit.png,1,1242,354,1429,498
756,train/weimar/weimar_000003_000019_leftImg8bit.png,1,1358,329,1617,630
757,train/weimar/weimar_000003_000019_leftImg8bit.png,1,1516,113,2048,830
758,train/weimar/weimar_000135_000019_leftImg8bit.png,1,438,412,602,469
759,train/weimar/weimar_000135_000019_leftImg8bit.png,1,710,398,895,468
760,train/weimar/weimar_000113_000019_leftImg8bit.png,1,1973,395,2048,450
761,train/weimar/weimar_000113_000019_leftImg8bit.png,1,1857,394,1961,449
762,train/weimar/weimar_000113_000019_leftImg8bit.png,1,1736,376,1812,447
763,train/weimar/weimar_000113_000019_leftImg8bit.png,1,1635,400,1760,468
764,train/weimar/weimar_000113_000019_leftImg8bit.png,1,1220,279,1483,546
765,train/weimar/weimar_000113_000019_leftImg8bit.png,1,1285,380,1564,599
766,train/weimar/weimar_000117_000019_leftImg8bit.png,1,499,362,631,443
767,train/weimar/weimar_000117_000019_leftImg8bit.png,1,323,337,520,451
768,train/weimar/weimar_000117_000019_leftImg8bit.png,1,676,380,857,465
769,train/weimar/weimar_000117_000019_leftImg8bit.png,1,514,393,713,540
770,train/weimar/weimar_000117_000019_leftImg8bit.png,5,993,399,1076,453
771,train/weimar/weimar_000013_000019_leftImg8bit.png,4,149,298,205,376
772,train/weimar/weimar_000013_000019_leftImg8bit.png,4,42,343,106,403
773,train/weimar/weimar_000013_000019_leftImg8bit.png,4,727,347,938,492
774,train/weimar/weimar_000013_000019_leftImg8bit.png,4,1238,396,1380,492
775,train/weimar/weimar_000013_000019_leftImg8bit.png,4,1468,397,1611,498
776,train/weimar/weimar_000013_000019_leftImg8bit.png,4,1707,393,1835,499
777,train/weimar/weimar_000013_000019_leftImg8bit.png,0,1840,308,1966,667
778,train/weimar/weimar_000013_000019_leftImg8bit.png,0,1946,280,2048,597
779,train/weimar/weimar_000033_000019_leftImg8bit.png,4,311,418,389,495
780,train/weimar/weimar_000033_000019_leftImg8bit.png,1,1585,401,2010,573
781,train/weimar/weimar_000033_000019_leftImg8bit.png,0,1951,407,2004,540
782,train/weimar/weimar_000033_000019_leftImg8bit.png,0,1891,408,1992,533
783,train/weimar/weimar_000033_000019_leftImg8bit.png,0,1996,386,2048,576
784,train/weimar/weimar_000033_000019_leftImg8bit.png,0,302,354,361,539
785,train/weimar/weimar_000033_000019_leftImg8bit.png,0,477,317,549,597
786,train/weimar/weimar_000033_000019_leftImg8bit.png,0,533,353,599,597
787,train/weimar/weimar_000033_000019_leftImg8bit.png,0,436,323,533,611
788,train/weimar/weimar_000033_000019_leftImg8bit.png,0,571,321,671,626
789,train/weimar/weimar_000033_000019_leftImg8bit.png,0,1166,371,1263,608
790,train/weimar/weimar_000033_000019_leftImg8bit.png,0,1086,350,1178,610
791,train/weimar/weimar_000047_000019_leftImg8bit.png,1,504,410,730,563
792,train/weimar/weimar_000022_000019_leftImg8bit.png,1,43,319,406,476
793,train/weimar/weimar_000022_000019_leftImg8bit.png,1,0,398,139,630
794,train/weimar/weimar_000022_000019_leftImg8bit.png,1,491,280,920,476
795,train/weimar/weimar_000022_000019_leftImg8bit.png,1,1129,298,1558,476
796,train/weimar/weimar_000054_000019_leftImg8bit.png,0,806,407,865,531
797,train/weimar/weimar_000054_000019_leftImg8bit.png,0,760,407,811,537
798,train/weimar/weimar_000054_000019_leftImg8bit.png,1,1227,391,1327,480
799,train/weimar/weimar_000054_000019_leftImg8bit.png,1,1238,398,1335,495
800,train/weimar/weimar_000054_000019_leftImg8bit.png,1,1249,405,1391,514
801,train/weimar/weimar_000054_000019_leftImg8bit.png,1,1338,396,1584,574
802,train/weimar/weimar_000068_000019_leftImg8bit.png,3,600,294,901,544
803,train/weimar/weimar_000136_000019_leftImg8bit.png,1,1277,384,1436,494
804,train/weimar/weimar_000136_000019_leftImg8bit.png,1,1056,383,1306,521
805,train/weimar/weimar_000136_000019_leftImg8bit.png,1,439,358,897,661
806,train/weimar/weimar_000136_000019_leftImg8bit.png,1,0,347,488,837
807,train/weimar/weimar_000136_000019_leftImg8bit.png,1,1621,378,1818,558
808,train/weimar/weimar_000136_000019_leftImg8bit.png,1,1709,287,2048,695
