0,train/zurich/zurich_000113_000019_leftImg8bit.png,1,1187,397,1300,481
1,train/zurich/zurich_000113_000019_leftImg8bit.png,1,0,410,190,906
2,train/zurich/zurich_000102_000019_leftImg8bit.png,1,1271,438,1337,491
3,train/zurich/zurich_000102_000019_leftImg8bit.png,1,1387,433,1460,530
4,train/zurich/zurich_000102_000019_leftImg8bit.png,1,1413,438,1550,546
5,train/zurich/zurich_000102_000019_leftImg8bit.png,1,1882,325,2047,711
6,train/zurich/zurich_000102_000019_leftImg8bit.png,0,1436,450,1515,512
7,train/zurich/zurich_000102_000019_leftImg8bit.png,0,1445,378,1516,592
8,train/zurich/zurich_000102_000019_leftImg8bit.png,0,1523,387,1618,597
9,train/zurich/zurich_000004_000019_leftImg8bit.png,1,830,381,928,479
10,train/zurich/zurich_000004_000019_leftImg8bit.png,1,959,373,1053,467
11,train/zurich/zurich_000004_000019_leftImg8bit.png,1,997,404,1104,490
12,train/zurich/zurich_000004_000019_leftImg8bit.png,0,340,387,399,493
13,train/zurich/zurich_000105_000019_leftImg8bit.png,1,1185,420,1242,474
14,train/zurich/zurich_000117_000019_leftImg8bit.png,1,1331,411,1415,498
15,train/zurich/zurich_000117_000019_leftImg8bit.png,1,2,395,182,477
16,train/zurich/zurich_000117_000019_leftImg8bit.png,1,357,406,558,565
17,train/zurich/zurich_000117_000019_leftImg8bit.png,3,513,239,906,571
18,train/zurich/zurich_000117_000019_leftImg8bit.png,1,19,408,404,628
19,train/zurich/zurich_000002_000019_leftImg8bit.png,1,1751,365,1865,434
20,train/zurich/zurich_000002_000019_leftImg8bit.png,0,1159,244,1312,813
21,train/zurich/zurich_000002_000019_leftImg8bit.png,0,945,248,1270,854
22,train/zurich/zurich_000002_000019_leftImg8bit.png,0,300,344,495,657
23,train/zurich/zurich_000002_000019_leftImg8bit.png,0,70,353,200,673
24,train/zurich/zurich_000002_000019_leftImg8bit.png,0,1598,288,1741,715
25,train/zurich/zurich_000053_000019_leftImg8bit.png,1,833,367,896,425
26,train/zurich/zurich_000053_000019_leftImg8bit.png,1,1438,457,1517,514
27,train/zurich/zurich_000052_000019_leftImg8bit.png,0,1184,397,1246,493
28,train/zurich/zurich_000052_000019_leftImg8bit.png,0,563,418,630,560
29,train/zurich/zurich_000052_000019_leftImg8bit.png,0,865,409,946,552
30,train/zurich/zurich_000052_000019_leftImg8bit.png,4,1680,419,1732,491
31,train/zurich/zurich_000052_000019_leftImg8bit.png,5,1772,414,1877,493
32,train/zurich/zurich_000052_000019_leftImg8bit.png,1,1987,385,2048,478
33,train/zurich/zurich_000052_000019_leftImg8bit.png,0,1045,393,1104,547
34,train/zurich/zurich_000052_000019_leftImg8bit.png,5,1393,436,1455,518
35,train/zurich/zurich_000052_000019_leftImg8bit.png,1,1409,399,1709,518
36,train/zurich/zurich_000060_000019_leftImg8bit.png,0,605,370,699,539
37,train/zurich/zurich_000060_000019_leftImg8bit.png,4,671,441,749,541
38,train/zurich/zurich_000060_000019_leftImg8bit.png,0,324,403,376,491
39,train/zurich/zurich_000060_000019_leftImg8bit.png,0,290,397,362,542
40,train/zurich/zurich_000060_000019_leftImg8bit.png,0,367,400,427,561
41,train/zurich/zurich_000060_000019_leftImg8bit.png,0,494,382,552,491
42,train/zurich/zurich_000060_000019_leftImg8bit.png,0,484,414,583,510
43,train/zurich/zurich_000060_000019_leftImg8bit.png,0,411,442,505,511
44,train/zurich/zurich_000060_000019_leftImg8bit.png,0,46,408,138,602
45,train/zurich/zurich_000060_000019_leftImg8bit.png,0,0,330,76,685
46,train/zurich/zurich_000060_000019_leftImg8bit.png,2,1652,320,1853,476
47,train/zurich/zurich_000060_000019_leftImg8bit.png,5,1991,387,2048,545
48,train/zurich/zurich_000060_000019_leftImg8bit.png,4,1460,412,1563,530
49,train/zurich/zurich_000060_000019_leftImg8bit.png,5,1469,403,1590,542
50,train/zurich/zurich_000060_000019_leftImg8bit.png,5,1481,394,1644,550
51,train/zurich/zurich_000060_000019_leftImg8bit.png,4,1529,410,1711,562
52,train/zurich/zurich_000060_000019_leftImg8bit.png,4,1561,426,1653,581
53,train/zurich/zurich_000060_000019_leftImg8bit.png,4,1592,484,1737,598
54,train/zurich/zurich_000060_000019_leftImg8bit.png,4,1646,384,1967,616
55,train/zurich/zurich_000060_000019_leftImg8bit.png,4,1668,386,2001,628
56,train/zurich/zurich_000097_000019_leftImg8bit.png,1,1188,420,1251,477
57,train/zurich/zurich_000097_000019_leftImg8bit.png,1,1234,409,1319,483
58,train/zurich/zurich_000097_000019_leftImg8bit.png,1,797,357,933,505
59,train/zurich/zurich_000097_000019_leftImg8bit.png,1,757,411,860,553
60,train/zurich/zurich_000097_000019_leftImg8bit.png,1,542,356,797,566
61,train/zurich/zurich_000097_000019_leftImg8bit.png,1,532,418,754,637
62,train/zurich/zurich_000097_000019_leftImg8bit.png,1,63,354,643,749
63,train/zurich/zurich_000097_000019_leftImg8bit.png,1,0,334,289,939
64,train/zurich/zurich_000030_000019_leftImg8bit.png,1,295,408,491,527
65,train/zurich/zurich_000030_000019_leftImg8bit.png,1,426,412,697,546
66,train/zurich/zurich_000030_000019_leftImg8bit.png,1,6,407,189,521
67,train/zurich/zurich_000030_000019_leftImg8bit.png,1,1943,428,2048,491
68,train/zurich/zurich_000030_000019_leftImg8bit.png,1,1274,396,1565,537
69,train/zurich/zurich_000030_000019_leftImg8bit.png,1,1663,374,2048,565
70,train/zurich/zurich_000030_000019_leftImg8bit.png,0,1604,294,1706,688
71,train/zurich/zurich_000030_000019_leftImg8bit.png,0,1525,336,1695,702
72,train/zurich/zurich_000030_000019_leftImg8bit.png,0,1541,289,1741,742
73,train/zurich/zurich_000030_000019_leftImg8bit.png,0,105,390,240,672
74,train/zurich/zurich_000030_000019_leftImg8bit.png,4,642,477,951,635
75,train/zurich/zurich_000030_000019_leftImg8bit.png,0,602,330,812,712
76,train/zurich/zurich_000030_000019_leftImg8bit.png,0,759,365,869,649
77,train/zurich/zurich_000030_000019_leftImg8bit.png,0,756,423,933,699
78,train/zurich/zurich_000087_000019_leftImg8bit.png,1,1073,424,1145,482
79,train/zurich/zurich_000087_000019_leftImg8bit.png,2,190,400,363,480
80,train/zurich/zurich_000087_000019_leftImg8bit.png,4,1953,422,2048,588
81,train/zurich/zurich_000087_000019_leftImg8bit.png,0,1899,327,1972,596
82,train/zurich/zurich_000106_000019_leftImg8bit.png,1,616,411,686,477
83,train/zurich/zurich_000106_000019_leftImg8bit.png,1,509,438,585,492
84,train/zurich/zurich_000106_000019_leftImg8bit.png,1,534,437,646,505
85,train/zurich/zurich_000106_000019_leftImg8bit.png,1,353,428,519,534
86,train/zurich/zurich_000106_000019_leftImg8bit.png,1,0,420,317,616
87,train/zurich/zurich_000106_000019_leftImg8bit.png,1,637,425,767,510
88,train/zurich/zurich_000106_000019_leftImg8bit.png,1,906,403,1021,528
89,train/zurich/zurich_000106_000019_leftImg8bit.png,1,1159,396,1339,530
90,train/zurich/zurich_000106_000019_leftImg8bit.png,1,908,405,1154,582
91,train/zurich/zurich_000106_000019_leftImg8bit.png,1,1780,147,2048,852
92,train/zurich/zurich_000106_000019_leftImg8bit.png,0,677,342,740,585
93,train/zurich/zurich_000121_000019_leftImg8bit.png,1,810,462,897,535
94,train/zurich/zurich_000121_000019_leftImg8bit.png,1,1004,459,1095,536
95,train/zurich/zurich_000121_000019_leftImg8bit.png,1,1124,448,1214,529
96,train/zurich/zurich_000121_000019_leftImg8bit.png,1,1151,458,1255,537
97,train/zurich/zurich_000121_000019_leftImg8bit.png,1,281,462,457,540
98,train/zurich/zurich_000121_000019_leftImg8bit.png,1,341,446,700,662
99,train/zurich/zurich_000121_000019_leftImg8bit.png,4,1672,472,1774,581
100,train/zurich/zurich_000028_000019_leftImg8bit.png,1,1591,401,1681,463
101,train/zurich/zurich_000028_000019_leftImg8bit.png,1,1399,401,1490,463
102,train/zurich/zurich_000028_000019_leftImg8bit.png,1,1471,386,1633,481
103,train/zurich/zurich_000028_000019_leftImg8bit.png,1,1294,397,1395,459
104,train/zurich/zurich_000028_000019_leftImg8bit.png,1,905,408,1031,477
105,train/zurich/zurich_000028_000019_leftImg8bit.png,2,982,328,1264,485
106,train/zurich/zurich_000028_000019_leftImg8bit.png,2,0,294,261,593
107,train/zurich/zurich_000028_000019_leftImg8bit.png,1,492,363,754,513
108,train/zurich/zurich_000028_000019_leftImg8bit.png,1,1144,398,1341,492
109,train/zurich/zurich_000003_000019_leftImg8bit.png,1,1847,429,2024,557
110,train/zurich/zurich_000003_000019_leftImg8bit.png,1,1903,429,2048,602
111,train/zurich/zurich_000003_000019_leftImg8bit.png,0,1377,400,1431,532
112,train/zurich/zurich_000003_000019_leftImg8bit.png,1,1223,413,1411,576
113,train/zurich/zurich_000003_000019_leftImg8bit.png,0,1656,422,1727,533
114,train/zurich/zurich_000003_000019_leftImg8bit.png,0,1436,399,1494,544
115,train/zurich/zurich_000003_000019_leftImg8bit.png,0,1616,400,1697,537
116,train/zurich/zurich_000003_000019_leftImg8bit.png,0,1023,421,1085,541
117,train/zurich/zurich_000003_000019_leftImg8bit.png,0,667,409,725,502
118,train/zurich/zurich_000041_000019_leftImg8bit.png,0,1956,348,2016,533
119,train/zurich/zurich_000041_000019_leftImg8bit.png,5,1984,512,2048,772
120,train/zurich/zurich_000041_000019_leftImg8bit.png,1,1260,397,1362,532
121,train/zurich/zurich_000041_000019_leftImg8bit.png,1,1395,376,1618,597
122,train/zurich/zurich_000041_000019_leftImg8bit.png,1,1430,383,1959,711
123,train/zurich/zurich_000041_000019_leftImg8bit.png,1,698,343,1398,895
124,train/zurich/zurich_000041_000019_leftImg8bit.png,5,1606,491,1918,829
125,train/zurich/zurich_000039_000019_leftImg8bit.png,0,1885,375,1942,460
126,train/zurich/zurich_000039_000019_leftImg8bit.png,0,0,371,52,745
127,train/zurich/zurich_000039_000019_leftImg8bit.png,0,8,313,224,720
128,train/zurich/zurich_000039_000019_leftImg8bit.png,0,24,302,260,850
129,train/zurich/zurich_000039_000019_leftImg8bit.png,0,328,381,435,681
130,train/zurich/zurich_000039_000019_leftImg8bit.png,0,1022,405,1079,530
131,train/zurich/zurich_000039_000019_leftImg8bit.png,0,1124,408,1175,510
132,train/zurich/zurich_000039_000019_leftImg8bit.png,1,1242,424,1436,559
133,train/zurich/zurich_000039_000019_leftImg8bit.png,1,1553,412,1977,684
134,train/zurich/zurich_000111_000019_leftImg8bit.png,1,1246,417,1364,468
135,train/zurich/zurich_000111_000019_leftImg8bit.png,1,1285,398,1519,488
136,train/zurich/zurich_000111_000019_leftImg8bit.png,1,1507,370,1771,481
137,train/zurich/zurich_000111_000019_leftImg8bit.png,1,1532,383,1725,504
138,train/zurich/zurich_000111_000019_leftImg8bit.png,1,1557,354,1979,537
139,train/zurich/zurich_000047_000019_leftImg8bit.png,1,937,408,1143,571
140,train/zurich/zurich_000047_000019_leftImg8bit.png,1,511,418,626,511
141,train/zurich/zurich_000047_000019_leftImg8bit.png,1,438,420,578,523
142,train/zurich/zurich_000047_000019_leftImg8bit.png,1,250,416,535,698
143,train/zurich/zurich_000047_000019_leftImg8bit.png,1,0,279,381,896
144,train/zurich/zurich_000047_000019_leftImg8bit.png,4,1568,436,1702,606
145,train/zurich/zurich_000034_000019_leftImg8bit.png,1,350,439,427,499
146,train/zurich/zurich_000034_000019_leftImg8bit.png,1,219,439,374,531
147,train/zurich/zurich_000034_000019_leftImg8bit.png,1,926,401,1021,473
148,train/zurich/zurich_000034_000019_leftImg8bit.png,1,1080,420,1154,480
149,train/zurich/zurich_000034_000019_leftImg8bit.png,1,976,416,1099,511
150,train/zurich/zurich_000034_000019_leftImg8bit.png,1,1146,415,1258,501
151,train/zurich/zurich_000109_000019_leftImg8bit.png,1,597,409,734,481
152,train/zurich/zurich_000109_000019_leftImg8bit.png,2,1326,308,1549,470
153,train/zurich/zurich_000109_000019_leftImg8bit.png,1,1554,366,1877,484
154,train/zurich/zurich_000109_000019_leftImg8bit.png,1,0,425,217,546
155,train/zurich/zurich_000109_000019_leftImg8bit.png,1,901,362,1109,574
156,train/zurich/zurich_000109_000019_leftImg8bit.png,1,774,388,1103,684
157,train/zurich/zurich_000118_000019_leftImg8bit.png,1,166,412,320,496
158,train/zurich/zurich_000118_000019_leftImg8bit.png,1,569,397,790,549
159,train/zurich/zurich_000118_000019_leftImg8bit.png,4,1652,404,1731,549
160,train/zurich/zurich_000118_000019_leftImg8bit.png,4,1718,393,1924,553
161,train/zurich/zurich_000051_000019_leftImg8bit.png,3,1021,394,1130,469
162,train/zurich/zurich_000051_000019_leftImg8bit.png,0,1589,408,1670,623
163,train/zurich/zurich_000120_000019_leftImg8bit.png,1,394,412,608,486
164,train/zurich/zurich_000120_000019_leftImg8bit.png,1,1377,389,1675,613
165,train/zurich/zurich_000120_000019_leftImg8bit.png,1,1543,409,1982,692
166,train/zurich/zurich_000120_000019_leftImg8bit.png,1,1820,418,2048,786
167,train/zurich/zurich_000050_000019_leftImg8bit.png,2,1447,387,1545,477
168,train/zurich/zurich_000050_000019_leftImg8bit.png,1,722,409,955,505
169,train/zurich/zurich_000050_000019_leftImg8bit.png,1,552,435,830,525
170,train/zurich/zurich_000084_000019_leftImg8bit.png,0,1206,353,1306,611
171,train/zurich/zurich_000084_000019_leftImg8bit.png,1,588,443,696,509
172,train/zurich/zurich_000084_000019_leftImg8bit.png,4,1411,474,1544,691
173,train/zurich/zurich_000022_000019_leftImg8bit.png,1,1142,405,1343,487
174,train/zurich/zurich_000086_000019_leftImg8bit.png,0,1294,320,1551,802
175,train/zurich/zurich_000086_000019_leftImg8bit.png,0,261,453,323,519
176,train/zurich/zurich_000086_000019_leftImg8bit.png,5,99,456,173,522
177,train/zurich/zurich_000086_000019_leftImg8bit.png,0,787,422,868,534
178,train/zurich/zurich_000086_000019_leftImg8bit.png,0,660,341,817,719
179,train/zurich/zurich_000085_000019_leftImg8bit.png,2,909,357,1029,471
180,train/zurich/zurich_000085_000019_leftImg8bit.png,4,27,450,91,514
181,train/zurich/zurich_000074_000019_leftImg8bit.png,1,667,369,769,465
182,train/zurich/zurich_000074_000019_leftImg8bit.png,0,164,365,252,532
183,train/zurich/zurich_000074_000019_leftImg8bit.png,0,775,382,840,501
184,train/zurich/zurich_000074_000019_leftImg8bit.png,0,797,391,856,503
185,train/zurich/zurich_000074_000019_leftImg8bit.png,1,916,382,1159,583
186,train/zurich/zurich_000074_000019_leftImg8bit.png,4,556,435,655,502
187,train/zurich/zurich_000074_000019_leftImg8bit.png,0,590,393,641,507
188,train/zurich/zurich_000074_000019_leftImg8bit.png,0,674,395,733,509
189,train/zurich/zurich_000005_000019_leftImg8bit.png,1,610,400,732,485
190,train/zurich/zurich_000005_000019_leftImg8bit.png,1,122,377,439,526
191,train/zurich/zurich_000005_000019_leftImg8bit.png,1,0,406,222,551
192,train/zurich/zurich_000005_000019_leftImg8bit.png,1,0,430,61,553
193,train/zurich/zurich_000005_000019_leftImg8bit.png,5,0,545,90,679
194,train/zurich/zurich_000005_000019_leftImg8bit.png,1,1377,388,1483,555
195,train/zurich/zurich_000005_000019_leftImg8bit.png,1,1418,249,1873,671
196,train/zurich/zurich_000005_000019_leftImg8bit.png,1,1191,416,1316,524
197,train/zurich/zurich_000005_000019_leftImg8bit.png,1,942,390,1240,657
198,train/zurich/zurich_000005_000019_leftImg8bit.png,4,581,443,656,515
199,train/zurich/zurich_000057_000019_leftImg8bit.png,1,1403,415,1471,470
200,train/zurich/zurich_000057_000019_leftImg8bit.png,1,1495,406,1793,683
201,train/zurich/zurich_000057_000019_leftImg8bit.png,1,1632,341,2048,851
202,train/zurich/zurich_000057_000019_leftImg8bit.png,4,694,442,796,539
203,train/zurich/zurich_000057_000019_leftImg8bit.png,4,993,445,1059,571
204,train/zurich/zurich_000040_000019_leftImg8bit.png,0,1392,378,1447,516
205,train/zurich/zurich_000040_000019_leftImg8bit.png,1,511,396,645,482
206,train/zurich/zurich_000040_000019_leftImg8bit.png,1,221,396,386,507
207,train/zurich/zurich_000040_000019_leftImg8bit.png,1,0,429,180,538
208,train/zurich/zurich_000040_000019_leftImg8bit.png,0,270,386,328,547
209,train/zurich/zurich_000040_000019_leftImg8bit.png,0,373,375,425,579
210,train/zurich/zurich_000040_000019_leftImg8bit.png,0,388,364,485,593
211,train/zurich/zurich_000040_000019_leftImg8bit.png,0,182,370,281,605
212,train/zurich/zurich_000040_000019_leftImg8bit.png,1,798,412,936,510
213,train/zurich/zurich_000040_000019_leftImg8bit.png,0,478,358,540,586
214,train/zurich/zurich_000040_000019_leftImg8bit.png,1,1039,403,1370,608
215,train/zurich/zurich_000115_000019_leftImg8bit.png,1,796,432,867,484
216,train/zurich/zurich_000013_000019_leftImg8bit.png,1,479,440,536,514
217,train/zurich/zurich_000013_000019_leftImg8bit.png,1,660,432,801,546
218,train/zurich/zurich_000013_000019_leftImg8bit.png,1,1064,427,1178,505
219,train/zurich/zurich_000013_000019_leftImg8bit.png,0,1385,366,1476,553
220,train/zurich/zurich_000006_000019_leftImg8bit.png,0,239,426,291,556
221,train/zurich/zurich_000006_000019_leftImg8bit.png,0,393,426,448,548
222,train/zurich/zurich_000006_000019_leftImg8bit.png,0,354,432,407,550
223,train/zurich/zurich_000006_000019_leftImg8bit.png,0,278,424,340,550
224,train/zurich/zurich_000006_000019_leftImg8bit.png,1,1250,415,1477,528
225,train/zurich/zurich_000006_000019_leftImg8bit.png,0,1434,358,1586,644
226,train/zurich/zurich_000006_000019_leftImg8bit.png,0,1442,331,1549,649
227,train/zurich/zurich_000006_000019_leftImg8bit.png,0,1997,346,2048,579
228,train/zurich/zurich_000006_000019_leftImg8bit.png,4,1612,395,1688,499
229,train/zurich/zurich_000006_000019_leftImg8bit.png,4,1058,438,1334,628
230,train/zurich/zurich_000006_000019_leftImg8bit.png,4,590,473,848,628
231,train/zurich/zurich_000023_000019_leftImg8bit.png,5,740,463,844,519
232,train/zurich/zurich_000023_000019_leftImg8bit.png,1,1081,426,1208,506
233,train/zurich/zurich_000023_000019_leftImg8bit.png,1,1781,410,1882,492
234,train/zurich/zurich_000023_000019_leftImg8bit.png,1,1789,429,1853,496
235,train/zurich/zurich_000023_000019_leftImg8bit.png,1,1765,428,1837,502
236,train/zurich/zurich_000023_000019_leftImg8bit.png,1,1656,411,1794,516
237,train/zurich/zurich_000023_000019_leftImg8bit.png,4,380,450,465,537
238,train/zurich/zurich_000023_000019_leftImg8bit.png,4,728,451,862,600
239,train/zurich/zurich_000055_000019_leftImg8bit.png,1,1140,407,1212,466
240,train/zurich/zurich_000055_000019_leftImg8bit.png,1,0,425,84,807
241,train/zurich/zurich_000055_000019_leftImg8bit.png,4,422,435,535,505
242,train/zurich/zurich_000068_000019_leftImg8bit.png,1,1288,351,1391,414
243,train/zurich/zurich_000068_000019_leftImg8bit.png,1,1059,377,1164,453
244,train/zurich/zurich_000068_000019_leftImg8bit.png,1,1118,393,1263,504
245,train/zurich/zurich_000068_000019_leftImg8bit.png,0,1404,367,1457,509
246,train/zurich/zurich_000068_000019_leftImg8bit.png,0,1529,354,1580,431
247,train/zurich/zurich_000068_000019_leftImg8bit.png,0,1540,353,1647,647
248,train/zurich/zurich_000068_000019_leftImg8bit.png,0,1480,375,1571,657
249,train/zurich/zurich_000068_000019_leftImg8bit.png,0,1551,362,1648,677
250,train/zurich/zurich_000068_000019_leftImg8bit.png,0,1767,385,1829,574
251,train/zurich/zurich_000068_000019_leftImg8bit.png,0,1787,366,1884,600
252,train/zurich/zurich_000068_000019_leftImg8bit.png,0,1702,323,1783,458
253,train/zurich/zurich_000068_000019_leftImg8bit.png,0,1687,364,1774,601
254,train/zurich/zurich_000068_000019_leftImg8bit.png,1,1836,257,2048,899
255,train/zurich/zurich_000068_000019_leftImg8bit.png,1,953,399,1059,514
256,train/zurich/zurich_000068_000019_leftImg8bit.png,1,859,394,1017,546
257,train/zurich/zurich_000068_000019_leftImg8bit.png,1,643,389,911,602
258,train/zurich/zurich_000068_000019_leftImg8bit.png,1,51,419,150,472
259,train/zurich/zurich_000068_000019_leftImg8bit.png,1,78,411,303,481
260,train/zurich/zurich_000068_000019_leftImg8bit.png,1,116,410,500,552
261,train/zurich/zurich_000068_000019_leftImg8bit.png,1,17,435,292,598
262,train/zurich/zurich_000068_000019_leftImg8bit.png,1,0,408,119,697
263,train/zurich/zurich_000068_000019_leftImg8bit.png,1,131,434,807,768
264,train/zurich/zurich_000114_000019_leftImg8bit.png,0,21,398,116,608
265,train/zurich/zurich_000114_000019_leftImg8bit.png,0,140,394,223,604
266,train/zurich/zurich_000114_000019_leftImg8bit.png,0,1209,379,1269,532
267,train/zurich/zurich_000080_000019_leftImg8bit.png,1,1331,450,1456,503
268,train/zurich/zurich_000080_000019_leftImg8bit.png,1,1011,436,1112,511
269,train/zurich/zurich_000011_000019_leftImg8bit.png,1,216,423,320,507
270,train/zurich/zurich_000011_000019_leftImg8bit.png,0,1646,384,1701,452
271,train/zurich/zurich_000011_000019_leftImg8bit.png,1,1227,418,1289,472
272,train/zurich/zurich_000011_000019_leftImg8bit.png,5,132,447,183,505
273,train/zurich/zurich_000011_000019_leftImg8bit.png,5,1376,418,1476,478
274,train/zurich/zurich_000011_000019_leftImg8bit.png,4,297,471,370,572
275,train/zurich/zurich_000011_000019_leftImg8bit.png,4,395,457,458,568
276,train/zurich/zurich_000011_000019_leftImg8bit.png,1,1726,395,2048,784
277,train/zurich/zurich_000011_000019_leftImg8bit.png,1,1119,400,1240,496
278,train/zurich/zurich_000036_000019_leftImg8bit.png,1,1127,428,1193,490
279,train/zurich/zurich_000036_000019_leftImg8bit.png,1,1155,424,1271,508
280,train/zurich/zurich_000036_000019_leftImg8bit.png,1,739,439,812,491
281,train/zurich/zurich_000036_000019_leftImg8bit.png,1,789,429,887,499
282,train/zurich/zurich_000036_000019_leftImg8bit.png,1,654,440,746,504
283,train/zurich/zurich_000036_000019_leftImg8bit.png,1,1009,429,1099,496
284,train/zurich/zurich_000036_000019_leftImg8bit.png,1,1261,408,1528,590
285,train/zurich/zurich_000092_000019_leftImg8bit.png,1,1188,413,1386,479
286,train/zurich/zurich_000092_000019_leftImg8bit.png,0,1432,421,1485,478
287,train/zurich/zurich_000092_000019_leftImg8bit.png,0,1477,365,1608,460
288,train/zurich/zurich_000092_000019_leftImg8bit.png,5,1495,393,1668,535
289,train/zurich/zurich_000092_000019_leftImg8bit.png,4,1838,433,1921,486
290,train/zurich/zurich_000092_000019_leftImg8bit.png,4,1815,428,1927,488
291,train/zurich/zurich_000092_000019_leftImg8bit.png,1,844,412,905,476
292,train/zurich/zurich_000092_000019_leftImg8bit.png,1,839,429,894,483
293,train/zurich/zurich_000092_000019_leftImg8bit.png,1,617,383,870,496
294,train/zurich/zurich_000092_000019_leftImg8bit.png,1,571,441,674,531
295,train/zurich/zurich_000092_000019_leftImg8bit.png,1,237,376,623,543
296,train/zurich/zurich_000092_000019_leftImg8bit.png,1,135,420,479,566
297,train/zurich/zurich_000092_000019_leftImg8bit.png,1,25,420,457,608
298,train/zurich/zurich_000092_000019_leftImg8bit.png,1,0,414,117,630
299,train/zurich/zurich_000092_000019_leftImg8bit.png,4,1688,425,1777,480
300,train/zurich/zurich_000079_000019_leftImg8bit.png,1,826,432,906,492
301,train/zurich/zurich_000079_000019_leftImg8bit.png,1,357,445,558,518
302,train/zurich/zurich_000079_000019_leftImg8bit.png,0,181,421,240,557
303,train/zurich/zurich_000079_000019_leftImg8bit.png,1,1138,411,1287,496
304,train/zurich/zurich_000079_000019_leftImg8bit.png,0,1356,392,1410,512
305,train/zurich/zurich_000079_000019_leftImg8bit.png,1,1483,420,1660,490
306,train/zurich/zurich_000079_000019_leftImg8bit.png,1,1953,390,2048,487
307,train/zurich/zurich_000079_000019_leftImg8bit.png,1,1229,392,1395,530
308,train/zurich/zurich_000079_000019_leftImg8bit.png,4,862,452,957,538
309,train/zurich/zurich_000089_000019_leftImg8bit.png,2,887,371,953,450
310,train/zurich/zurich_000089_000019_leftImg8bit.png,1,837,408,894,464
311,train/zurich/zurich_000089_000019_leftImg8bit.png,1,756,415,848,477
312,train/zurich/zurich_000089_000019_leftImg8bit.png,1,647,408,782,526
313,train/zurich/zurich_000089_000019_leftImg8bit.png,1,566,412,714,551
314,train/zurich/zurich_000089_000019_leftImg8bit.png,1,352,378,623,598
315,train/zurich/zurich_000089_000019_leftImg8bit.png,1,0,381,471,679
316,train/zurich/zurich_000089_000019_leftImg8bit.png,1,1363,394,1473,464
317,train/zurich/zurich_000089_000019_leftImg8bit.png,1,1507,376,1686,446
318,train/zurich/zurich_000089_000019_leftImg8bit.png,1,1415,392,1603,483
319,train/zurich/zurich_000089_000019_leftImg8bit.png,1,1555,378,1774,486
320,train/zurich/zurich_000089_000019_leftImg8bit.png,1,1685,375,1837,499
321,train/zurich/zurich_000089_000019_leftImg8bit.png,1,1778,358,2048,507
322,train/zurich/zurich_000089_000019_leftImg8bit.png,0,1734,344,1792,511
323,train/zurich/zurich_000089_000019_leftImg8bit.png,0,1852,339,1946,539
324,train/zurich/zurich_000089_000019_leftImg8bit.png,0,1370,360,1425,475
325,train/zurich/zurich_000065_000019_leftImg8bit.png,3,583,375,797,459
326,train/zurich/zurich_000065_000019_leftImg8bit.png,5,928,422,1152,579
327,train/zurich/zurich_000065_000019_leftImg8bit.png,0,1782,353,1861,548
328,train/zurich/zurich_000065_000019_leftImg8bit.png,0,1955,355,2040,567
329,train/zurich/zurich_000065_000019_leftImg8bit.png,0,1904,344,1968,573
330,train/zurich/zurich_000065_000019_leftImg8bit.png,0,600,424,673,517
331,train/zurich/zurich_000065_000019_leftImg8bit.png,0,353,414,408,507
332,train/zurich/zurich_000065_000019_leftImg8bit.png,0,201,413,256,492
333,train/zurich/zurich_000065_000019_leftImg8bit.png,0,151,413,202,492
334,train/zurich/zurich_000065_000019_leftImg8bit.png,0,128,410,183,492
335,train/zurich/zurich_000065_000019_leftImg8bit.png,0,106,410,157,491
336,train/zurich/zurich_000065_000019_leftImg8bit.png,0,235,392,295,506
337,train/zurich/zurich_000065_000019_leftImg8bit.png,0,63,381,115,509
338,train/zurich/zurich_000065_000019_leftImg8bit.png,0,673,383,742,543
339,train/zurich/zurich_000093_000019_leftImg8bit.png,1,717,427,783,486
340,train/zurich/zurich_000093_000019_leftImg8bit.png,1,1188,394,1260,464
341,train/zurich/zurich_000093_000019_leftImg8bit.png,1,1338,388,1525,502
342,train/zurich/zurich_000043_000019_leftImg8bit.png,1,1191,395,1244,452
343,train/zurich/zurich_000043_000019_leftImg8bit.png,1,1300,337,1567,557
344,train/zurich/zurich_000043_000019_leftImg8bit.png,0,1718,337,1824,609
345,train/zurich/zurich_000043_000019_leftImg8bit.png,3,948,285,1097,442
346,train/zurich/zurich_000043_000019_leftImg8bit.png,1,922,386,1198,613
347,train/zurich/zurich_000043_000019_leftImg8bit.png,1,716,409,793,474
348,train/zurich/zurich_000043_000019_leftImg8bit.png,3,485,304,714,507
349,train/zurich/zurich_000043_000019_leftImg8bit.png,1,0,414,264,588
350,train/zurich/zurich_000043_000019_leftImg8bit.png,4,1592,439,1766,713
351,train/zurich/zurich_000048_000019_leftImg8bit.png,1,881,428,933,480
352,train/zurich/zurich_000048_000019_leftImg8bit.png,1,1137,412,1207,464
353,train/zurich/zurich_000048_000019_leftImg8bit.png,1,983,409,1181,566
354,train/zurich/zurich_000048_000019_leftImg8bit.png,1,850,430,908,489
355,train/zurich/zurich_000048_000019_leftImg8bit.png,1,214,415,614,683
356,train/zurich/zurich_000048_000019_leftImg8bit.png,1,1,411,392,886
357,train/zurich/zurich_000045_000019_leftImg8bit.png,0,1724,366,1824,604
358,train/zurich/zurich_000045_000019_leftImg8bit.png,0,1837,369,1914,597
359,train/zurich/zurich_000045_000019_leftImg8bit.png,1,903,426,1090,571
360,train/zurich/zurich_000045_000019_leftImg8bit.png,1,35,472,198,560
361,train/zurich/zurich_000045_000019_leftImg8bit.png,0,166,440,218,563
362,train/zurich/zurich_000045_000019_leftImg8bit.png,5,289,476,346,543
363,train/zurich/zurich_000045_000019_leftImg8bit.png,4,1125,436,1221,777
364,train/zurich/zurich_000046_000019_leftImg8bit.png,1,344,424,488,518
365,train/zurich/zurich_000024_000019_leftImg8bit.png,1,0,447,415,858
366,train/zurich/zurich_000014_000019_leftImg8bit.png,5,475,420,551,537
367,train/zurich/zurich_000014_000019_leftImg8bit.png,0,200,424,265,539
368,train/zurich/zurich_000014_000019_leftImg8bit.png,1,918,401,1055,465
369,train/zurich/zurich_000014_000019_leftImg8bit.png,1,955,414,1063,489
370,train/zurich/zurich_000014_000019_leftImg8bit.png,1,1052,362,1328,587
371,train/zurich/zurich_000014_000019_leftImg8bit.png,4,1610,450,1698,614
372,train/zurich/zurich_000083_000019_leftImg8bit.png,1,763,425,829,480
373,train/zurich/zurich_000083_000019_leftImg8bit.png,1,470,443,637,548
374,train/zurich/zurich_000096_000019_leftImg8bit.png,1,1216,436,1318,534
375,train/zurich/zurich_000096_000019_leftImg8bit.png,1,1252,439,1337,540
376,train/zurich/zurich_000096_000019_leftImg8bit.png,1,1279,429,1468,564
377,train/zurich/zurich_000096_000019_leftImg8bit.png,1,1409,396,1676,641
378,train/zurich/zurich_000096_000019_leftImg8bit.png,1,1526,401,2048,780
379,train/zurich/zurich_000107_000019_leftImg8bit.png,1,694,433,841,491
380,train/zurich/zurich_000107_000019_leftImg8bit.png,1,542,425,637,491
381,train/zurich/zurich_000107_000019_leftImg8bit.png,1,527,430,630,525
382,train/zurich/zurich_000107_000019_leftImg8bit.png,1,384,413,551,472
383,train/zurich/zurich_000107_000019_leftImg8bit.png,1,388,436,574,538
384,train/zurich/zurich_000107_000019_leftImg8bit.png,1,377,446,526,546
385,train/zurich/zurich_000107_000019_leftImg8bit.png,1,75,395,417,575
386,train/zurich/zurich_000107_000019_leftImg8bit.png,1,8,428,258,617
387,train/zurich/zurich_000107_000019_leftImg8bit.png,1,0,428,97,630
388,train/zurich/zurich_000001_000019_leftImg8bit.png,0,1826,337,1950,579
389,train/zurich/zurich_000001_000019_leftImg8bit.png,1,1150,418,1298,536
390,train/zurich/zurich_000001_000019_leftImg8bit.png,1,1007,416,1119,494
391,train/zurich/zurich_000001_000019_leftImg8bit.png,1,706,433,829,484
392,train/zurich/zurich_000075_000019_leftImg8bit.png,1,735,419,791,499
393,train/zurich/zurich_000075_000019_leftImg8bit.png,1,666,414,761,508
394,train/zurich/zurich_000075_000019_leftImg8bit.png,1,634,440,719,518
395,train/zurich/zurich_000075_000019_leftImg8bit.png,1,602,440,666,533
396,train/zurich/zurich_000075_000019_leftImg8bit.png,1,446,410,626,549
397,train/zurich/zurich_000075_000019_leftImg8bit.png,1,283,447,551,585
398,train/zurich/zurich_000075_000019_leftImg8bit.png,1,821,420,931,508
399,train/zurich/zurich_000075_000019_leftImg8bit.png,1,994,413,1191,573
400,train/zurich/zurich_000075_000019_leftImg8bit.png,1,1291,422,1444,562
401,train/zurich/zurich_000075_000019_leftImg8bit.png,1,1360,421,1607,595
402,train/zurich/zurich_000075_000019_leftImg8bit.png,1,1525,408,2012,698
403,train/zurich/zurich_000061_000019_leftImg8bit.png,1,132,418,191,471
404,train/zurich/zurich_000061_000019_leftImg8bit.png,1,85,383,707,710
405,train/zurich/zurich_000061_000019_leftImg8bit.png,2,1205,375,1308,452
406,train/zurich/zurich_000061_000019_leftImg8bit.png,2,1287,341,1381,457
407,train/zurich/zurich_000061_000019_leftImg8bit.png,2,1450,293,1733,462
408,train/zurich/zurich_000019_000019_leftImg8bit.png,1,725,402,844,518
409,train/zurich/zurich_000019_000019_leftImg8bit.png,1,612,381,767,534
410,train/zurich/zurich_000019_000019_leftImg8bit.png,1,377,347,677,564
411,train/zurich/zurich_000019_000019_leftImg8bit.png,1,0,319,485,639
412,train/zurich/zurich_000019_000019_leftImg8bit.png,4,1423,475,1486,622
413,train/zurich/zurich_000098_000019_leftImg8bit.png,1,297,412,433,463
414,train/zurich/zurich_000098_000019_leftImg8bit.png,1,416,410,519,464
415,train/zurich/zurich_000098_000019_leftImg8bit.png,1,0,388,251,471
416,train/zurich/zurich_000098_000019_leftImg8bit.png,1,0,393,167,470
417,train/zurich/zurich_000098_000019_leftImg8bit.png,1,1377,399,1852,684
418,train/zurich/zurich_000098_000019_leftImg8bit.png,1,1768,367,2048,797
419,train/zurich/zurich_000101_000019_leftImg8bit.png,2,1170,361,1308,513
420,train/zurich/zurich_000101_000019_leftImg8bit.png,1,1810,401,2047,555
421,train/zurich/zurich_000037_000019_leftImg8bit.png,1,101,396,218,453
422,train/zurich/zurich_000037_000019_leftImg8bit.png,1,0,418,137,598
423,train/zurich/zurich_000037_000019_leftImg8bit.png,1,1038,426,1127,496
424,train/zurich/zurich_000037_000019_leftImg8bit.png,1,1163,423,1257,494
425,train/zurich/zurich_000037_000019_leftImg8bit.png,1,1232,426,1390,535
426,train/zurich/zurich_000037_000019_leftImg8bit.png,1,1465,371,2048,806
427,train/zurich/zurich_000078_000019_leftImg8bit.png,1,159,395,689,648
428,train/zurich/zurich_000078_000019_leftImg8bit.png,0,1529,361,1587,520
429,train/zurich/zurich_000066_000019_leftImg8bit.png,1,1070,409,1172,494
430,train/zurich/zurich_000066_000019_leftImg8bit.png,1,1078,431,1161,501
431,train/zurich/zurich_000066_000019_leftImg8bit.png,1,1012,418,1114,512
432,train/zurich/zurich_000066_000019_leftImg8bit.png,1,934,420,1076,529
433,train/zurich/zurich_000066_000019_leftImg8bit.png,0,683,355,738,550
434,train/zurich/zurich_000066_000019_leftImg8bit.png,0,628,373,696,544
435,train/zurich/zurich_000066_000019_leftImg8bit.png,0,573,374,634,546
436,train/zurich/zurich_000066_000019_leftImg8bit.png,0,328,345,417,603
437,train/zurich/zurich_000066_000019_leftImg8bit.png,0,397,351,480,605
438,train/zurich/zurich_000066_000019_leftImg8bit.png,0,0,312,71,615
439,train/zurich/zurich_000066_000019_leftImg8bit.png,0,878,358,989,616
440,train/zurich/zurich_000066_000019_leftImg8bit.png,1,1350,418,1425,481
441,train/zurich/zurich_000066_000019_leftImg8bit.png,1,1380,425,1439,509
442,train/zurich/zurich_000066_000019_leftImg8bit.png,1,1411,411,1505,528
443,train/zurich/zurich_000066_000019_leftImg8bit.png,1,1448,444,1501,540
444,train/zurich/zurich_000066_000019_leftImg8bit.png,1,1455,324,1730,613
445,train/zurich/zurich_000066_000019_leftImg8bit.png,1,1547,294,2048,746
446,train/zurich/zurich_000071_000019_leftImg8bit.png,0,226,359,293,597
447,train/zurich/zurich_000071_000019_leftImg8bit.png,0,229,397,298,606
448,train/zurich/zurich_000071_000019_leftImg8bit.png,0,165,348,291,642
449,train/zurich/zurich_000071_000019_leftImg8bit.png,0,50,329,163,602
450,train/zurich/zurich_000071_000019_leftImg8bit.png,0,0,339,78,649
451,train/zurich/zurich_000071_000019_leftImg8bit.png,1,814,504,908,581
452,train/zurich/zurich_000071_000019_leftImg8bit.png,0,880,484,933,587
453,train/zurich/zurich_000071_000019_leftImg8bit.png,0,995,493,1056,587
454,train/zurich/zurich_000071_000019_leftImg8bit.png,0,1054,440,1110,590
455,train/zurich/zurich_000071_000019_leftImg8bit.png,0,1176,424,1229,589
456,train/zurich/zurich_000071_000019_leftImg8bit.png,0,1713,396,1786,634
457,train/zurich/zurich_000071_000019_leftImg8bit.png,0,1758,467,1868,635
458,train/zurich/zurich_000071_000019_leftImg8bit.png,0,1398,327,1554,703
459,train/zurich/zurich_000031_000019_leftImg8bit.png,1,413,409,700,529
460,train/zurich/zurich_000031_000019_leftImg8bit.png,1,35,449,312,545
461,train/zurich/zurich_000031_000019_leftImg8bit.png,1,1276,425,1500,518
462,train/zurich/zurich_000031_000019_leftImg8bit.png,5,1033,444,1145,516
463,train/zurich/zurich_000031_000019_leftImg8bit.png,1,1419,398,1640,539
464,train/zurich/zurich_000031_000019_leftImg8bit.png,1,1531,405,2048,567
465,train/zurich/zurich_000082_000019_leftImg8bit.png,1,244,454,306,507
466,train/zurich/zurich_000082_000019_leftImg8bit.png,1,286,447,382,516
467,train/zurich/zurich_000104_000019_leftImg8bit.png,1,1935,359,2048,447
468,train/zurich/zurich_000104_000019_leftImg8bit.png,2,595,291,815,499
469,train/zurich/zurich_000104_000019_leftImg8bit.png,1,1145,367,1382,456
470,train/zurich/zurich_000104_000019_leftImg8bit.png,1,1616,362,1825,479
471,train/zurich/zurich_000035_000019_leftImg8bit.png,0,1946,348,2006,484
472,train/zurich/zurich_000035_000019_leftImg8bit.png,1,1134,385,1506,633
473,train/zurich/zurich_000035_000019_leftImg8bit.png,1,1342,390,2047,799
474,train/zurich/zurich_000035_000019_leftImg8bit.png,1,1878,573,2048,984
475,train/zurich/zurich_000035_000019_leftImg8bit.png,1,640,392,740,583
476,train/zurich/zurich_000035_000019_leftImg8bit.png,1,629,370,1208,813
477,train/zurich/zurich_000064_000019_leftImg8bit.png,1,400,408,785,635
478,train/zurich/zurich_000064_000019_leftImg8bit.png,1,125,397,659,623
479,train/zurich/zurich_000064_000019_leftImg8bit.png,1,0,400,616,842
480,train/zurich/zurich_000064_000019_leftImg8bit.png,1,0,403,138,960
481,train/zurich/zurich_000064_000019_leftImg8bit.png,1,987,417,1088,509
482,train/zurich/zurich_000064_000019_leftImg8bit.png,1,1143,410,1261,502
483,train/zurich/zurich_000064_000019_leftImg8bit.png,1,1334,361,1612,616
484,train/zurich/zurich_000064_000019_leftImg8bit.png,1,1434,381,1915,705
485,train/zurich/zurich_000064_000019_leftImg8bit.png,1,1679,335,2048,876
486,train/zurich/zurich_000063_000019_leftImg8bit.png,0,1060,409,1114,491
487,train/zurich/zurich_000063_000019_leftImg8bit.png,0,839,386,892,523
488,train/zurich/zurich_000063_000019_leftImg8bit.png,0,779,392,832,521
489,train/zurich/zurich_000063_000019_leftImg8bit.png,0,633,346,726,616
490,train/zurich/zurich_000063_000019_leftImg8bit.png,0,449,314,567,625
491,train/zurich/zurich_000063_000019_leftImg8bit.png,1,1258,426,1326,481
492,train/zurich/zurich_000063_000019_leftImg8bit.png,1,1269,422,1355,494
493,train/zurich/zurich_000063_000019_leftImg8bit.png,1,1337,426,1389,530
494,train/zurich/zurich_000063_000019_leftImg8bit.png,1,1357,390,1472,556
495,train/zurich/zurich_000063_000019_leftImg8bit.png,1,1421,370,1675,595
496,train/zurich/zurich_000063_000019_leftImg8bit.png,1,1500,398,1811,653
497,train/zurich/zurich_000063_000019_leftImg8bit.png,1,1683,381,2048,868
498,train/zurich/zurich_000059_000019_leftImg8bit.png,0,1353,369,1414,530
499,train/zurich/zurich_000059_000019_leftImg8bit.png,0,1239,360,1294,570
500,train/zurich/zurich_000059_000019_leftImg8bit.png,5,1440,505,1557,602
501,train/zurich/zurich_000059_000019_leftImg8bit.png,0,1943,314,1999,396
502,train/zurich/zurich_000059_000019_leftImg8bit.png,5,1545,345,2048,727
503,train/zurich/zurich_000059_000019_leftImg8bit.png,4,1606,429,2048,731
504,train/zurich/zurich_000059_000019_leftImg8bit.png,4,1768,447,2048,810
505,train/zurich/zurich_000059_000019_leftImg8bit.png,4,1837,583,2048,837
506,train/zurich/zurich_000059_000019_leftImg8bit.png,5,1617,261,2048,762
507,train/zurich/zurich_000059_000019_leftImg8bit.png,5,1932,411,2048,881
508,train/zurich/zurich_000000_000019_leftImg8bit.png,1,862,395,1178,497
509,train/zurich/zurich_000110_000019_leftImg8bit.png,1,726,411,832,472
510,train/zurich/zurich_000110_000019_leftImg8bit.png,1,669,413,783,480
511,train/zurich/zurich_000110_000019_leftImg8bit.png,1,591,414,746,490
512,train/zurich/zurich_000110_000019_leftImg8bit.png,1,516,417,681,522
513,train/zurich/zurich_000110_000019_leftImg8bit.png,1,225,413,569,560
514,train/zurich/zurich_000110_000019_leftImg8bit.png,1,1165,412,1234,473
515,train/zurich/zurich_000110_000019_leftImg8bit.png,1,1190,406,1278,491
516,train/zurich/zurich_000110_000019_leftImg8bit.png,4,1315,427,1380,539
517,train/zurich/zurich_000012_000019_leftImg8bit.png,1,791,439,879,491
518,train/zurich/zurich_000012_000019_leftImg8bit.png,1,689,448,801,521
519,train/zurich/zurich_000012_000019_leftImg8bit.png,1,491,411,775,660
520,train/zurich/zurich_000012_000019_leftImg8bit.png,1,0,216,633,1024
521,train/zurich/zurich_000012_000019_leftImg8bit.png,1,1151,400,1438,522
522,train/zurich/zurich_000012_000019_leftImg8bit.png,1,869,387,1221,699
523,train/zurich/zurich_000012_000019_leftImg8bit.png,4,1682,503,2031,1024
524,train/zurich/zurich_000090_000019_leftImg8bit.png,1,1172,414,1308,480
525,train/zurich/zurich_000090_000019_leftImg8bit.png,1,1190,433,1306,485
526,train/zurich/zurich_000090_000019_leftImg8bit.png,1,1278,428,1352,494
527,train/zurich/zurich_000090_000019_leftImg8bit.png,1,1313,416,1374,495
528,train/zurich/zurich_000090_000019_leftImg8bit.png,1,1311,403,1481,505
529,train/zurich/zurich_000090_000019_leftImg8bit.png,1,1369,412,1450,500
530,train/zurich/zurich_000090_000019_leftImg8bit.png,1,1389,400,1543,506
531,train/zurich/zurich_000090_000019_leftImg8bit.png,1,1417,334,1965,548
532,train/zurich/zurich_000090_000019_leftImg8bit.png,1,710,384,875,550
533,train/zurich/zurich_000090_000019_leftImg8bit.png,1,632,437,828,584
534,train/zurich/zurich_000090_000019_leftImg8bit.png,0,0,362,77,512
535,train/zurich/zurich_000090_000019_leftImg8bit.png,1,0,456,276,893
536,train/zurich/zurich_000090_000019_leftImg8bit.png,4,335,461,408,583
537,train/zurich/zurich_000090_000019_leftImg8bit.png,4,385,513,437,577
538,train/zurich/zurich_000090_000019_leftImg8bit.png,4,206,491,301,612
539,train/zurich/zurich_000073_000019_leftImg8bit.png,1,0,412,272,921
540,train/zurich/zurich_000073_000019_leftImg8bit.png,1,919,425,988,512
541,train/zurich/zurich_000073_000019_leftImg8bit.png,1,936,406,1125,556
542,train/zurich/zurich_000073_000019_leftImg8bit.png,1,1183,417,1246,470
543,train/zurich/zurich_000069_000019_leftImg8bit.png,1,169,446,362,560
544,train/zurich/zurich_000069_000019_leftImg8bit.png,1,0,399,207,607
545,train/zurich/zurich_000069_000019_leftImg8bit.png,4,629,449,691,548
546,train/zurich/zurich_000069_000019_leftImg8bit.png,1,325,348,657,631
547,train/zurich/zurich_000069_000019_leftImg8bit.png,1,725,389,1122,553
548,train/zurich/zurich_000069_000019_leftImg8bit.png,0,1382,394,1436,446
549,train/zurich/zurich_000069_000019_leftImg8bit.png,5,1211,447,1296,528
550,train/zurich/zurich_000069_000019_leftImg8bit.png,5,1271,392,1371,525
551,train/zurich/zurich_000069_000019_leftImg8bit.png,5,1345,394,1428,525
552,train/zurich/zurich_000069_000019_leftImg8bit.png,5,1426,390,1519,522
553,train/zurich/zurich_000069_000019_leftImg8bit.png,5,1491,372,1642,522
554,train/zurich/zurich_000069_000019_leftImg8bit.png,0,1653,316,1718,593
555,train/zurich/zurich_000069_000019_leftImg8bit.png,1,1737,253,2048,597
556,train/zurich/zurich_000069_000019_leftImg8bit.png,0,1601,286,1774,613
557,train/zurich/zurich_000069_000019_leftImg8bit.png,0,1893,314,2018,609
558,train/zurich/zurich_000069_000019_leftImg8bit.png,1,1956,244,2038,538
559,train/zurich/zurich_000069_000019_leftImg8bit.png,0,1200,355,1282,535
560,train/zurich/zurich_000029_000019_leftImg8bit.png,1,293,442,441,554
561,train/zurich/zurich_000029_000019_leftImg8bit.png,1,69,421,322,581
562,train/zurich/zurich_000029_000019_leftImg8bit.png,1,1,437,103,604
563,train/zurich/zurich_000029_000019_leftImg8bit.png,1,0,554,54,893
564,train/zurich/zurich_000029_000019_leftImg8bit.png,1,1137,426,1198,480
565,train/zurich/zurich_000029_000019_leftImg8bit.png,1,778,433,859,497
566,train/zurich/zurich_000029_000019_leftImg8bit.png,1,725,431,804,510
567,train/zurich/zurich_000029_000019_leftImg8bit.png,1,577,426,754,566
568,train/zurich/zurich_000029_000019_leftImg8bit.png,1,1589,404,1689,515
569,train/zurich/zurich_000029_000019_leftImg8bit.png,1,1652,343,1903,527
570,train/zurich/zurich_000029_000019_leftImg8bit.png,1,1779,391,2048,548
571,train/zurich/zurich_000029_000019_leftImg8bit.png,1,1266,392,1457,564
572,train/zurich/zurich_000017_000019_leftImg8bit.png,0,669,347,785,570
573,train/zurich/zurich_000017_000019_leftImg8bit.png,1,939,361,1073,525
574,train/zurich/zurich_000017_000019_leftImg8bit.png,1,914,418,1072,536
575,train/zurich/zurich_000017_000019_leftImg8bit.png,1,1129,426,1216,477
576,train/zurich/zurich_000017_000019_leftImg8bit.png,5,1512,454,1729,624
577,train/zurich/zurich_000017_000019_leftImg8bit.png,5,1588,431,1880,668
578,train/zurich/zurich_000017_000019_leftImg8bit.png,4,1848,504,2048,723
579,train/zurich/zurich_000026_000019_leftImg8bit.png,1,782,432,839,492
580,train/zurich/zurich_000026_000019_leftImg8bit.png,1,740,430,805,510
581,train/zurich/zurich_000026_000019_leftImg8bit.png,1,679,430,769,519
582,train/zurich/zurich_000026_000019_leftImg8bit.png,1,568,428,729,542
583,train/zurich/zurich_000026_000019_leftImg8bit.png,1,297,429,589,601
584,train/zurich/zurich_000026_000019_leftImg8bit.png,1,0,399,293,719
585,train/zurich/zurich_000026_000019_leftImg8bit.png,4,1308,415,1372,498
586,train/zurich/zurich_000026_000019_leftImg8bit.png,1,1003,371,1229,596
587,train/zurich/zurich_000026_000019_leftImg8bit.png,1,1364,389,1491,554
588,train/zurich/zurich_000026_000019_leftImg8bit.png,1,1436,340,1796,594
589,train/zurich/zurich_000026_000019_leftImg8bit.png,1,1828,380,2048,722
590,train/zurich/zurich_000026_000019_leftImg8bit.png,5,306,455,419,631
591,train/zurich/zurich_000027_000019_leftImg8bit.png,1,1498,363,2048,688
592,train/zurich/zurich_000027_000019_leftImg8bit.png,1,887,414,942,468
593,train/zurich/zurich_000027_000019_leftImg8bit.png,1,799,419,859,472
594,train/zurich/zurich_000027_000019_leftImg8bit.png,1,838,418,922,480
595,train/zurich/zurich_000027_000019_leftImg8bit.png,1,706,423,794,487
596,train/zurich/zurich_000027_000019_leftImg8bit.png,1,0,427,218,681
597,train/zurich/zurich_000018_000019_leftImg8bit.png,0,199,392,277,543
598,train/zurich/zurich_000018_000019_leftImg8bit.png,0,30,378,86,560
599,train/zurich/zurich_000018_000019_leftImg8bit.png,4,1828,404,2018,575
600,train/zurich/zurich_000108_000019_leftImg8bit.png,1,968,467,1091,518
601,train/zurich/zurich_000021_000019_leftImg8bit.png,1,555,397,746,461
602,train/zurich/zurich_000021_000019_leftImg8bit.png,1,576,422,741,490
603,train/zurich/zurich_000021_000019_leftImg8bit.png,1,345,413,446,481
604,train/zurich/zurich_000021_000019_leftImg8bit.png,1,427,424,571,516
605,train/zurich/zurich_000021_000019_leftImg8bit.png,1,972,409,1032,467
606,train/zurich/zurich_000021_000019_leftImg8bit.png,1,1067,370,1211,500
607,train/zurich/zurich_000021_000019_leftImg8bit.png,1,1104,406,1249,515
608,train/zurich/zurich_000021_000019_leftImg8bit.png,1,1309,396,1709,541
609,train/zurich/zurich_000021_000019_leftImg8bit.png,0,1318,318,1442,640
610,train/zurich/zurich_000021_000019_leftImg8bit.png,0,1602,354,1667,545
611,train/zurich/zurich_000021_000019_leftImg8bit.png,0,1512,305,1630,616
612,train/zurich/zurich_000021_000019_leftImg8bit.png,0,1976,411,2048,617
613,train/zurich/zurich_000042_000019_leftImg8bit.png,1,106,466,162,517
614,train/zurich/zurich_000042_000019_leftImg8bit.png,1,134,466,199,520
615,train/zurich/zurich_000042_000019_leftImg8bit.png,0,683,357,833,654
616,train/zurich/zurich_000042_000019_leftImg8bit.png,0,685,387,789,669
617,train/zurich/zurich_000042_000019_leftImg8bit.png,0,826,385,920,648
618,train/zurich/zurich_000042_000019_leftImg8bit.png,0,1077,337,1168,618
619,train/zurich/zurich_000042_000019_leftImg8bit.png,0,976,340,1059,641
620,train/zurich/zurich_000042_000019_leftImg8bit.png,0,1014,443,1093,627
621,train/zurich/zurich_000042_000019_leftImg8bit.png,5,1221,423,1311,537
622,train/zurich/zurich_000042_000019_leftImg8bit.png,0,1172,345,1254,611
623,train/zurich/zurich_000042_000019_leftImg8bit.png,0,1124,348,1229,624
624,train/zurich/zurich_000042_000019_leftImg8bit.png,0,1026,290,1145,648
625,train/zurich/zurich_000042_000019_leftImg8bit.png,0,1300,370,1358,600
626,train/zurich/zurich_000042_000019_leftImg8bit.png,0,1271,349,1374,608
627,train/zurich/zurich_000042_000019_leftImg8bit.png,1,1794,375,1870,458
628,train/zurich/zurich_000042_000019_leftImg8bit.png,1,1341,260,1916,717
629,train/zurich/zurich_000042_000019_leftImg8bit.png,4,620,485,705,548
630,train/zurich/zurich_000042_000019_leftImg8bit.png,4,564,467,654,576
631,train/zurich/zurich_000042_000019_leftImg8bit.png,4,443,512,531,572
632,train/zurich/zurich_000042_000019_leftImg8bit.png,0,575,404,645,518
633,train/zurich/zurich_000042_000019_leftImg8bit.png,0,464,404,529,565
634,train/zurich/zurich_000042_000019_leftImg8bit.png,0,484,398,609,610
635,train/zurich/zurich_000016_000019_leftImg8bit.png,1,0,267,454,581
636,train/zurich/zurich_000016_000019_leftImg8bit.png,1,1189,450,1240,502
637,train/zurich/zurich_000016_000019_leftImg8bit.png,1,1290,438,1406,540
638,train/zurich/zurich_000016_000019_leftImg8bit.png,1,1349,450,1493,570
639,train/zurich/zurich_000016_000019_leftImg8bit.png,1,1414,450,1640,607
640,train/zurich/zurich_000016_000019_leftImg8bit.png,1,1545,452,1879,667
641,train/zurich/zurich_000016_000019_leftImg8bit.png,1,1778,431,2048,790
642,train/zurich/zurich_000016_000019_leftImg8bit.png,4,858,436,914,505
643,train/zurich/zurich_000077_000019_leftImg8bit.png,1,1083,430,1151,486
644,train/zurich/zurich_000077_000019_leftImg8bit.png,0,1675,348,1745,588
645,train/zurich/zurich_000077_000019_leftImg8bit.png,1,973,425,1059,486
646,train/zurich/zurich_000077_000019_leftImg8bit.png,1,110,444,316,534
647,train/zurich/zurich_000077_000019_leftImg8bit.png,1,0,451,71,641
648,train/zurich/zurich_000100_000019_leftImg8bit.png,1,249,383,306,451
649,train/zurich/zurich_000100_000019_leftImg8bit.png,1,293,395,393,449
650,train/zurich/zurich_000100_000019_leftImg8bit.png,1,381,395,499,453
651,train/zurich/zurich_000100_000019_leftImg8bit.png,1,1327,438,1418,489
652,train/zurich/zurich_000100_000019_leftImg8bit.png,1,1411,434,1509,490
653,train/zurich/zurich_000100_000019_leftImg8bit.png,1,1489,410,1612,463
654,train/zurich/zurich_000100_000019_leftImg8bit.png,1,1501,431,1618,491
655,train/zurich/zurich_000100_000019_leftImg8bit.png,1,1782,422,2002,561
656,train/zurich/zurich_000100_000019_leftImg8bit.png,1,921,400,1034,507
657,train/zurich/zurich_000100_000019_leftImg8bit.png,1,0,339,94,500
658,train/zurich/zurich_000062_000019_leftImg8bit.png,0,0,384,70,542
659,train/zurich/zurich_000062_000019_leftImg8bit.png,0,136,334,191,540
660,train/zurich/zurich_000062_000019_leftImg8bit.png,0,93,325,154,546
661,train/zurich/zurich_000062_000019_leftImg8bit.png,1,273,390,544,558
662,train/zurich/zurich_000062_000019_leftImg8bit.png,1,1964,454,2048,518
663,train/zurich/zurich_000062_000019_leftImg8bit.png,0,1826,425,1884,552
664,train/zurich/zurich_000062_000019_leftImg8bit.png,1,1972,482,2048,563
665,train/zurich/zurich_000062_000019_leftImg8bit.png,4,552,437,651,501
666,train/zurich/zurich_000062_000019_leftImg8bit.png,0,632,408,685,514
667,train/zurich/zurich_000062_000019_leftImg8bit.png,0,692,398,761,522
668,train/zurich/zurich_000062_000019_leftImg8bit.png,4,976,455,1100,528
669,train/zurich/zurich_000056_000019_leftImg8bit.png,1,1151,424,1231,511
670,train/zurich/zurich_000056_000019_leftImg8bit.png,1,1171,423,1313,530
671,train/zurich/zurich_000056_000019_leftImg8bit.png,5,1600,396,1813,588
672,train/zurich/zurich_000056_000019_leftImg8bit.png,5,1757,335,1966,637
673,train/zurich/zurich_000056_000019_leftImg8bit.png,5,1963,363,2048,689
674,train/zurich/zurich_000056_000019_leftImg8bit.png,1,482,422,749,672
675,train/zurich/zurich_000056_000019_leftImg8bit.png,1,167,406,629,788
676,train/zurich/zurich_000056_000019_leftImg8bit.png,1,0,322,304,935
677,train/zurich/zurich_000081_000019_leftImg8bit.png,1,1475,387,1592,441
678,train/zurich/zurich_000009_000019_leftImg8bit.png,1,56,454,188,509
679,train/zurich/zurich_000009_000019_leftImg8bit.png,1,965,335,1099,387
680,train/zurich/zurich_000009_000019_leftImg8bit.png,1,775,418,871,522
681,train/zurich/zurich_000009_000019_leftImg8bit.png,1,645,415,833,554
682,train/zurich/zurich_000009_000019_leftImg8bit.png,1,810,383,1241,726
683,train/zurich/zurich_000009_000019_leftImg8bit.png,4,1441,419,1542,604
684,train/zurich/zurich_000009_000019_leftImg8bit.png,4,1592,418,1676,593
685,train/zurich/zurich_000067_000019_leftImg8bit.png,1,522,462,601,521
686,train/zurich/zurich_000067_000019_leftImg8bit.png,1,71,427,270,501
687,train/zurich/zurich_000067_000019_leftImg8bit.png,1,0,414,64,475
688,train/zurich/zurich_000067_000019_leftImg8bit.png,1,0,426,250,587
689,train/zurich/zurich_000067_000019_leftImg8bit.png,1,204,415,487,549
690,train/zurich/zurich_000067_000019_leftImg8bit.png,0,446,372,510,547
691,train/zurich/zurich_000067_000019_leftImg8bit.png,0,138,393,229,650
692,train/zurich/zurich_000067_000019_leftImg8bit.png,0,227,369,333,644
693,train/zurich/zurich_000067_000019_leftImg8bit.png,0,480,379,550,572
694,train/zurich/zurich_000067_000019_leftImg8bit.png,1,725,433,968,518
695,train/zurich/zurich_000067_000019_leftImg8bit.png,1,787,435,905,522
696,train/zurich/zurich_000067_000019_leftImg8bit.png,1,956,409,1058,475
697,train/zurich/zurich_000067_000019_leftImg8bit.png,1,946,434,1070,519
698,train/zurich/zurich_000067_000019_leftImg8bit.png,1,1383,435,1446,499
699,train/zurich/zurich_000067_000019_leftImg8bit.png,1,1228,418,1282,506
700,train/zurich/zurich_000067_000019_leftImg8bit.png,1,1247,394,1402,513
701,train/zurich/zurich_000067_000019_leftImg8bit.png,1,1407,427,1522,511
702,train/zurich/zurich_000067_000019_leftImg8bit.png,0,1474,397,1528,519
703,train/zurich/zurich_000067_000019_leftImg8bit.png,1,1738,404,1854,476
704,train/zurich/zurich_000067_000019_leftImg8bit.png,1,1496,397,1834,548
705,train/zurich/zurich_000067_000019_leftImg8bit.png,1,1733,386,2036,624
706,train/zurich/zurich_000067_000019_leftImg8bit.png,0,1997,325,2048,658
707,train/zurich/zurich_000067_000019_leftImg8bit.png,1,1093,414,1238,517
708,train/zurich/zurich_000049_000019_leftImg8bit.png,1,933,419,1004,513
709,train/zurich/zurich_000049_000019_leftImg8bit.png,1,916,422,988,530
710,train/zurich/zurich_000049_000019_leftImg8bit.png,1,889,426,959,553
711,train/zurich/zurich_000049_000019_leftImg8bit.png,1,819,416,948,580
712,train/zurich/zurich_000049_000019_leftImg8bit.png,1,436,357,888,690
713,train/zurich/zurich_000088_000019_leftImg8bit.png,4,1019,411,1133,478
714,train/zurich/zurich_000088_000019_leftImg8bit.png,1,752,396,847,476
715,train/zurich/zurich_000088_000019_leftImg8bit.png,1,793,363,1033,555
716,train/zurich/zurich_000088_000019_leftImg8bit.png,1,0,377,92,493
717,train/zurich/zurich_000088_000019_leftImg8bit.png,4,92,434,194,496
718,train/zurich/zurich_000025_000019_leftImg8bit.png,1,1382,376,1501,497
719,train/zurich/zurich_000025_000019_leftImg8bit.png,1,1745,315,2048,628
720,train/zurich/zurich_000025_000019_leftImg8bit.png,1,1120,410,1216,496
721,train/zurich/zurich_000025_000019_leftImg8bit.png,4,1447,418,1546,600
722,train/zurich/zurich_000070_000019_leftImg8bit.png,0,118,337,223,607
723,train/zurich/zurich_000070_000019_leftImg8bit.png,1,691,332,793,404
724,train/zurich/zurich_000070_000019_leftImg8bit.png,1,645,372,983,562
725,train/zurich/zurich_000070_000019_leftImg8bit.png,0,1907,339,1961,407
726,train/zurich/zurich_000070_000019_leftImg8bit.png,1,1648,367,1712,452
727,train/zurich/zurich_000070_000019_leftImg8bit.png,1,1507,353,1666,451
728,train/zurich/zurich_000070_000019_leftImg8bit.png,1,1823,369,1933,506
729,train/zurich/zurich_000070_000019_leftImg8bit.png,0,1506,338,1578,519
730,train/zurich/zurich_000070_000019_leftImg8bit.png,0,1584,315,1666,519
731,train/zurich/zurich_000070_000019_leftImg8bit.png,0,1684,410,1869,614
732,train/zurich/zurich_000070_000019_leftImg8bit.png,0,1681,217,1862,791
733,train/zurich/zurich_000070_000019_leftImg8bit.png,0,1889,248,2048,773
734,train/zurich/zurich_000070_000019_leftImg8bit.png,0,394,348,448,492
735,train/zurich/zurich_000091_000019_leftImg8bit.png,2,778,380,1114,509
736,train/zurich/zurich_000091_000019_leftImg8bit.png,5,798,425,867,534
737,train/zurich/zurich_000091_000019_leftImg8bit.png,4,726,447,793,568
738,train/zurich/zurich_000091_000019_leftImg8bit.png,1,1268,367,1506,544
739,train/zurich/zurich_000091_000019_leftImg8bit.png,1,1366,452,1515,537
740,train/zurich/zurich_000091_000019_leftImg8bit.png,1,1466,380,1740,578
741,train/zurich/zurich_000091_000019_leftImg8bit.png,1,1551,282,2048,648
742,train/zurich/zurich_000091_000019_leftImg8bit.png,1,1834,335,2048,645
743,train/zurich/zurich_000091_000019_leftImg8bit.png,4,595,449,662,545
744,train/zurich/zurich_000091_000019_leftImg8bit.png,4,657,437,730,569
745,train/zurich/zurich_000091_000019_leftImg8bit.png,4,1349,456,1416,591
746,train/zurich/zurich_000091_000019_leftImg8bit.png,4,313,455,398,605
747,train/zurich/zurich_000015_000019_leftImg8bit.png,0,1437,331,1586,622
748,train/zurich/zurich_000015_000019_leftImg8bit.png,0,1731,348,1840,508
749,train/zurich/zurich_000015_000019_leftImg8bit.png,1,1680,223,2048,1024
750,train/zurich/zurich_000015_000019_leftImg8bit.png,1,644,351,1495,973
751,train/zurich/zurich_000095_000019_leftImg8bit.png,1,1297,424,1946,644
752,train/zurich/zurich_000095_000019_leftImg8bit.png,1,0,408,929,818
753,train/zurich/zurich_000033_000019_leftImg8bit.png,1,1328,421,1409,485
754,train/zurich/zurich_000033_000019_leftImg8bit.png,1,1857,395,2048,524
755,train/zurich/zurich_000033_000019_leftImg8bit.png,1,1034,422,1110,484
756,train/zurich/zurich_000033_000019_leftImg8bit.png,1,815,434,924,506
757,train/zurich/zurich_000033_000019_leftImg8bit.png,1,960,421,1064,496
758,train/zurich/zurich_000116_000019_leftImg8bit.png,1,951,425,1022,499
759,train/zurich/zurich_000116_000019_leftImg8bit.png,1,899,429,1009,511
760,train/zurich/zurich_000116_000019_leftImg8bit.png,1,720,389,922,557
761,train/zurich/zurich_000116_000019_leftImg8bit.png,1,0,238,361,817
762,train/zurich/zurich_000116_000019_leftImg8bit.png,0,1513,383,1569,509
763,train/zurich/zurich_000116_000019_leftImg8bit.png,4,1591,469,1713,691
764,train/zurich/zurich_000119_000019_leftImg8bit.png,1,1760,343,2048,620
765,train/zurich/zurich_000119_000019_leftImg8bit.png,0,276,419,333,574
766,train/zurich/zurich_000119_000019_leftImg8bit.png,0,164,405,235,578
767,train/zurich/zurich_000119_000019_leftImg8bit.png,3,314,176,843,573
768,train/zurich/zurich_000119_000019_leftImg8bit.png,5,648,391,783,597
769,train/zurich/zurich_000032_000019_leftImg8bit.png,1,560,441,630,493
770,train/zurich/zurich_000032_000019_leftImg8bit.png,1,414,434,510,511
771,train/zurich/zurich_000032_000019_leftImg8bit.png,1,373,446,458,516
772,train/zurich/zurich_000032_000019_leftImg8bit.png,1,302,452,404,526
773,train/zurich/zurich_000032_000019_leftImg8bit.png,1,180,442,315,542
774,train/zurich/zurich_000032_000019_leftImg8bit.png,1,0,449,204,565
775,train/zurich/zurich_000007_000019_leftImg8bit.png,1,883,418,1132,587
776,train/zurich/zurich_000007_000019_leftImg8bit.png,0,0,367,53,506
777,train/zurich/zurich_000007_000019_leftImg8bit.png,1,1330,222,2048,934
778,train/zurich/zurich_000007_000019_leftImg8bit.png,0,127,384,200,495
779,train/zurich/zurich_000020_000019_leftImg8bit.png,1,897,408,1039,499
780,train/zurich/zurich_000020_000019_leftImg8bit.png,1,1002,398,1195,553
781,train/zurich/zurich_000054_000019_leftImg8bit.png,1,811,399,1037,600
782,train/zurich/zurich_000054_000019_leftImg8bit.png,1,604,388,886,678
783,train/zurich/zurich_000054_000019_leftImg8bit.png,1,0,230,667,889
784,train/zurich/zurich_000054_000019_leftImg8bit.png,1,1440,362,1546,480
785,train/zurich/zurich_000054_000019_leftImg8bit.png,1,1446,405,1510,503
786,train/zurich/zurich_000054_000019_leftImg8bit.png,1,1460,401,1559,567
787,train/zurich/zurich_000054_000019_leftImg8bit.png,1,1488,384,1850,635
788,train/zurich/zurich_000044_000019_leftImg8bit.png,1,1238,399,1536,509
789,train/zurich/zurich_000044_000019_leftImg8bit.png,1,938,370,1219,624
790,train/zurich/zurich_000044_000019_leftImg8bit.png,4,1050,468,1183,723
791,train/zurich/zurich_000044_000019_leftImg8bit.png,4,1194,444,1272,698
792,train/zurich/zurich_000044_000019_leftImg8bit.png,4,1160,300,1274,650
793,train/zurich/zurich_000058_000019_leftImg8bit.png,1,858,413,958,504
794,train/zurich/zurich_000058_000019_leftImg8bit.png,1,743,427,858,541
795,train/zurich/zurich_000058_000019_leftImg8bit.png,1,640,432,803,571
796,train/zurich/zurich_000058_000019_leftImg8bit.png,1,477,399,709,629
797,train/zurich/zurich_000058_000019_leftImg8bit.png,1,18,351,580,742
798,train/zurich/zurich_000058_000019_leftImg8bit.png,1,0,583,113,869
799,train/zurich/zurich_000058_000019_leftImg8bit.png,1,1178,410,1267,496
800,train/zurich/zurich_000058_000019_leftImg8bit.png,1,1218,419,1308,518
801,train/zurich/zurich_000058_000019_leftImg8bit.png,1,1255,423,1403,534
802,train/zurich/zurich_000058_000019_leftImg8bit.png,1,1801,394,1970,451
803,train/zurich/zurich_000058_000019_leftImg8bit.png,1,1565,403,2048,785
804,train/zurich/zurich_000058_000019_leftImg8bit.png,1,1965,537,2048,964
805,train/zurich/zurich_000076_000019_leftImg8bit.png,0,1303,365,1355,516
806,train/zurich/zurich_000076_000019_leftImg8bit.png,1,7,415,204,534
807,train/zurich/zurich_000076_000019_leftImg8bit.png,1,983,402,1052,453
808,train/zurich/zurich_000076_000019_leftImg8bit.png,1,921,405,1004,459
809,train/zurich/zurich_000076_000019_leftImg8bit.png,1,856,405,947,470
810,train/zurich/zurich_000076_000019_leftImg8bit.png,1,811,408,883,465
811,train/zurich/zurich_000076_000019_leftImg8bit.png,1,603,413,690,464
812,train/zurich/zurich_000076_000019_leftImg8bit.png,1,400,411,566,502
813,train/zurich/zurich_000076_000019_leftImg8bit.png,1,505,394,978,556
814,train/zurich/zurich_000099_000019_leftImg8bit.png,1,1703,397,2008,504
815,train/zurich/zurich_000103_000019_leftImg8bit.png,2,782,400,886,454
816,train/zurich/zurich_000103_000019_leftImg8bit.png,1,1150,421,1282,492
817,train/zurich/zurich_000103_000019_leftImg8bit.png,1,1232,401,1448,508
818,train/zurich/zurich_000103_000019_leftImg8bit.png,1,1414,351,1813,580
819,train/zurich/zurich_000103_000019_leftImg8bit.png,1,651,424,774,497
820,train/zurich/zurich_000103_000019_leftImg8bit.png,1,457,428,727,509
821,train/zurich/zurich_000010_000019_leftImg8bit.png,1,41,450,311,569
822,train/zurich/zurich_000010_000019_leftImg8bit.png,1,866,409,1107,602
823,train/zurich/zurich_000010_000019_leftImg8bit.png,4,732,482,802,549
824,train/zurich/zurich_000072_000019_leftImg8bit.png,0,1295,382,1403,575
825,train/zurich/zurich_000072_000019_leftImg8bit.png,0,1464,331,1698,613
826,train/zurich/zurich_000072_000019_leftImg8bit.png,0,1575,315,1665,612
827,train/zurich/zurich_000072_000019_leftImg8bit.png,0,989,384,1042,564
828,train/zurich/zurich_000072_000019_leftImg8bit.png,0,1026,374,1095,568
829,train/zurich/zurich_000072_000019_leftImg8bit.png,0,648,384,714,578
830,train/zurich/zurich_000072_000019_leftImg8bit.png,0,679,398,784,581
831,train/zurich/zurich_000072_000019_leftImg8bit.png,0,400,384,467,633
832,train/zurich/zurich_000072_000019_leftImg8bit.png,0,425,372,519,640
833,train/zurich/zurich_000072_000019_leftImg8bit.png,0,314,393,400,636
834,train/zurich/zurich_000072_000019_leftImg8bit.png,0,131,338,296,721
835,train/zurich/zurich_000072_000019_leftImg8bit.png,0,0,322,125,739
836,train/zurich/zurich_000072_000019_leftImg8bit.png,0,133,381,303,758
837,train/zurich/zurich_000072_000019_leftImg8bit.png,0,0,371,155,767
838,train/zurich/zurich_000072_000019_leftImg8bit.png,0,794,344,893,651
839,train/zurich/zurich_000008_000019_leftImg8bit.png,1,1119,430,1200,488
840,train/zurich/zurich_000008_000019_leftImg8bit.png,1,1194,424,1354,544
841,train/zurich/zurich_000008_000019_leftImg8bit.png,1,904,400,1136,586
842,train/zurich/zurich_000038_000019_leftImg8bit.png,5,201,471,255,526
843,train/zurich/zurich_000038_000019_leftImg8bit.png,1,1100,439,1174,494
844,train/zurich/zurich_000038_000019_leftImg8bit.png,1,940,431,1104,557
845,train/zurich/zurich_000038_000019_leftImg8bit.png,1,1449,298,1731,435
846,train/zurich/zurich_000038_000019_leftImg8bit.png,1,1357,392,1884,763
847,train/zurich/zurich_000038_000019_leftImg8bit.png,1,1163,431,1338,558
